brand,model,milage,fuel_type,transmission,ext_col,int_col,accident,clean_title,price,hp,liters,vehicle_age,mileage_per_year
ford,utility police interceptor base,51000,e85 flex fuel,6-speed a/t,black,black,1,1,10300.0,300.0,3.7,13,3642.8571428571427
hyundai,palisade sel,34742,gasoline,8-speed automatic,moonlight cloud,gray,1,1,38005.0,291.0,3.8,5,5790.333333333333
lexus,rx 350 rx 350,22372,gasoline,automatic,blue,black,0,0,54598.0,301.0,3.5,4,4474.4
infiniti,q50 hybrid sport,88900,hybrid,7-speed a/t,black,black,0,1,15500.0,354.0,3.5,11,7408.333333333333
audi,q3 45 s line premium plus,9835,gasoline,8-speed automatic,glacier white metallic,black,0,0,34999.0,333.0,2.0,5,1639.1666666666667
acura,ilx 2.4l,136397,gasoline,f,silver,ebony,0,0,14798.0,279.5,2.4,10,12399.727272727272
audi,s3 2.0t premium plus,84000,gasoline,6-speed a/t,blue,black,0,1,31000.0,292.0,2.0,9,8400.0
bmw,740 il,242000,gasoline,a/t,green,green,0,1,7300.0,282.0,4.4,25,9307.692307692309
lexus,rc 350 f sport,23436,gasoline,6-speed a/t,black,black,0,1,41927.0,311.0,3.5,5,3906.0
tesla,model x long range plus,34000,missing,a/t,black,black,0,1,69950.0,534.0,3.5,6,4857.142857142857
land rover,range sport 3.0 supercharged hst,27608,gasoline,automatic,fuji white,pimento / ebony,0,0,73897.0,380.0,3.0,5,4601.333333333333
aston martin,dbs superleggera,22770,gasoline,8-speed a/t,silver,black,0,1,99175.0,715.0,5.2,7,2846.25
toyota,supra 3.0 premium,12500,gasoline,a/t,yellow,black,0,1,53500.0,382.0,3.0,5,2083.3333333333335
lincoln,aviator reserve awd,18196,gasoline,transmission w/dual shift mode,black,brown,0,1,62000.0,400.0,3.0,4,3639.2
jaguar,f-type,15903,gasoline,automatic,silver,black,0,0,47998.0,340.0,2.0,6,2271.8571428571427
land rover,lr4 hse,79800,gasoline,a/t,white,black,0,1,29990.0,375.0,5.0,13,5700.0
mercedes-benz,metris base,1685,gasoline,9-speed automatic,gray,white,0,1,99175.0,208.0,2.0,5,280.8333333333333
dodge,challenger sxt,61074,gasoline,a/t,black,gray,0,1,16800.0,305.0,3.6,13,4362.428571428572
nissan,350z enthusiast,74000,gasoline,6-speed m/t,purple,–,0,1,11000.0,287.0,3.5,23,3083.3333333333335
jaguar,f-type r,35250,gasoline,8-speed a/t,green,black,0,1,68750.0,550.0,5.0,8,3916.6666666666665
genesis,gv70 3.5t sport,5400,gasoline,8-speed a/t,green,beige,0,0,60000.0,375.0,3.5,3,1350.0
chevrolet,s-10 ls,133510,e85 flex fuel,a/t,blue,black,0,1,4500.0,120.0,2.2,26,4944.814814814815
bmw,440 gran coupe 440i xdrive,25990,gasoline,automatic,white,beige,0,0,38598.0,335.0,3.0,6,3712.8571428571427
ford,f-150 xlt,2823,gasoline,automatic,iconic silver metallic,black,0,1,58504.0,375.0,3.5,3,705.75
chevrolet,suburban rst,52000,gasoline,10-speed a/t,blue,black,0,1,61000.0,355.0,5.3,5,8666.666666666666
hyundai,elantra n base,11650,gasoline,transmission w/dual shift mode,black,black,0,1,32300.0,276.0,2.0,4,2330.0
nissan,sentra sr,96541,gasoline,automatic,blue,black,0,0,13998.0,287.0,1.8,10,8776.454545454546
mercedes-benz,amg cla 45 base 4matic,17500,gasoline,a/t,gray,black,0,1,59995.0,382.0,2.0,5,2916.6666666666665
bmw,650 gran coupe i xdrive,69000,gasoline,8-speed a/t,gray,black,0,1,25700.0,445.0,4.4,11,5750.0
audi,q5 2.0t premium plus,81880,e85 flex fuel,8-speed automatic,mythos black metallic,black,0,1,21375.0,220.0,2.0,9,8188.0
mercedes-benz,amg c 43 base 4matic,28800,gasoline,9-speed a/t,silver,black,0,1,48000.0,362.0,3.0,8,3200.0
dodge,ram 1500 laramie mega cab,300183,gasoline,a/t,silver,gray,1,1,10900.0,345.0,5.7,20,14294.42857142857
bmw,i3 120ah w/range extender,35035,hybrid,automatic,black,black,0,0,24998.0,170.0,0.65,6,5005.0
kia,sorento sx,171000,gasoline,a/t,black,black,0,1,5999.0,276.0,3.5,15,10687.5
lexus,lx 570 base,118700,gasoline,8-speed a/t,black,beige,0,1,46900.0,383.0,5.7,10,10790.90909090909
jeep,new compass trailhawk,119000,gasoline,a/t,red,black,0,1,15900.0,180.0,2.4,9,11900.0
bmw,340 i,44261,gasoline,automatic,gray,black,0,0,33598.0,320.0,3.0,8,4917.888888888889
audi,a4 2.0t premium plus quattro,125575,gasoline,8-speed a/t,silver,black,0,1,8999.0,211.0,2.0,14,8371.666666666666
hyundai,tucson se,16200,gasoline,a/t,gold,beige,0,1,8200.0,173.0,2.7,19,810.0
bmw,z4 sdrive28i,70000,gasoline,a/t,white,beige,1,1,20000.0,240.0,2.0,12,5384.615384615385
bentley,continental gtc base,20200,e85 flex fuel,6-speed a/t,black,black,0,1,79950.0,552.0,6.0,15,1262.5
honda,passport elite,2978,gasoline,automatic,lunar silver metallic,gray,0,0,45498.0,200.5,3.5,3,744.5
dodge,sprinter 2500,189719,diesel,5-speed a/t,white,gray,1,1,14000.0,345.0,3.0,19,9485.95
bmw,m850 i xdrive,9949,gasoline,automatic,blue,black,0,0,75798.0,335.0,4.4,7,1243.625
lucid,air grand touring,3552,missing,1-speed a/t,red,beige,0,1,99175.0,536.0,3.5,4,710.4
audi,a7 premium,54000,gasoline,8-speed a/t,black,brown,1,1,36880.0,310.0,3.0,14,3600.0
chevrolet,silverado 1500 custom trail boss,51351,gasoline,automatic,black,jet black,0,1,43147.0,355.0,5.3,5,8558.5
mini,convertible john cooper works,24280,gasoline,6-speed a/t,black,black,1,1,29000.0,228.0,2.0,9,2428.0
toyota,avalon touring,89148,gasoline,a/t,black,black,0,1,17500.0,268.0,3.5,10,8104.363636363636
porsche,cayenne platinum edition,73043,gasoline,8-speed a/t,white,black,0,1,30990.0,300.0,3.6,9,7304.3
mercedes-benz,amg c 63 s,60000,gasoline,transmission w/dual shift mode,gray,black,1,1,52500.0,503.0,4.0,9,6000.0
honda,cr-v ex-l,73549,gasoline,automatic cvt,mountain air metallic,black,1,0,20848.0,200.5,2.4,10,6686.272727272727
hummer,h2 base,110900,gasoline,a/t,gray,black,0,1,19500.0,325.0,6.0,21,5040.909090909091
porsche,911 carrera s,39000,gasoline,7-speed a/t,blue,black,0,1,73000.0,400.0,3.8,13,2785.714285714286
mercedes-benz,cla-class cla 250,120000,gasoline,transmission w/dual shift mode,black,black,0,1,19800.0,208.0,2.0,10,10909.09090909091
chrysler,300 touring,134602,gasoline,transmission w/dual shift mode,blue,black,0,1,7500.0,250.0,3.5,17,7477.888888888889
nissan,rogue sv,1094,gasoline,automatic cvt,caspian blue,light gray,0,0,30999.0,287.0,1.5,3,273.5
audi,a3 2.0t,83500,gasoline,transmission w/dual shift mode,silver,black,0,1,6500.0,200.0,2.0,16,4911.764705882353
ford,mustang gt premium,37060,gasoline,6-speed m/t,black,black,0,1,28500.0,420.0,5.0,12,2850.769230769231
acura,rl technology,97700,gasoline,transmission w/dual shift mode,blue,beige,0,1,10995.0,300.0,3.7,16,5747.058823529412
volvo,xc90 hybrid t8 r-design,40000,plug-in hybrid,transmission w/dual shift mode,black,black,0,1,42000.0,400.0,2.0,8,4444.444444444444
audi,r8 5.2 v10,8940,gasoline,7-speed automatic with auto-shift,tango red metallic,black,0,0,99175.0,333.0,5.2,8,993.3333333333334
mercedes-benz,glk-class glk 350,186000,gasoline,a/t,black,beige,1,1,10000.0,302.0,3.5,12,14307.692307692309
toyota,c-hr le,13180,gasoline,cvt-f,–,–,0,0,23998.0,270.0,2.0,5,2196.6666666666665
lexus,is 350 base,104000,gasoline,8-speed a/t,black,black,0,1,21000.0,306.0,3.5,12,8000.0
bmw,x4 m40i,8500,hybrid,transmission w/dual shift mode,gray,beige,0,1,67900.0,382.0,3.0,3,2125.0
bmw,m4 cs,19069,gasoline,automatic,alpine white,anthracite,0,0,69998.0,335.0,3.0,7,2383.625
cadillac,ct5 premium luxury,6090,gasoline,a/t,white,beige,0,1,46900.0,237.0,2.0,3,1522.5
lucid,air grand touring,4900,missing,1-speed a/t,red,black,0,1,99000.0,536.0,3.5,4,980.0
audi,a5 2.0t premium plus,47523,gasoline,transmission w/dual shift mode,black,black,0,1,31000.0,248.0,2.0,7,5940.375
chrysler,300c srt8,43000,gasoline,5-speed a/t,silver,black,1,1,19995.0,425.0,6.1,20,2047.6190476190477
bentley,continental gt w12,14684,gasoline,8-speed a/t,white,white,0,1,99175.0,582.0,6.0,9,1468.4
bmw,m4 base,57800,gasoline,transmission w/dual shift mode,black,red,0,1,55999.0,425.0,3.0,7,7225.0
toyota,gr corolla circuit edition,952,gasoline,6-speed m/t,silver,gray,0,1,49950.0,300.0,1.6,3,238.0
audi,rs 5 2.9t,21240,gasoline,8-speed a/t,black,black,1,1,59950.0,444.0,2.9,7,2655.0
porsche,cayenne base,59338,gasoline,transmission w/dual shift mode,black,black,0,1,42499.0,335.0,3.0,7,7417.25
lamborghini,huracan tecnica coupe,255,gasoline,automatic,blu eleos,nero ade,0,0,99175.0,573.0,5.2,3,63.75
maserati,quattroporte s,23230,gasoline,8-speed a/t,black,black,0,1,44999.0,424.0,3.0,7,2903.75
jaguar,xf 35t r-sport,48000,gasoline,a/t,red,black,1,1,30000.0,340.0,3.0,9,4800.0
lexus,es 330 base,41059,gasoline,5-speed a/t,white,beige,0,1,11100.0,225.0,3.3,21,1866.3181818181818
land rover,discovery sport se r-dynamic,21240,gasoline,automatic,white,black,0,0,37998.0,380.0,2.0,6,3034.285714285714
porsche,cayman gts,11500,gasoline,7-speed a/t,silver,–,0,1,72000.0,340.0,3.4,11,958.3333333333334
genesis,g90 3.3t premium,9950,gasoline,8-speed a/t,silver,blue,0,1,53950.0,365.0,3.3,5,1658.3333333333333
volkswagen,golf r 20th anniversary edition,633,gasoline,6-speed m/t,white,black,0,1,47999.0,315.0,2.0,3,158.25
hyundai,sonata hybrid limited,66000,hybrid,a/t,white,gray,1,1,15900.0,199.0,2.4,11,5500.0
audi,rs 7 4.0t prestige,59715,gasoline,a/t,gray,black,1,1,45000.0,560.0,4.0,12,4593.461538461538
bmw,740 li,85252,gasoline,6-speed a/t,black,black,0,1,18500.0,326.0,3.0,14,5683.466666666666
mercedes-benz,gls 450 base 4matic,17900,hybrid,9-speed a/t,black,black,1,1,80000.0,362.0,3.0,6,2557.1428571428573
bmw,m6 base,25500,gasoline,7-speed a/t,white,black,0,1,55000.0,560.0,4.4,10,2318.181818181818
subaru,forester 2.5 x,210703,gasoline,m/t,green,beige,0,0,2300.0,165.0,2.5,22,9161.0
hyundai,elantra n base,3800,gasoline,6-speed m/t,white,black,0,1,34000.0,276.0,2.0,3,950.0
kia,niro plug-in hybrid ex premium,36602,hybrid,6-speed automatic with auto-shift,horizon blue,charcoal,0,1,31995.0,201.0,1.6,4,7320.4
rivian,r1s adventure package,2800,missing,1-speed a/t,white,green,0,1,92000.0,835.0,3.5,3,700.0
aston martin,dbs superleggera,2165,gasoline,8-speed automatic,black,black,0,1,99175.0,715.0,5.2,5,360.8333333333333
mercedes-benz,slc 300 base,33000,gasoline,9-speed a/t,red,black,1,1,29900.0,241.0,2.0,8,3666.6666666666665
bmw,435 gran coupe i,76009,gasoline,8-speed a/t,white,beige,0,1,24950.0,300.0,3.0,10,6909.909090909091
jeep,grand cherokee summit,31349,gasoline,8-speed automatic,granite crystal clearcoat metallic,black,0,0,39366.0,285.0,5.7,6,4478.428571428572
lexus,rc 350 base,48000,gasoline,transmission w/dual shift mode,orange,red,0,1,32900.0,306.0,3.5,11,4000.0
bmw,525 i,91420,gasoline,6-speed a/t,black,black,0,1,8900.0,215.0,2.5,21,4155.454545454545
toyota,corolla le,124756,gasoline,m/t,beige,beige,1,1,4995.0,130.0,1.8,23,5198.166666666667
cadillac,ct5-v blackwing,2415,gasoline,10-speed automatic,rift metallic,gray,0,0,99175.0,401.5,6.2,3,603.75
gmc,acadia slt-1,116226,gasoline,6-speed a/t,black,black,0,1,7900.0,288.0,3.6,14,7748.4
lexus,lc 500 base,37869,gasoline,10-speed automatic,atomic silver,rioja red,0,0,75950.0,471.0,5.0,6,5409.857142857143
bmw,i8 base,41500,plug-in hybrid,transmission w/dual shift mode,white,black,0,1,86000.0,369.0,1.5,7,5187.5
lexus,es 300h base,87001,hybrid,cvt transmission,gold,beige,0,1,17995.0,200.0,2.5,13,6214.357142857143
cadillac,ct5-v v-series,4451,gasoline,automatic,summit white,jet black,1,1,55655.0,401.5,3.0,4,890.2
bmw,540 i xdrive,27158,gasoline,automatic,imperial blue metallic,canberra beige/black,0,0,39998.0,335.0,2.0,6,3879.714285714286
chevrolet,express 1500 work van,139804,gasoline,a/t,white,gray,1,1,14500.0,195.0,4.3,12,10754.153846153846
jeep,gladiator rubicon,27300,gasoline,a/t,green,black,0,1,47500.0,285.0,3.6,4,5460.0
bmw,z4 sdrive28i,36812,gasoline,transmission w/dual shift mode,white,beige,0,1,27000.0,240.0,2.0,12,2831.6923076923076
land rover,lr4 hse lux landmark edition,144000,gasoline,8-speed a/t,black,black,1,1,18000.0,340.0,3.0,10,13090.90909090909
cadillac,xt4 sport,44500,gasoline,9-speed a/t,blue,white,0,1,28900.0,237.0,2.0,7,5562.5
bmw,750 750i xdrive,10917,gasoline,automatic,black,black,0,0,73998.0,335.0,4.4,5,1819.5
bentley,arnage r,8332,gasoline,4-speed a/t,white,beige,0,1,47350.0,400.0,6.75,21,378.72727272727275
lincoln,aviator reserve awd,51247,gasoline,automatic,magnetic gray clearcoat,roast,0,0,47698.0,400.0,3.0,6,7321.0
mercedes-benz,amg gl amg gl 63 4matic,69000,gasoline,transmission w/dual shift mode,black,brown,0,1,36500.0,550.0,5.5,10,6272.727272727273
ram,promaster 3500 high roof,147834,gasoline,6-speed automatic,bright white clearcoat,black,0,1,32662.0,280.0,3.6,5,24639.0
ford,utility police interceptor base,105000,e85 flex fuel,a/t,white,black,1,1,6600.0,300.0,3.7,13,7500.0
audi,a5 2.0t premium,92203,gasoline,transmission w/dual shift mode,red,beige,0,1,9995.0,211.0,2.0,15,5762.6875
nissan,gt-r premium,15600,gasoline,transmission w/dual shift mode,white,black,0,1,69500.0,485.0,3.8,16,917.6470588235294
land rover,range sport 3.0l supercharged hse,104700,gasoline,automatic,fuji white,ivory / ebony,1,0,30775.0,340.0,3.0,8,11633.333333333334
toyota,corolla le,72348,gasoline,a/t,red,gray,1,1,9995.0,132.0,1.8,16,4255.764705882353
rivian,r1s adventure package,2500,missing,a/t,green,white,0,1,94000.0,835.0,3.5,3,625.0
mercedes-benz,c-class c300 4matic,13177,gasoline,automatic,white,silk beige/black,0,0,44798.0,362.0,2.0,4,2635.4
porsche,cayenne e-hybrid s,96000,plug-in hybrid,transmission w/dual shift mode,white,red,1,1,23000.0,416.0,3.0,10,8727.272727272728
chevrolet,express 1500 work van,93009,e85 flex fuel,4-speed automatic,summit white,medium pewter,0,1,22495.0,195.0,5.3,15,5813.0625
infiniti,q70h base,52750,hybrid,7-speed a/t,white,black,1,1,28998.0,360.0,3.5,10,4795.454545454545
audi,a7 premium plus,25361,hybrid,automatic,typhoon gray,black,0,0,49998.0,333.0,3.0,6,3623.0
audi,q7 3.0t premium plus,98527,gasoline,8-speed a/t,black,black,0,0,9995.0,280.0,3.0,11,8210.583333333334
lucid,air pure,1300,missing,a/t,black,gray,0,0,86900.0,620.0,3.5,3,325.0
chrysler,pacifica touring,87305,missing,9-speed a/t,silver,black,0,1,9000.0,283.0,3.6,9,8730.5
audi,tts 2.0t premium plus,72922,gasoline,6-speed a/t,white,black,0,0,25999.0,265.0,2.0,14,4861.466666666666
bmw,650 gran coupe i xdrive,41000,gasoline,8-speed a/t,black,black,0,1,30000.0,445.0,4.4,11,3416.6666666666665
subaru,forester premium,42125,gasoline,automatic cvt,crystal black silica,black,0,1,27899.0,224.0,2.5,5,7020.833333333333
mercedes-benz,amg c amg c 63,62000,gasoline,transmission w/dual shift mode,black,black,0,1,40000.0,469.0,4.0,10,5636.363636363636
land rover,lr3 hse,153843,gasoline,6-speed a/t,red,beige,1,1,9950.0,300.0,4.4,20,7325.857142857143
bmw,x7 xdrive40i,35248,gasoline,automatic,arctic gray metallic,black,0,0,53998.0,335.0,3.0,7,4406.0
ford,transit connect xlt,194454,gasoline,6-speed a/t,white,black,0,1,9888.0,169.0,2.5,11,16204.5
lexus,lx 570 three-row,21000,gasoline,transmission w/dual shift mode,white,black,0,1,89999.0,383.0,5.7,5,3500.0
porsche,911 carrera s,18494,gasoline,7-speed m/t,black,black,0,0,86900.0,400.0,3.8,13,1321.0
dodge,ram 2500 laramie quad cab,218000,gasoline,4-speed a/t,red,gray,0,1,12990.0,330.0,5.7,20,10380.952380952382
nissan,armada sl,67800,gasoline,7-speed a/t,silver,black,1,1,36500.0,400.0,5.6,5,11300.0
porsche,cayman base,79000,gasoline,transmission w/dual shift mode,red,black,1,1,42999.0,275.0,2.7,12,6076.923076923077
mercedes-benz,gle 450 gle 450,24906,hybrid,automatic,selenite grey metallic,black,0,0,63998.0,362.0,3.0,4,4981.2
chevrolet,monte carlo ss,66840,gasoline,a/t,white,gray,1,1,12000.0,303.0,5.3,20,3182.8571428571427
bmw,m5 base,86000,gasoline,transmission w/dual shift mode,blue,white,0,1,32000.0,560.0,4.4,13,6142.857142857143
hyundai,kona n base,654,gasoline,8-speed automatic with auto-shift,ultra black,black,0,1,34599.0,240.0,2.0,3,163.5
chevrolet,monte carlo ss,75000,gasoline,a/t,black,black,0,1,12500.0,240.0,3.8,21,3409.090909090909
land rover,range evoque pure,84000,gasoline,9-speed a/t,beige,black,1,1,22800.0,240.0,2.0,11,7000.0
audi,s7 4.0t premium plus,52500,gasoline,transmission w/dual shift mode,gray,gray,0,1,39999.0,450.0,4.0,9,5250.0
gmc,acadia slt-1,120000,gasoline,6-speed a/t,silver,gray,0,1,7500.0,288.0,3.6,15,7500.0
alfa romeo,romeo stelvio ti sport,18665,gasoline,8-speed automatic,lunare white metallic,ice,0,1,35645.0,280.0,2.0,6,2666.4285714285716
ferrari,ff base,19987,gasoline,7-speed a/t,black,brown,0,1,99175.0,651.0,6.3,10,1817.0
kia,k900 5.0l,36486,gasoline,8-speed a/t,black,beige,1,1,23950.0,420.0,5.0,9,3648.6
ford,e150 xlt,162100,e85 flex fuel,4-speed a/t,black,gray,0,1,12500.0,255.0,5.4,13,11578.57142857143
tesla,model 3 performance,13079,missing,a/t,black,white,0,1,47000.0,455.0,3.5,4,2615.8
toyota,4runner sr5,28377,gasoline,5-speed automatic,silver,gray,0,0,36999.0,270.0,4.0,4,5675.4
subaru,forester base,32744,gasoline,cvt transmission,black,gray,0,1,24000.0,182.0,2.5,6,4677.714285714285
porsche,panamera 2,54000,gasoline,a/t,white,–,1,1,26000.0,300.0,3.6,14,3600.0
toyota,tacoma prerunner,202055,gasoline,a/t,silver,gray,1,1,8500.0,236.0,4.0,18,10634.473684210527
ram,2500 laramie,65000,diesel,6-speed a/t,black,black,0,1,65000.0,370.0,6.7,7,8125.0
kia,sportage nightfall,9686,gasoline,6-speed automatic,hyper red,black,0,1,30990.0,201.0,2.4,4,1937.2
cadillac,dts base,49620,gasoline,a/t,white,gray,0,1,10499.0,275.0,4.6,16,2918.823529411765
toyota,land cruiser base,213000,gasoline,4-speed a/t,white,beige,0,1,26500.0,212.0,4.5,29,7100.0
nissan,gt-r premium,16010,gasoline,a/t,white,black,0,1,99175.0,565.0,3.8,6,2287.1428571428573
lexus,nx 350 f sport handling,820,gasoline,8-speed at,black,black,0,0,51998.0,301.0,2.4,3,205.0
audi,q7 45 premium plus,68000,gasoline,8-speed a/t,blue,black,0,1,36499.0,248.0,2.0,5,11333.333333333334
lexus,lx 470 base,82000,gasoline,a/t,white,beige,0,1,25000.0,230.0,4.7,27,2928.5714285714284
gmc,terrain sle,27352,gasoline,9-speed automatic,summit white,jet black,0,0,27785.0,182.0,1.5,4,5470.4
ford,escape limited,129000,gasoline,a/t,white,gray,1,1,7000.0,171.0,2.5,14,8600.0
lexus,ls 460 l,106731,gasoline,8-speed a/t,white,beige,1,1,30000.0,360.0,4.6,12,8210.076923076924
ford,expedition platinum,34672,gasoline,10-speed a/t,white,white,0,1,45500.0,400.0,3.5,7,4334.0
chevrolet,malibu ltz,55900,gasoline,transmission w/dual shift mode,beige,beige,0,1,8950.0,252.0,3.6,16,3288.235294117647
audi,rs 7 4.0t quattro,3158,gasoline,1-speed automatic,daytona gray pearl effect,black / express red,0,0,99175.0,333.0,4.0,3,789.5
audi,a5 2.0t premium plus,82000,gasoline,8-speed a/t,white,brown,0,1,17000.0,220.0,2.0,11,6833.333333333333
genesis,g70 2.0t,4785,gasoline,automatic,vik black,obsidian black,0,1,42850.0,252.0,2.0,3,1196.25
chevrolet,trailblazer ls,20497,gasoline,9-speed automatic,pacific blue metallic,black,0,0,22999.0,355.0,1.3,5,3416.1666666666665
scion,tc base,177600,gasoline,6-speed a/t,silver,black,1,1,7100.0,180.0,2.5,13,12685.714285714286
lincoln,mkz hybrid base,78568,hybrid,a/t,blue,beige,0,1,15500.0,188.0,2.0,12,6043.692307692308
ford,transit-350 xl,95000,e85 flex fuel,a/t,white,gray,0,1,43000.0,275.0,3.7,8,10555.555555555555
porsche,911 gt2 rs,4529,gasoline,7-speed automatic with auto-shift,black,black,0,1,99175.0,364.5,3.8,8,503.22222222222223
ford,explorer timberline,25240,gasoline,10-speed automatic,gray,ebony,1,0,39951.0,325.0,2.3,5,4206.666666666667
volvo,xc90 3.2,88300,gasoline,a/t,blue,beige,1,1,11500.0,235.0,3.2,15,5518.75
chevrolet,avalanche ltz,98000,e85 flex fuel,6-speed a/t,silver,black,1,1,27499.0,320.0,5.3,13,7000.0
audi,tt rs 2.5t,20675,gasoline,transmission w/dual shift mode,gray,gray,0,1,76000.0,400.0,2.5,8,2297.222222222222
lincoln,navigator l,95000,gasoline,a/t,black,black,0,1,10900.0,300.0,5.4,18,5000.0
hyundai,elantra gls,107000,gasoline,4-speed a/t,blue,blue,1,1,6250.0,138.0,2.0,16,6294.117647058823
audi,sq5 3.0t premium plus,60000,gasoline,transmission w/dual shift mode,black,black,1,1,24700.0,354.0,3.0,10,5454.545454545455
mitsubishi,lancer evolution gsr,33000,gasoline,5-speed m/t,black,black,0,1,34999.0,291.0,2.0,14,2200.0
tesla,model y performance,500,missing,1-speed a/t,black,white,0,1,60000.0,455.0,3.5,3,125.0
mercedes-benz,maybach s s 600,108500,gasoline,7-speed a/t,white,beige,0,1,63500.0,523.0,6.0,10,9863.636363636364
nissan,gt-r premium,37800,gasoline,transmission w/dual shift mode,orange,orange,0,1,99175.0,565.0,3.8,9,3780.0
mercedes-benz,gls 550 base 4matic,74422,gasoline,automatic,obsidian black metallic,gray,0,0,44798.0,449.0,4.7,8,8269.111111111111
chevrolet,blazer premier,55621,gasoline,9-speed automatic,silver ice metallic,jet black,0,0,34562.0,355.0,3.6,7,6952.625
mazda,cx-9 grand touring,46707,gasoline,6-speed automatic,sonic silver metallic,black,1,1,32541.0,273.0,2.5,5,7784.5
ford,expedition max limited,26500,gasoline,a/t,white,beige,0,1,65900.0,440.0,3.5,4,5300.0
nissan,titan xd sv,10001,gasoline,9-speed automatic,black,black,0,1,47214.0,390.0,5.6,6,1428.7142857142858
lexus,lx 570 three-row,19050,gasoline,8-speed a/t,black,beige,0,1,76900.0,383.0,5.7,7,2381.25
chevrolet,traverse premier,52000,gasoline,a/t,white,black,0,1,35800.0,310.0,3.6,6,7428.571428571428
mercedes-benz,sprinter high roof,65000,diesel,7-speed a/t,black,black,1,1,54999.0,188.0,3.0,12,5000.0
bmw,x5 3.0i,140000,gasoline,transmission w/dual shift mode,black,beige,0,1,6730.0,225.0,3.0,22,6086.95652173913
ford,fusion se,75600,gasoline,a/t,blue,black,1,1,14950.0,181.0,1.5,8,8400.0
lincoln,mkz base,117292,gasoline,a/t,beige,beige,0,1,12000.0,240.0,2.0,11,9774.333333333334
ford,gt,1897,gasoline,manual,white,–,0,0,99175.0,325.0,5.4,21,86.22727272727273
genesis,g90 5.0 ultimate,26000,gasoline,transmission w/dual shift mode,white,beige,0,1,33600.0,420.0,5.0,9,2600.0
lexus,lc 500 base,2071,gasoline,automatic,nightfall mica,caramel,0,0,99175.0,471.0,5.0,4,414.2
ford,shelby gt500 base,15629,gasoline,6-speed manual,black,black,0,0,61900.0,760.0,5.8,12,1202.2307692307693
saturn,sky base,15020,gasoline,a/t,silver,red,0,1,18500.0,173.0,2.4,18,790.5263157894736
audi,rs q8 4.0t quattro,11322,gasoline,8-speed automatic,daytona gray pearl effect,black / express red,0,0,99175.0,333.0,4.0,4,2264.4
toyota,land cruiser,50361,gasoline,automatic,silver,black,0,0,65998.0,270.0,5.7,10,4578.272727272727
mercedes-benz,sl-class sl 550,115000,gasoline,transmission w/dual shift mode,black,black,1,1,36000.0,429.0,4.6,13,8214.285714285714
porsche,911 carrera c2s,28500,gasoline,6-speed m/t,silver,black,0,1,63500.0,355.0,3.8,21,1295.4545454545455
mercedes-benz,amg gla 45 base 4matic,51700,gasoline,transmission w/dual shift mode,white,black,0,1,32000.0,375.0,2.0,8,5744.444444444444
ford,taurus x limited,148949,gasoline,a/t,blue,beige,0,1,3900.0,263.0,3.5,18,7839.421052631579
bmw,440 gran coupe i,39300,gasoline,8-speed a/t,white,beige,1,1,31750.0,320.0,3.0,8,4366.666666666667
honda,s2000 cr,82323,gasoline,6-speed m/t,black,black,0,1,28500.0,237.0,2.2,18,4332.789473684211
acura,integra w/a-spec tech package,3574,gasoline,variable,apex blue,orchid,0,0,34998.0,279.5,1.5,3,893.5
ford,excursion limited,109357,gasoline,a/t,green,beige,0,1,12749.0,310.0,6.8,25,4206.038461538462
mercedes-benz,sl-class sl500 roadster,46000,gasoline,a/t,white,gray,0,1,18853.0,302.0,5.0,22,2000.0
mercedes-benz,cls-class cls 550,123112,gasoline,a/t,silver,black,1,1,99175.0,382.0,5.5,19,6155.6
infiniti,g35 sport,37100,gasoline,6-speed m/t,gray,black,0,1,16900.0,306.0,3.5,19,1855.0
volkswagen,golf gti 2.0t s 4-door,89000,gasoline,6-speed m/t,silver,black,0,1,14500.0,210.0,2.0,10,8090.909090909091
dodge,challenger r/t scat pack,1240,gasoline,8-speed automatic,go mango!,black,0,0,53900.0,345.0,6.4,4,248.0
lincoln,navigator l reserve,67073,gasoline,10-speed a/t,black,black,1,1,47999.0,450.0,3.5,7,8384.125
maserati,ghibli s q4,28700,gasoline,8-speed a/t,white,red,0,0,24900.0,404.0,3.0,11,2391.6666666666665
tesla,model x base,8200,missing,a/t,black,black,0,1,93999.0,670.0,3.5,3,2050.0
mercedes-benz,amg g 63 base,41000,gasoline,transmission w/dual shift mode,gray,black,0,1,99175.0,563.0,5.5,8,4555.555555555556
ford,expedition limited,98995,gasoline,automatic,ingot silver metallic,ebony,0,0,34998.0,375.0,3.5,8,10999.444444444445
volkswagen,routan se,123815,gasoline,6-speed a/t,black,gray,0,1,5000.0,283.0,3.6,14,8254.333333333334
bugatti,veyron 16.4 grand sport,6330,gasoline,7-speed automatic with auto-shift,white,white,0,1,99175.0,316.0,8.0,15,395.625
toyota,highlander xle,61341,gasoline,8-speed automatic,midnight black metallic,black,1,0,34084.0,295.0,3.5,6,8763.0
honda,civic lx,96473,gasoline,automatic cvt,black,black,0,0,15599.0,143.0,2.0,10,8770.272727272728
jeep,wrangler unlimited sahara,66107,gasoline,5-speed automatic,black clearcoat,black,0,0,31331.0,285.0,3.6,9,6610.7
land rover,range supercharged,114287,gasoline,6-speed a/t,black,black,0,1,9900.0,400.0,4.2,18,6015.105263157895
acura,ilx 2.0l w/premium package,75000,gasoline,5-speed a/t,gold,beige,0,1,14500.0,150.0,2.0,11,6250.0
bmw,m6 base,45800,gasoline,7-speed a/t,gold,black,0,0,36800.0,560.0,4.4,10,4163.636363636364
polestar,2 launch edition,12172,missing,1-speed automatic,thunder gray,charcoal,0,0,35999.0,316.0,3.5,5,2028.6666666666667
bmw,x6 sdrive35i,70582,gasoline,8-speed a/t,black,white,1,1,35000.0,300.0,3.0,10,6416.545454545455
porsche,cayman s,33088,gasoline,7-speed a/t,black,black,0,1,49750.0,325.0,3.4,12,2545.230769230769
lincoln,corsair grand touring,1850,plug-in hybrid,cvt transmission,silver,beige,0,1,49000.0,266.0,2.5,5,308.3333333333333
cadillac,dts luxury ii,94155,gasoline,4-speed a/t,white,beige,0,1,10500.0,275.0,4.6,18,4955.526315789473
cadillac,ats 3.6l luxury,25000,gasoline,8-speed a/t,red,beige,0,1,17999.0,335.0,3.6,10,2272.7272727272725
gmc,sierra 1500 slt,99500,gasoline,8-speed a/t,gray,black,0,1,27995.0,355.0,5.3,10,9045.454545454546
infiniti,g37 x,158564,gasoline,a/t,blue,beige,0,1,8750.0,328.0,3.7,17,8809.111111111111
ford,transit-350 xlt,20000,gasoline,10-speed a/t,black,black,0,1,78499.0,310.0,3.5,3,5000.0
cadillac,xts luxury,46711,gasoline,6-speed a/t,silver,black,1,1,20850.0,304.0,3.6,8,5190.111111111111
nissan,nv passenger nv3500 hd sl v8,46496,gasoline,a/t,black,gray,0,1,41000.0,375.0,5.6,9,4649.6
mercedes-benz,gls 450 base 4matic,19800,gasoline,9-speed a/t,silver,black,0,1,53800.0,362.0,3.0,7,2475.0
toyota,land cruiser base,175000,gasoline,6-speed a/t,black,beige,1,1,37900.0,381.0,5.7,18,9210.526315789473
toyota,land cruiser base,61500,gasoline,8-speed a/t,white,black,0,1,63500.0,381.0,5.7,10,5590.909090909091
ram,promaster 2500 window van high roof,49750,gasoline,6-speed a/t,black,gray,0,1,65000.0,280.0,3.6,10,4522.727272727273
lamborghini,gallardo base,38800,gasoline,transmission w/dual shift mode,orange,orange,0,1,99175.0,493.0,5.0,19,1940.0
lincoln,mkz base,83765,gasoline,a/t,black,black,0,1,8995.0,263.0,3.5,15,5235.3125
mercedes-benz,eqs 450 4matic,7388,missing,1-speed a/t,gray,beige,0,1,99175.0,355.0,3.5,3,1847.0
lamborghini,huracan tecnica coupe,278,gasoline,automatic,bianco monocerus,nero ade,0,0,99175.0,573.0,5.2,3,69.5
alfa romeo,romeo giulia quadrifoglio,1966,gasoline,8-speed automatic,verde,black,0,0,75900.0,505.0,2.9,4,393.2
chevrolet,trailblazer lt,50648,gasoline,automatic cvt,pacific blue metallic,jet black,0,0,23995.0,355.0,1.2,5,8441.333333333334
toyota,land cruiser base,231500,missing,a/t,white,gray,0,1,29500.0,381.0,5.7,33,6808.823529411765
lamborghini,urus base,13692,gasoline,8-speed a/t,black,red,0,1,99175.0,641.0,4.0,5,2282.0
infiniti,g37 x,60058,gasoline,a/t,white,beige,1,1,15000.0,328.0,3.7,13,4289.857142857143
maserati,levante s,54423,gasoline,8-speed a/t,black,black,0,1,33950.0,424.0,3.0,9,5442.3
toyota,highlander limited,24001,gasoline,8-speed automatic,wind chill pearl,graphite,0,0,47498.0,270.0,3.5,4,4800.2
nissan,armada sl,14735,gasoline,automatic,white,black,0,0,50998.0,395.0,5.6,4,2947.0
audi,q5 premium,2425,hybrid,automatic,mythos black,–,0,0,42998.0,333.0,2.0,3,606.25
ford,shelby gt500 base,2050,gasoline,transmission w/dual shift mode,gray,black,0,1,94999.0,760.0,5.2,4,410.0
lincoln,navigator l reserve,64855,gasoline,10-speed a/t,silver,beige,0,1,46995.0,450.0,3.5,7,8106.875
mercedes-benz,eqs 450+ base,16238,missing,1-speed a/t,white,beige,0,1,62479.0,329.0,3.5,4,3247.6
ram,1500 laramie,18051,gasoline,automatic,patriot blue pearlcoat,black,0,1,47995.0,395.0,5.7,4,3610.2
lincoln,town car base,36524,gasoline,4-speed a/t,black,black,0,1,14900.0,239.0,4.6,22,1588.0
acura,tlx w/a-spec package,14896,gasoline,2,lunar silver metallic,ebony,0,0,39998.0,279.5,2.0,4,2979.2
toyota,camry hybrid le,14048,hybrid,automatic cvt,black,black,0,0,29999.0,208.0,2.5,4,2809.6
honda,cr-v ex,224000,gasoline,m/t,black,gray,0,1,3900.0,160.0,2.4,23,9333.333333333334
mercedes-benz,e-class e 550,80581,gasoline,transmission w/dual shift mode,gray,beige,0,1,26000.0,402.0,4.7,12,6198.538461538462
mazda,mx-5 miata grand touring,81400,gasoline,6-speed m/t,red,–,1,1,11000.0,166.0,2.0,19,4070.0
porsche,718 boxster base,6700,gasoline,7-speed a/t,gray,black,0,1,63000.0,300.0,2.0,7,837.5
ford,transit-350 xlt,143000,gasoline,6-speed a/t,silver,gray,0,1,22500.0,275.0,3.7,11,11916.666666666666
kia,sportage sx turbo,87842,gasoline,6-speed automatic,black cherry,black,0,1,18688.0,201.0,2.0,9,8784.2
infiniti,g37 s sport,116451,gasoline,6-speed m/t,white,gray,0,1,16500.0,328.0,3.7,16,6850.058823529412
nissan,titan xd s,53677,gasoline,7-speed a/t,red,gray,0,1,27900.0,390.0,5.6,7,6709.625
audi,s7 2.9t prestige,12000,hybrid,8-speed a/t,gray,black,0,1,77500.0,444.0,2.9,5,2000.0
land rover,discovery hse,20034,gasoline,automatic,yulong white,tan/ebony,0,0,43998.0,340.0,3.0,7,2504.25
ford,transit-350 xlt,32000,diesel,a/t,black,black,0,1,68000.0,210.0,2.0,6,4571.428571428572
infiniti,q70 3.7,70312,gasoline,7-speed a/t,black,black,0,1,19995.0,330.0,3.7,12,5408.615384615385
jeep,gladiator rubicon,8794,gasoline,a/t,white,black,0,1,54000.0,285.0,3.6,4,1758.8
lincoln,mkx base,156000,gasoline,6-speed a/t,black,black,1,1,5900.0,265.0,3.5,16,9176.470588235294
porsche,911 carrera 4s,25568,gasoline,7-speed manual,red,black,0,1,99175.0,355.0,3.0,6,3652.5714285714284
mercedes-benz,amg c 43 base 4matic,67100,gasoline,transmission w/dual shift mode,gray,black,1,1,34250.0,362.0,3.0,8,7455.555555555556
porsche,cayman base,52000,gasoline,transmission w/dual shift mode,blue,beige,1,1,37000.0,275.0,2.7,12,4000.0
acura,mdx 3.7l advance,137200,gasoline,transmission w/dual shift mode,white,gray,0,1,12000.0,300.0,3.7,15,8575.0
volkswagen,golf r 4-door w/dcc & navigation,36000,gasoline,7-speed a/t,white,black,1,1,32000.0,292.0,2.0,8,4000.0
kia,forte gt-line,15500,gasoline,cvt transmission,white,black,1,1,24500.0,147.0,2.0,3,3875.0
bmw,m8 competition,10906,gasoline,automatic,donington grey metallic,black,0,0,96998.0,617.0,4.4,6,1558.0
lincoln,mkc select,49814,gasoline,6-speed automatic,ruby red metallic tinted clearcoat,cappuccino,0,0,26545.0,310.0,2.0,7,6226.75
bmw,i8 base,846,plug-in hybrid,a/t,white,white,0,1,86999.0,357.0,1.5,11,70.5
toyota,highlander xle,67039,gasoline,8-speed automatic,blue,black,0,0,34645.0,295.0,3.5,5,11173.166666666666
mazda,cx-30 premium package,2636,gasoline,6-speed automatic,platinum quartz metallic,black,0,0,28535.0,184.0,2.5,3,659.0
porsche,cayenne platinum edition,50166,gasoline,8-speed automatic,white,black,1,1,43550.0,300.0,3.6,8,5574.0
lincoln,mkz reserve,37375,gasoline,6-speed a/t,blue,brown,0,1,27500.0,400.0,3.0,9,3737.5
tesla,model 3 standard range plus,21600,missing,a/t,white,black,0,1,31000.0,271.0,3.5,5,3600.0
porsche,718 cayman s,9500,gasoline,7-speed a/t,red,black,1,1,69000.0,350.0,2.5,7,1187.5
chevrolet,corvette base,143095,gasoline,4-speed a/t,red,black,0,1,16000.0,400.0,6.0,21,6504.318181818182
acura,rsx type s,80000,gasoline,6-speed m/t,beige,beige,1,1,8500.0,200.0,2.0,24,3200.0
ferrari,roma base,3000,gasoline,8-speed a/t,blue,brown,0,1,99175.0,611.0,3.9,5,500.0
porsche,cayman s,5856,gasoline,6-speed m/t,black,black,0,1,45000.0,295.0,3.4,19,292.8
rolls-royce,phantom drophead coupe drophead,2958,gasoline,8-speed automatic,yellow,–,0,1,99175.0,563.0,6.8,13,211.28571428571428
audi,sq7 4.0t,28927,gasoline,automatic,matador red metallic,black,0,0,74900.0,333.0,4.0,4,5785.4
mercedes-benz,amg gls 63 4matic,4102,hybrid,9-speed a/t,black,black,0,1,99175.0,603.0,4.0,4,820.4
honda,ridgeline rtl-e,14442,gasoline,9-speed a/t,white,beige,0,1,38500.0,280.0,3.5,5,2407.0
mercedes-benz,clk-class 500 cabriolet,64000,gasoline,7-speed a/t,silver,black,0,1,12995.0,302.0,5.0,21,2909.090909090909
lexus,gx 470 base,154000,gasoline,a/t,white,beige,1,1,10000.0,235.0,4.7,22,6695.652173913043
lexus,nx 200t base,54000,gasoline,6-speed a/t,white,black,0,1,27000.0,235.0,2.0,11,4500.0
dodge,dakota slt quad cab,232492,gasoline,4-speed a/t,silver,gray,1,1,6000.0,210.0,3.7,19,11624.6
maserati,ghibli s q4 gransport,25721,gasoline,8-speed automatic,blu,nero,0,1,52645.0,424.0,3.0,6,3674.4285714285716
land rover,discovery sport se r-dynamic,20927,gasoline,automatic,fuji white,–,0,0,35998.0,380.0,2.0,6,2989.5714285714284
aston martin,dbx base,2353,gasoline,9-speed automatic,green,sahara tan,0,1,99175.0,425.0,4.0,5,392.1666666666667
audi,q3 45 s line premium,9325,gasoline,8-speed automatic,mythos black metallic,black,0,0,33610.0,333.0,2.0,4,1865.0
ford,explorer xlt,61001,gasoline,10-speed automatic,gray,ebony,1,1,28616.0,290.0,2.3,6,8714.42857142857
mercedes-benz,amg glc 63 base 4matic,71962,gasoline,9-speed a/t,white,black,0,1,46900.0,469.0,4.0,8,7995.777777777777
subaru,brz premium,5800,gasoline,6-speed m/t,black,black,0,1,29990.0,228.0,2.4,3,1450.0
bmw,640 i,40080,gasoline,8-speed a/t,black,black,0,1,28499.0,315.0,3.0,10,3643.6363636363635
kia,stinger gt2,57000,gasoline,a/t,black,red,1,1,36500.0,365.0,3.3,6,8142.857142857143
chevrolet,bolt euv premier,7624,missing,1-speed automatic,mosaic black metallic,jet black,0,1,31985.0,200.0,5.3,4,1524.8
subaru,forester 2.5 xt,122000,gasoline,5-speed m/t,gold,black,1,1,9999.0,210.0,2.5,22,5304.347826086957
kia,sportage x-pro,459,gasoline,8-speed automatic,jungle green,black,0,0,36998.0,201.0,2.5,3,114.75
bmw,m4 base,62500,gasoline,7-speed a/t,black,orange,1,1,40500.0,425.0,3.0,10,5681.818181818182
hyundai,equus signature,72000,gasoline,8-speed a/t,silver,black,0,1,17500.0,429.0,5.0,13,5142.857142857143
mercedes-benz,amg e 53 4matic,8375,gasoline,"automatic, 9-spd 9g-tronic",black,black,0,0,69900.0,362.0,3.0,6,1196.4285714285713
bmw,m550 i xdrive,40000,gasoline,transmission w/dual shift mode,blue,black,0,1,53000.0,523.0,4.4,6,5714.285714285715
subaru,impreza wrx sti,77000,gasoline,6-speed m/t,gray,black,1,1,30000.0,305.0,2.5,12,5923.076923076923
mercedes-benz,amg g 63 base,19593,gasoline,automatic,black,black,0,0,99175.0,563.0,4.0,7,2449.125
mazda,mazda6 grand touring,35902,gasoline,6-speed automatic,deep crystal blue mica,black,0,0,22966.0,184.0,2.5,6,5128.857142857143
hyundai,veloster base,800,gasoline,transmission w/dual shift mode,black,gray,0,1,9800.0,132.0,1.6,13,57.142857142857146
bentley,bentayga s,2600,gasoline,8-speed automatic,beluga black,hotspur,0,1,99175.0,552.0,4.0,3,650.0
land rover,defender x-dynamic se,6204,hybrid,automatic,eiger grey,–,0,0,79998.0,380.0,3.0,3,1551.0
kia,telluride sx,69185,gasoline,8-speed automatic,ebony black,gray,0,0,37405.0,291.0,3.8,6,9883.57142857143
maserati,granturismo sport,45000,gasoline,6-speed a/t,black,black,0,1,41900.0,454.0,4.7,11,3750.0
bmw,540 i xdrive,37426,gasoline,automatic,white,black,0,0,39998.0,335.0,2.0,6,5346.571428571428
infiniti,m56 base,137000,gasoline,transmission w/dual shift mode,gray,brown,1,1,8500.0,420.0,5.6,15,8562.5
mazda,mazda3 s grand touring,85000,missing,a/t,black,black,1,1,18500.0,184.0,2.5,10,7727.272727272727
chevrolet,corvette stingray w/1lt,4000,gasoline,8-speed a/t,black,red,1,1,73900.0,490.0,6.2,3,1000.0
audi,q5 s line premium plus,4648,hybrid,automatic,mythos black,black,0,0,47598.0,333.0,2.0,3,1162.0
lexus,gx 460 base,52100,gasoline,6-speed a/t,white,beige,0,1,38000.0,301.0,4.6,8,5788.888888888889
bmw,x1 sdrive28i,50100,gasoline,a/t,brown,beige,0,1,10795.0,240.0,2.0,12,3853.846153846154
alfa romeo,romeo stelvio ti,41000,gasoline,8-speed a/t,white,black,0,1,32400.0,280.0,2.0,6,5857.142857142857
ram,1500 big horn,70968,gasoline,8-speed a/t,black,black,0,1,34000.0,395.0,5.7,5,11828.0
bmw,m4 base,26600,gasoline,a/t,white,–,0,1,53000.0,425.0,3.0,11,2216.6666666666665
tesla,model x long range,15443,missing,1-speed a/t,red,black,0,1,84500.0,670.0,3.5,4,3088.6
volvo,s90 t5 momentum,95000,gasoline,8-speed a/t,white,beige,0,1,18000.0,250.0,2.0,8,10555.555555555555
subaru,impreza wrx sti,94000,gasoline,6-speed m/t,black,blue,0,1,19500.0,300.0,2.5,21,4272.727272727273
bmw,x6 xdrive40i,45076,gasoline,automatic,blue,black,0,0,57998.0,335.0,3.0,6,6439.428571428572
cadillac,cts 2.0l turbo luxury,110000,gasoline,a/t,gold,beige,0,1,11000.0,272.0,2.0,12,8461.538461538461
land rover,discovery sport hse,49083,gasoline,9-speed automatic,indus silver,ebony,0,0,21590.0,380.0,2.0,10,4462.090909090909
genesis,g90 5.0 ultimate,63500,gasoline,transmission w/dual shift mode,silver,black,0,1,27500.0,420.0,5.0,9,6350.0
mercedes-benz,clk-class clk 350,21500,gasoline,a/t,black,black,1,1,18000.0,268.0,3.5,17,1194.4444444444443
land rover,range autobiography,324,gasoline,automatic,black,blk,0,0,99175.0,380.0,4.4,3,81.0
kia,optima ex,68166,gasoline,automatic,ebony black,black,0,0,20818.0,196.0,1.6,7,8520.75
toyota,highlander se,53607,gasoline,8-speed automatic,midnight black metallic,black,1,0,31853.0,295.0,3.5,8,5956.333333333333
mercedes-benz,sprinter 4500 high roof,16813,diesel,transmission w/dual shift mode,gray,black,0,0,45900.0,188.0,3.0,7,2101.625
bmw,x1 xdrive28i,18200,gasoline,a/t,white,beige,1,1,29500.0,228.0,2.0,6,2600.0
audi,r8 5.2,51000,gasoline,transmission w/dual shift mode,white,black,1,1,99175.0,550.0,5.2,11,4250.0
audi,s3 2.0t tech premium plus,16400,gasoline,a/t,blue,red,0,1,42800.0,292.0,2.0,8,1822.2222222222222
toyota,tundra hybrid trd pro,7000,hybrid,10-speed a/t,orange,–,0,1,75500.0,437.0,3.4,4,1400.0
audi,sq5 3.0t premium plus,8497,gasoline,automatic,ibis white,black,0,0,52900.0,354.0,3.0,4,1699.4
audi,a6 2.0t premium plus,68000,gasoline,transmission w/dual shift mode,white,black,1,1,20000.0,252.0,2.0,10,6181.818181818182
lamborghini,huracan evo base,2523,gasoline,7-speed manual,bianco icarus metallic,nero ade,0,0,99175.0,573.0,5.2,4,504.6
bmw,328 xi,83000,gasoline,6-speed a/t,black,brown,0,1,8995.0,230.0,3.0,19,4150.0
audi,sq5 3.0t prestige,25000,gasoline,8-speed a/t,gray,black,0,1,50000.0,354.0,3.0,8,2777.777777777778
cadillac,escalade sport platinum,15689,diesel,10-speed automatic,infrared tintcoat,jet black,0,0,97952.0,420.0,3.0,5,2614.8333333333335
bmw,m235 i,125450,gasoline,6-speed m/t,blue,black,0,1,17200.0,320.0,3.0,12,9650.0
kia,telluride sx,9822,gasoline,8-speed automatic,midnight black,gray,0,0,50998.0,291.0,3.8,3,2455.5
chevrolet,express 3500 base,144000,gasoline,a/t,white,gray,0,1,22000.0,323.0,6.0,18,7578.9473684210525
gmc,acadia sle,30900,gasoline,9-speed automatic,summit white,jet black,0,1,27654.0,269.0,2.5,6,4414.285714285715
bmw,x3 xdrive30i,2492,gasoline,automatic,phytonic blue metallic,canberra beige/black,0,0,41598.0,248.0,2.0,5,415.3333333333333
audi,tt 2.0t,126760,gasoline,a/t,black,black,1,1,14000.0,211.0,2.0,11,10563.333333333334
subaru,outback 3.6r touring,100680,gasoline,a/t,brown,–,0,1,20500.0,256.0,3.6,9,10068.0
mitsubishi,eclipse spyder gs,90400,gasoline,a/t,red,–,0,1,4495.0,140.0,2.4,25,3476.923076923077
hyundai,santa fe sel,26895,gasoline,8-speed automatic,quartz white,black,0,0,29800.0,191.0,2.5,4,5379.0
bmw,m5 base,20500,gasoline,8-speed a/t,silver,black,0,1,67000.0,600.0,4.4,8,2277.777777777778
dodge,ram 1500 st,134000,gasoline,a/t,black,gray,1,1,10500.0,390.0,5.7,15,8375.0
ford,fusion energi titanium,84352,plug-in hybrid,cvt transmission,blue,black,1,1,10000.0,188.0,2.0,11,7029.333333333333
toyota,tundra hybrid trd pro,19000,hybrid,10-speed a/t,orange,black,0,1,71000.0,437.0,3.4,4,3800.0
land rover,range evoque pure,115550,gasoline,9-speed a/t,white,black,0,1,17500.0,240.0,2.0,11,9629.166666666666
lincoln,navigator base,191775,e85 flex fuel,6-speed a/t,white,beige,1,1,9750.0,310.0,5.4,17,10654.166666666666
ford,mustang mach-e select,923,missing,automatic,rapid red metallic tinted clearcoat,black onyx,0,0,46998.0,266.0,3.5,3,230.75
mercedes-benz,sprinter 3500 high roof,124630,diesel,5-speed a/t,black,black,0,1,75000.0,188.0,3.0,9,12463.0
mercedes-benz,amg e 63 s 4matic,17000,gasoline,9-speed a/t,white,brown,0,1,95000.0,603.0,4.0,7,2125.0
bmw,440 i xdrive,73500,gasoline,a/t,black,blue,0,1,32000.0,320.0,3.0,8,8166.666666666667
acura,integra ls,120000,gasoline,4-speed a/t,red,–,1,1,5500.0,140.0,1.8,28,4137.931034482759
audi,q7 55 prestige,73837,gasoline,8-speed automatic,cobra beige metallic,nougat brown,0,1,36340.0,329.0,3.0,7,9229.625
bmw,m6 base,29500,gasoline,transmission w/dual shift mode,silver,black,0,1,40999.0,560.0,4.4,12,2269.230769230769
volkswagen,arteon 2.0t se,13613,gasoline,automatic,pure white,titan black,0,0,29798.0,200.0,2.0,5,2268.8333333333335
lexus,lx 600 f sport,1185,gasoline,10-speed a/t,black,black,0,1,99175.0,409.0,3.4,3,296.25
infiniti,q40 base,143250,gasoline,transmission w/dual shift mode,silver,black,0,1,11500.0,328.0,3.7,11,11937.5
bmw,z4 3.0i roadster,46508,gasoline,transmission w/dual shift mode,green,beige,1,1,11500.0,215.0,3.0,20,2214.6666666666665
bmw,m6 base,18651,gasoline,transmission w/dual shift mode,red,black,0,1,59549.0,560.0,4.4,11,1554.25
bmw,x3 m40i,36438,gasoline,automatic,alpine white,oyster w/contrast,0,0,39998.0,382.0,3.0,7,4554.75
kia,sorento lx,46628,gasoline,6-speed automatic,snow white pearl,beige,0,0,15363.0,191.0,2.4,12,3586.769230769231
rivian,r1s adventure package,5700,missing,1-speed a/t,gray,white,0,1,95000.0,835.0,3.5,3,1425.0
bmw,z4 sdrive28i,57550,gasoline,6-speed m/t,black,white,0,1,29995.0,240.0,2.0,11,4795.833333333333
cadillac,cts-v base,48600,gasoline,transmission w/dual shift mode,black,black,0,1,60999.0,640.0,6.2,9,4860.0
ford,transit connect xl,119000,gasoline,a/t,white,black,0,1,18000.0,169.0,2.5,6,17000.0
land rover,range velar svautobiography dynamic edition,36500,gasoline,transmission w/dual shift mode,white,red,0,1,72000.0,550.0,5.0,6,5214.285714285715
lexus,is 250 base,121250,gasoline,6-speed a/t,black,white,1,1,13250.0,204.0,2.5,16,7132.35294117647
bmw,x7 xdrive40i,2437,hybrid,transmission w/dual shift mode,gray,black,0,1,78350.0,375.0,3.0,3,609.25
volvo,xc90 t6 momentum,110380,gasoline,a/t,gray,beige,1,1,22000.0,316.0,2.0,8,12264.444444444445
hyundai,tucson limited,149000,gasoline,4-speed a/t,black,gray,0,1,3850.0,173.0,2.7,18,7842.105263157895
dodge,durango gt,14684,gasoline,8-speed automatic,db black clearcoat,black,0,0,37995.0,295.0,3.6,5,2447.3333333333335
mercedes-benz,amg c 43 base 4matic,39000,gasoline,9-speed a/t,white,black,1,1,39000.0,362.0,3.0,9,3900.0
gmc,yukon xl slt,65212,gasoline,automatic,summit white,jet black,0,1,42995.0,355.0,5.3,7,8151.5
audi,rs q8 4.0t,41856,gasoline,transmission w/dual shift mode,gray,black,0,1,91500.0,591.0,4.0,6,5979.428571428572
rivian,r1s adventure package,655,missing,1-speed a/t,red,silver,0,1,94500.0,835.0,3.5,3,163.75
toyota,rav4 hybrid xle,54000,hybrid,cvt transmission,gray,gray,0,1,33000.0,219.0,2.5,7,6750.0
alfa romeo,romeo stelvio quadrifoglio,26500,gasoline,8-speed a/t,gray,black,0,1,53900.0,505.0,2.9,7,3312.5
land rover,range evoque se,38356,gasoline,automatic,firenze red metallic,ebony,0,0,36598.0,240.0,2.0,6,5479.428571428572
alfa romeo,romeo stelvio ti sport,21487,gasoline,8-speed automatic,anodized blue metallic,ice,0,1,35345.0,280.0,2.0,6,3069.5714285714284
cadillac,escalade ext base,99000,gasoline,6-speed a/t,black,black,0,1,22999.0,403.0,6.2,19,4950.0
ford,f-250 lariat,35597,e85 flex fuel,6-speed automatic,black,black,0,0,47756.0,440.0,6.2,7,4449.625
nissan,350z enthusiast,130307,gasoline,5-speed a/t,blue,black,0,1,9950.0,287.0,3.5,21,5923.045454545455
subaru,legacy 2.5 i premium,178000,gasoline,a/t,blue,black,0,1,7600.0,170.0,2.5,16,10470.588235294117
honda,civic lx,160265,gasoline,a/t,white,gray,1,1,3000.0,115.0,1.7,23,6677.708333333333
mclaren,570s spider,8700,gasoline,transmission w/dual shift mode,black,black,0,1,99175.0,562.0,3.8,6,1242.857142857143
maserati,ghibli s q4,1000,gasoline,transmission w/dual shift mode,gray,red,0,1,36000.0,404.0,3.0,10,90.9090909090909
jeep,wagoneer series ii 4x4,29800,gasoline,"automatic, 8-spd",–,–,0,0,58900.0,285.0,5.7,4,5960.0
maserati,ghibli s q4,49750,gasoline,transmission w/dual shift mode,white,red,0,1,27995.0,404.0,3.0,9,4975.0
lexus,rx 300 base,121000,gasoline,a/t,silver,black,0,1,6348.0,220.0,3.0,24,4840.0
lincoln,aviator luxury,140000,gasoline,a/t,black,beige,0,1,2000.0,302.0,4.6,21,6363.636363636364
ford,transit connect xl,66770,e85 flex fuel,6-speed a/t,red,–,0,0,21500.0,169.0,2.5,8,7418.888888888889
cadillac,srx luxury collection,61549,gasoline,automatic,red,ebony,1,0,19998.0,308.0,3.6,10,5595.363636363636
lincoln,mks ecoboost,38100,gasoline,a/t,silver,beige,0,1,21000.0,365.0,3.5,10,3463.6363636363635
toyota,yaris base,138071,gasoline,5-speed m/t,red,gray,0,1,5000.0,106.0,1.5,16,8121.823529411765
mercedes-benz,amg e 63 s 4matic,40000,gasoline,transmission w/dual shift mode,black,black,1,1,72000.0,603.0,4.0,7,5000.0
mercedes-benz,gls 450 base,41545,hybrid,automatic,manufaktur diamond white bright,macchiato beige/black,0,0,71998.0,362.0,3.0,4,8309.0
mercedes-benz,g-class g 550 4matic,47850,gasoline,a/t,white,black,1,1,99175.0,416.0,4.0,7,5981.25
hyundai,veloster turbo r-spec,128000,gasoline,6-speed m/t,blue,red,0,1,11000.0,201.0,1.6,12,9846.153846153846
toyota,4runner limited,48156,gasoline,5-speed automatic,midnight black metallic,sand beige,0,0,40368.0,270.0,4.0,7,6019.5
mercedes-benz,s-class s 580 4matic,4700,hybrid,9-speed a/t,black,black,0,1,99175.0,496.0,4.0,5,783.3333333333334
audi,rs 7 4.0t performance prestige,39071,gasoline,8-speed automatic,white,black,0,0,67900.0,605.0,4.0,9,3907.1
mazda,mx-5 miata base,96680,gasoline,5-speed m/t,green,beige,1,1,12900.0,140.0,1.8,27,3452.8571428571427
mercedes-benz,amg c 43 base,53500,gasoline,9-speed a/t,white,brown,1,1,33999.0,362.0,3.0,9,5350.0
chevrolet,corvette z06,11025,gasoline,6-speed m/t,orange,black,0,1,47500.0,505.0,7.0,19,551.25
ford,f-250 king ranch,44000,diesel,10-speed a/t,white,brown,1,1,73000.0,475.0,6.7,5,7333.333333333333
volkswagen,tiguan 2.0t se,11000,gasoline,a/t,blue,white,0,1,27900.0,184.0,2.0,4,2200.0
bmw,750 li xdrive,103000,gasoline,6-speed a/t,black,black,0,1,16000.0,407.0,4.4,14,6866.666666666667
bmw,m3 cs,456,gasoline,transmission w/dual shift mode,black,black,0,1,99175.0,543.0,3.0,2,152.0
lexus,gx 460 base,64000,gasoline,6-speed a/t,red,brown,0,1,37300.0,301.0,4.6,8,7111.111111111111
audi,q7 3.0t premium,108000,gasoline,8-speed a/t,gray,brown,0,1,25999.0,333.0,3.0,9,10800.0
alfa romeo,romeo stelvio ti sport,37045,gasoline,transmission w/dual shift mode,white,red,1,1,26600.0,280.0,2.0,8,4116.111111111111
land rover,defender x,5433,hybrid,automatic,santorin black,black,0,0,95998.0,380.0,3.0,3,1358.25
bmw,750 i xdrive,28744,gasoline,automatic,black,black,0,0,50998.0,445.0,4.4,7,3593.0
bmw,m3 base,65800,gasoline,transmission w/dual shift mode,white,red,0,1,44950.0,425.0,3.0,11,5483.333333333333
rolls-royce,ghost base,850,gasoline,a/t,white,white,0,1,99175.0,563.0,6.7,5,141.66666666666666
audi,e-tron prestige,33012,missing,1-speed a/t,blue,beige,0,1,38000.0,355.0,3.0,7,4126.5
lexus,is 250 base,107818,gasoline,6-speed a/t,gray,beige,1,1,11400.0,204.0,2.5,15,6738.625
land rover,range evoque se premium,79500,gasoline,9-speed a/t,white,black,0,1,19000.0,240.0,2.0,10,7227.272727272727
ferrari,california t,20000,gasoline,7-speed a/t,red,brown,1,1,99175.0,553.0,3.9,11,1666.6666666666667
lexus,lc 500 base,37000,gasoline,10-speed a/t,black,red,0,1,63997.0,471.0,5.0,8,4111.111111111111
kia,ev6 wind,11945,missing,automatic,glacier,black,0,0,38998.0,201.0,2.4,4,2389.0
gmc,sierra 1500 sle crew cab,131800,gasoline,4-speed a/t,silver,gray,1,1,5800.0,295.0,5.3,21,5990.909090909091
lexus,es 350 base,146000,gasoline,a/t,red,beige,0,1,8995.0,272.0,3.5,18,7684.210526315789
nissan,370z nismo,29000,gasoline,m/t,silver,–,0,1,29000.0,350.0,3.7,16,1705.8823529411766
dodge,ram 1500 laramie,141209,gasoline,a/t,black,black,0,1,5700.0,345.0,5.7,22,6139.521739130435
ford,expedition limited,85253,gasoline,a/t,white,beige,0,1,19995.0,365.0,3.5,10,7750.272727272727
infiniti,qx70 base,87009,gasoline,a/t,gray,black,0,1,17800.0,325.0,3.7,11,7250.75
bmw,x5 m base,4348,gasoline,8-speed automatic,alpine white,black,0,0,99175.0,555.0,4.4,3,1087.0
lincoln,navigator select,158000,gasoline,transmission w/dual shift mode,red,beige,0,1,19780.0,380.0,3.5,10,14363.636363636364
volvo,v60 cross country t5,10500,gasoline,8-speed a/t,white,black,0,1,36000.0,250.0,2.0,6,1500.0
audi,a7 3.0t premium plus,45843,gasoline,a/t,silver,black,0,1,37000.0,340.0,3.0,8,5093.666666666667
ford,bronco sport outer banks,15198,gasoline,8-speed automatic,blue,navy pier,0,1,31621.0,325.0,1.5,5,2533.0
volkswagen,eurovan mv,220000,gasoline,a/t,silver,–,0,1,5500.0,140.0,2.8,25,8461.538461538461
jaguar,f-type r,58000,gasoline,a/t,black,black,0,1,51500.0,550.0,5.0,9,5800.0
land rover,range evoque r-dynamic hse,30424,hybrid,automatic,silver,black,0,0,44998.0,380.0,2.0,6,4346.285714285715
ram,1500 laramie,38012,gasoline,8-speed automatic,delmonico red pearlcoat,black,0,1,45277.0,395.0,5.7,5,6335.333333333333
rivian,r1s adventure package,2500,missing,a/t,gray,gray,0,1,91000.0,835.0,3.5,3,625.0
bmw,m760 i xdrive,11078,gasoline,"automatic, 8-spd sport w/sport & manual modes",black,white,0,0,91900.0,601.0,6.6,5,1846.3333333333333
lexus,lx 570 three-row,50000,gasoline,a/t,white,black,0,1,65000.0,383.0,5.7,8,5555.555555555556
land rover,range velar p250 se r-dynamic,58000,gasoline,a/t,white,black,0,1,38000.0,247.0,2.0,7,7250.0
acura,mdx w/technology package,3415,gasoline,f,white,parchment,0,0,54998.0,279.5,3.5,3,853.75
lexus,lc 500 base,61000,gasoline,transmission w/dual shift mode,black,black,0,1,65000.0,471.0,5.0,8,6777.777777777777
audi,sq5 3.0t prestige,48500,gasoline,transmission w/dual shift mode,gray,black,1,1,43500.0,349.0,3.0,7,6062.5
land rover,range velar p250 se r-dynamic,65680,gasoline,a/t,silver,black,1,1,34900.0,247.0,2.0,8,7297.777777777777
ram,1500 limited,44362,gasoline,8-speed automatic,bright white clearcoat,black,0,1,50658.0,395.0,5.7,6,6337.428571428572
audi,s4 3.0t premium,18603,gasoline,8-speed automatic,brilliant black,black,0,0,42900.0,349.0,3.0,7,2325.375
audi,a8 4.0,35999,hybrid,automatic,mythos black metallic,sarder brown,0,0,59598.0,333.0,4.0,6,5142.714285714285
cadillac,escalade esv sport,8044,gasoline,transmission w/dual shift mode,black,beige,0,1,93000.0,420.0,6.2,5,1340.6666666666667
mercedes-benz,amg gt amg gt s,9738,gasoline,7-speed a/t,red,black,0,1,85500.0,503.0,4.0,10,885.2727272727273
bmw,m3 base,112000,gasoline,transmission w/dual shift mode,gray,black,1,1,28000.0,420.0,4.0,17,6222.222222222223
honda,accord ex-l,167300,gasoline,5-speed a/t,silver,black,0,1,6250.0,190.0,2.4,17,9294.444444444445
rolls-royce,cullinan,115,gasoline,8-speed automatic,–,grace white,0,1,99175.0,563.0,6.7,4,23.0
cadillac,escalade premium,71000,gasoline,6-speed a/t,black,brown,1,1,35999.0,420.0,6.2,11,5916.666666666667
acura,rdx technology package,31015,gasoline,10-speed automatic,silver,ebony,0,1,36570.0,279.5,2.0,6,4430.714285714285
bmw,x2 xdrive28i,33000,gasoline,transmission w/dual shift mode,orange,black,0,1,29999.0,228.0,2.0,4,6600.0
chrysler,pacifica touring,63000,missing,9-speed a/t,white,beige,0,1,20000.0,283.0,3.6,9,6300.0
buick,verano convenience,68325,e85 flex fuel,transmission w/dual shift mode,silver,gray,0,1,11995.0,180.0,2.4,13,4880.357142857143
mercedes-benz,amg s 63 base 4matic,20937,gasoline,9-speed automatic,magnetite black metallic,black,0,0,99175.0,577.0,4.0,6,2991.0
ram,2500 tradesman,34365,gasoline,8-speed a/t,gray,gray,1,1,48000.0,410.0,6.4,5,5727.5
mercedes-benz,metris base,32000,gasoline,transmission w/dual shift mode,black,black,0,1,44900.0,208.0,2.0,8,3555.5555555555557
land rover,range evoque s,40237,gasoline,automatic,carpathian grey premium metallic,cloud,0,0,36998.0,246.0,2.0,6,5748.142857142857
volvo,xc90 t6 inscription,22500,gasoline,a/t,black,white,0,1,50000.0,316.0,2.0,6,3214.285714285714
ford,expedition king ranch,58700,gasoline,10-speed a/t,black,brown,1,1,48999.0,375.0,3.5,6,8385.714285714286
toyota,highlander hybrid limited,264893,hybrid,a/t,gold,beige,1,1,5000.0,208.0,3.3,20,12613.952380952382
toyota,tundra sr5 access cab,209500,gasoline,5-speed a/t,blue,gray,0,1,8500.0,282.0,4.7,21,9522.727272727272
ford,transit-350 base,195,gasoline,10-speed a/t,blue,gray,0,1,87500.0,310.0,3.5,3,48.75
chevrolet,express 3500 lt,120000,diesel,6-speed a/t,white,gray,0,1,19500.0,260.0,6.6,10,10909.09090909091
chevrolet,bolt euv premier,14676,missing,a/t,black,blue,0,1,33000.0,200.0,5.3,4,2935.2
jeep,wrangler unlimited 4xe sahara,33704,hybrid,8-speed automatic,bright white clearcoat,black,0,0,42998.0,375.0,2.0,5,5617.333333333333
bmw,x7 xdrive40i,2950,hybrid,8-speed a/t,black,brown,0,1,87000.0,375.0,3.0,3,737.5
mercedes-benz,amg gt 53 base,17994,gasoline,9-speed automatic,–,–,0,1,87500.0,429.0,3.0,5,2999.0
toyota,tundra limited,44101,gasoline,6-speed automatic,gray,black,0,1,45423.0,385.0,5.7,6,6300.142857142857
bmw,x1 xdrive28i,25918,gasoline,transmission w/dual shift mode,gray,black,0,1,32000.0,228.0,2.0,5,4319.666666666667
bmw,135 i,87000,gasoline,a/t,white,beige,0,1,15300.0,300.0,3.0,18,4578.9473684210525
mazda,mazda3 touring,28333,gasoline,transmission w/dual shift mode,blue,black,0,1,20500.0,184.0,2.5,8,3148.1111111111113
audi,a7 3.0t premium plus,29294,gasoline,a/t,white,beige,0,1,39999.0,340.0,3.0,8,3254.8888888888887
saturn,sky red line,37000,gasoline,a/t,blue,black,0,1,14995.0,260.0,2.0,18,1947.3684210526317
bmw,z4 2.5i roadster,138000,gasoline,5-speed a/t,white,beige,0,1,9950.0,184.0,2.5,21,6272.727272727273
volvo,xc90 hybrid t8 inscription,44487,plug-in hybrid,8-speed a/t,blue,brown,0,1,65000.0,400.0,2.0,6,6355.285714285715
acura,tlx a-spec,16878,gasoline,10-speed automatic,red,ebony,0,1,38781.0,206.0,2.0,5,2813.0
acura,mdx w/technology package,30177,gasoline,2,majestic black pearl,espresso,0,0,46598.0,279.5,3.5,4,6035.4
chevrolet,tahoe high country,53000,gasoline,10-speed a/t,black,black,1,1,67100.0,420.0,6.2,5,8833.333333333334
tesla,model y long range,61308,missing,a/t,white,white,0,1,42000.0,425.0,3.5,5,10218.0
mercedes-benz,glk-class glk 350,99200,gasoline,a/t,silver,black,0,0,11495.0,302.0,3.5,13,7085.714285714285
chevrolet,traverse ls,32117,gasoline,automatic,northsky blue metallic,jet black,0,0,33299.0,355.0,3.6,4,6423.4
bmw,550 gran turismo i,79341,gasoline,a/t,gold,brown,0,1,16800.0,445.0,4.4,13,5667.214285714285
land rover,range sport hse,220000,gasoline,a/t,white,beige,0,1,5750.0,300.0,4.4,19,11000.0
bmw,430 i xdrive,16900,gasoline,8-speed a/t,blue,white,0,1,43000.0,255.0,2.0,5,2816.6666666666665
porsche,cayman base,75137,gasoline,m/t,black,gray,1,1,24999.0,245.0,2.7,19,3756.85
ford,expedition max king ranch,37594,gasoline,10-speed automatic,black,mesa,0,1,62595.0,375.0,3.5,5,6265.666666666667
rivian,r1s adventure package,250,missing,a/t,red,black,0,0,94000.0,835.0,3.5,3,62.5
mercedes-benz,glc 300 glc 300,12771,gasoline,automatic,black,–,0,0,42598.0,362.0,2.0,5,2128.5
ford,mustang shelby gt500,6400,gasoline,6-speed m/t,silver,black,0,1,48000.0,550.0,5.4,14,426.6666666666667
tesla,model y long range,69548,missing,1-speed a/t,black,black,1,1,36300.0,425.0,3.5,5,11591.333333333334
nissan,370z base,79893,gasoline,7-speed a/t,silver,black,0,1,15900.0,332.0,3.7,17,4438.5
toyota,sequoia platinum,124838,gasoline,a/t,black,gray,0,1,33000.0,381.0,5.7,12,9602.923076923076
nissan,nv passenger nv3500 hd sl v8,14353,gasoline,a/t,black,gray,0,1,63900.0,375.0,5.6,6,2050.4285714285716
ford,transit connect xl w/rear symmetrical doors,22985,gasoline,a/t,white,gray,0,1,33500.0,169.0,2.5,4,4597.0
infiniti,qx80 base,161894,gasoline,7-speed a/t,white,beige,0,1,18900.0,400.0,5.6,12,12453.384615384615
aston martin,v8 vantage base,25025,gasoline,6-speed a/t,white,black,1,1,39000.0,380.0,4.3,18,1317.1052631578948
porsche,911 carrera s,16701,gasoline,–,red,–,0,0,99175.0,400.0,3.0,9,1670.1
lotus,evora 400 base,19650,gasoline,6-speed m/t,silver,red,0,1,69250.0,400.0,3.5,9,1965.0
land rover,range velar p250 s r-dynamic,29500,gasoline,a/t,red,white,0,1,45000.0,247.0,2.0,6,4214.285714285715
nissan,xterra s,132272,gasoline,m/t,gray,gray,1,1,6700.0,261.0,4.0,19,6613.6
dodge,charger r/t,122000,gasoline,5-speed a/t,white,black,1,1,13500.0,370.0,5.7,14,8133.333333333333
buick,encore gx essence,18185,gasoline,automatic cvt,summit white,whisper beige,0,0,31755.0,281.5,1.3,4,3637.0
nissan,leaf s,56450,missing,a/t,black,black,1,1,13999.0,147.0,3.5,8,6272.222222222223
nissan,leaf sl,102000,missing,1-speed a/t,silver,gray,0,1,4200.0,107.0,3.5,14,6800.0
jeep,grand wagoneer series iii,18428,gasoline,automatic,baltic gray,black,0,0,83998.0,471.0,6.4,4,3685.6
nissan,z proto spec,535,gasoline,6-speed m/t,yellow,black,0,1,65990.0,400.0,3.0,3,133.75
land rover,range sport hse,81648,gasoline,"auto, 6-spd w/cmdshft",fuji white,–,0,0,15900.0,340.0,5.0,13,5832.0
porsche,boxster s,138202,gasoline,6-speed manual,silver,black,1,1,22550.0,280.0,3.2,23,5758.416666666667
bentley,continental gt base,69600,gasoline,a/t,silver,black,0,1,37900.0,550.0,6.0,22,3026.086956521739
jaguar,f-type r,39900,gasoline,8-speed a/t,white,black,0,1,53600.0,550.0,5.0,8,4433.333333333333
cadillac,escalade esv sport,36500,gasoline,transmission w/dual shift mode,white,black,0,1,85000.0,420.0,6.2,5,6083.333333333333
audi,tt 2.0t,42650,gasoline,transmission w/dual shift mode,gray,black,0,1,31990.0,220.0,2.0,8,4738.888888888889
jeep,wrangler unlimited sahara,68816,gasoline,8-speed automatic,black clearcoat,black,0,1,35297.0,285.0,2.0,6,9830.857142857143
audi,s6 4.0t,91188,gasoline,7-speed a/t,black,black,0,1,29995.0,450.0,4.0,10,8289.818181818182
gmc,sierra 2500 sle,116210,e85 flex fuel,transmission overdrive switch,black,beige,0,1,31900.0,360.0,6.0,11,9684.166666666666
tesla,model 3 long range,3077,missing,automatic,silver,black,0,0,44998.0,271.0,3.5,4,615.4
mazda,cx-90 premium,3880,gasoline,8-speed automatic,machine gray metallic,black,0,1,52991.0,184.0,2.5,2,1293.3333333333333
ford,c-max energi se,67482,plug-in hybrid,cvt transmission,gray,black,1,1,11499.0,188.0,2.0,9,6748.2
cadillac,escalade esv platinum,67726,gasoline,10-speed a/t,black,black,0,1,52000.0,420.0,6.2,8,7525.111111111111
audi,tt 3.2 cabriolet quattro,207000,gasoline,6-speed m/t,black,black,1,1,10500.0,250.0,3.2,18,10894.736842105263
hyundai,santa fe se,35550,gasoline,8-speed automatic,twilight black,black,1,1,25987.0,242.0,2.5,5,5925.0
mercedes-benz,amg gle amg gle 63 s-model 4matic,44000,gasoline,7-speed a/t,black,black,0,1,46599.0,577.0,5.5,10,4000.0
mercedes-benz,sl-class sl 550,11249,gasoline,7-speed a/t,white,beige,0,1,54500.0,429.0,4.7,11,937.4166666666666
acura,mdx 3.5l technology package,111650,gasoline,6-speed a/t,green,beige,1,1,17500.0,290.0,3.5,12,8588.461538461539
ram,2500 laramie,18526,diesel,6-speed automatic,pearl white,black,0,0,67999.0,360.0,6.7,7,2315.75
audi,a7 premium,103272,gasoline,8-speed a/t,black,brown,0,1,15500.0,310.0,3.0,14,6884.8
bmw,m2 base,1160,gasoline,6-speed m/t,gray,black,0,1,73600.0,453.0,3.0,3,290.0
ram,1500 laramie,107714,gasoline,8-speed automatic,diamond black,black,0,1,34918.0,395.0,5.7,7,13464.25
audi,q5 2.0t premium plus,111773,gasoline,8-speed a/t,brown,beige,0,1,17000.0,211.0,2.0,13,7983.785714285715
cadillac,xts luxury,54002,gasoline,a/t,black,beige,1,1,22500.0,304.0,3.6,7,6750.25
volkswagen,jetta 1.4t se,87000,gasoline,transmission w/dual shift mode,gray,gray,1,1,13000.0,150.0,1.4,10,7909.090909090909
ford,focus rs base,49700,gasoline,6-speed m/t,blue,black,0,1,31700.0,350.0,2.3,10,4518.181818181818
mercedes-benz,amg c 63 s,34500,gasoline,7-speed a/t,gray,black,0,1,64600.0,503.0,4.0,9,3450.0
ford,bronco sport big bend,31729,gasoline,8-speed automatic,maroon,medium dark slate,1,1,29614.0,181.0,1.5,5,5288.166666666667
jeep,gladiator overland,7388,gasoline,8-speed automatic,firecracker red clearcoat,black,0,1,43663.0,285.0,3.6,5,1231.3333333333333
bmw,330e iperformance,41550,plug-in hybrid,transmission w/dual shift mode,silver,black,0,1,20995.0,247.0,2.0,9,4155.0
mercedes-benz,glc 300 base 4matic,44486,gasoline,9-speed automatic,gray,black,0,0,25625.0,241.0,2.0,8,4942.888888888889
acura,mdx 3.7l advance,20750,gasoline,6-speed a/t,black,black,0,1,33000.0,300.0,3.7,13,1482.142857142857
genesis,g70 3.3t,12000,gasoline,8-speed a/t,green,beige,0,1,41000.0,365.0,3.3,4,2400.0
lexus,lx 570 three-row,14206,gasoline,a/t,black,black,0,1,98000.0,383.0,5.7,5,2367.6666666666665
jeep,grand cherokee l limited,31700,gasoline,a/t,gray,black,0,1,43500.0,293.0,3.6,4,6340.0
hyundai,ioniq plug-in hybrid sel,13044,plug-in hybrid,a/t,blue,gray,1,1,24999.0,139.0,1.6,4,2608.8
kia,sportage lx,100730,gasoline,a/t,gold,gold,0,1,6975.0,173.0,2.7,17,5596.111111111111
bmw,x5 phev xdrive45e,5338,plug-in hybrid,8-speed a/t,blue,white,0,1,76500.0,389.0,3.0,3,1334.5
ford,expedition el xlt,85149,gasoline,automatic,oxford white,camel leather,0,0,23598.0,337.5,5.4,12,6549.923076923077
bmw,x6 m base,48291,gasoline,transmission w/dual shift mode,gray,brown,0,1,67250.0,567.0,4.4,8,5365.666666666667
volkswagen,eurovan mv,111887,gasoline,a/t,blue,gray,0,1,14000.0,140.0,2.8,25,4303.346153846154
rolls-royce,ghost base,79000,gasoline,8-speed a/t,silver,black,0,1,69000.0,563.0,6.6,16,4647.058823529412
lincoln,navigator reserve,125000,gasoline,transmission w/dual shift mode,gray,beige,0,1,26500.0,380.0,3.5,10,11363.636363636364
mercedes-benz,gla 250 base 4matic,13777,gasoline,8-speed a/t,black,black,1,1,39777.0,221.0,2.0,4,2755.4
ram,1500 big horn,14920,gasoline,automatic,diamond black,black,0,1,41741.0,395.0,3.6,4,2984.0
jeep,grand cherokee l summit,14627,gasoline,automatic,diamond black,tupelo,0,0,56740.0,285.0,3.6,4,2925.4
volvo,s80 3.2,90050,gasoline,a/t,brown,beige,0,1,5800.0,235.0,3.2,16,5297.058823529412
subaru,brz premium,45000,gasoline,6-speed m/t,blue,black,1,1,25000.0,200.0,2.0,12,3461.5384615384614
chevrolet,corvette base,7666,gasoline,4-speed a/t,red,black,0,1,39500.0,340.0,5.7,28,264.3448275862069
hummer,h2 sut,89900,gasoline,4-speed a/t,red,beige,0,1,29994.0,325.0,6.0,20,4280.952380952381
audi,rs 7 4.0t,14724,hybrid,automatic,glacier white,black/red,0,0,99175.0,591.0,4.0,5,2454.0
ford,edge sport,132000,gasoline,transmission w/dual shift mode,black,black,1,1,10999.0,305.0,3.7,15,8250.0
gmc,terrain slt,32652,gasoline,6-speed a/t,red,brown,0,1,6500.0,182.0,2.4,16,1920.7058823529412
land rover,range 5.0l supercharged autobiography lwb,36632,gasoline,8-speed a/t,blue,blue,0,0,72567.0,518.0,5.0,8,4070.222222222222
jeep,grand cherokee wk laredo x,11164,gasoline,8-speed a/t,black,black,0,1,37500.0,293.0,3.6,4,2232.8
bmw,m4 base,22655,gasoline,7-speed a/t,silver,black,0,1,63999.0,425.0,3.0,6,3236.4285714285716
mercedes-benz,amg gt 63 s 4-door,9500,gasoline,transmission w/dual shift mode,gray,gray,0,1,99175.0,630.0,4.0,7,1187.5
chevrolet,camaro 1lt,10300,gasoline,m/t,black,black,0,1,29900.0,335.0,3.6,5,1716.6666666666667
bmw,x6 m base,48000,gasoline,8-speed a/t,blue,black,0,1,54000.0,567.0,4.4,8,5333.333333333333
mercedes-benz,clk-class 550,138000,gasoline,7-speed a/t,silver,black,1,1,10000.0,382.0,5.5,19,6900.0
ram,1500 trx,24058,gasoline,"automatic, 8-spd",flame red clearcoat,black,0,0,81900.0,702.0,6.2,4,4811.6
audi,rs 7 4.0t prestige,31500,gasoline,8-speed a/t,gray,black,0,1,67000.0,560.0,4.0,10,2863.6363636363635
porsche,macan s,19701,gasoline,automatic,–,–,0,0,55998.0,340.0,3.0,6,2814.4285714285716
genesis,gv70 3.5t sport,10200,gasoline,a/t,white,black,0,1,50500.0,375.0,3.5,4,2040.0
aston martin,v8 vantage base,62378,gasoline,m/t,red,beige,1,1,33995.0,380.0,4.3,18,3283.0526315789475
nissan,350z touring,84200,gasoline,6-speed m/t,silver,gray,0,1,10200.0,300.0,3.5,20,4009.5238095238096
toyota,sequoia sr5,138700,e85 flex fuel,a/t,white,gray,1,1,18800.0,381.0,5.7,13,9907.142857142857
chevrolet,tahoe premier,41050,gasoline,10-speed a/t,gray,gray,0,1,62900.0,355.0,5.3,5,6841.666666666667
jeep,compass limited,39192,gasoline,9-speed automatic,white clearcoat,black,0,0,24590.0,285.0,2.4,6,5598.857142857143
bmw,430 430i,7758,gasoline,automatic,black,black,0,0,47998.0,335.0,2.0,4,1551.6
ford,bronco sport outer banks,31654,gasoline,8-speed automatic,rapid red metallic tinted clearcoat,navy pier,0,0,33410.0,325.0,1.5,5,5275.666666666667
mercedes-benz,amg c 63 base,63000,gasoline,a/t,white,black,1,1,42000.0,469.0,4.0,9,6300.0
volvo,s40 t5,257700,gasoline,6-speed m/t,red,beige,0,1,3550.0,218.0,2.5,21,11713.636363636364
mercedes-benz,gle 350 base 4matic,57000,gasoline,7-speed a/t,white,black,1,1,29500.0,302.0,3.5,9,5700.0
chevrolet,silverado 1500 1lt,89000,gasoline,6-speed a/t,gray,gray,0,1,29999.0,355.0,5.3,9,8900.0
chevrolet,tahoe ltz,134500,gasoline,a/t,black,black,0,1,28000.0,355.0,5.3,11,11208.333333333334
acura,mdx technology,15895,gasoline,10-speed automatic,majestic black pearl,parchment,0,0,47950.0,300.0,3.5,4,3179.0
bentley,bentayga speed,15109,gasoline,8-speed automatic,ice,beluga hide,0,0,99175.0,552.0,6.0,6,2158.4285714285716
rolls-royce,cullinan,398,gasoline,8-speed automatic,silver,charles blue,0,1,99175.0,563.0,6.7,4,79.6
genesis,gv70 2.5t,20319,gasoline,transmission w/dual shift mode,white,black,0,1,44249.0,300.0,2.5,4,4063.8
pontiac,firebird base,158000,gasoline,4-speed a/t,white,black,1,1,2500.0,200.0,3.8,27,5642.857142857143
lexus,gx 460 base,40906,gasoline,automatic,black,black,0,0,51998.0,301.0,4.6,5,6817.666666666667
bmw,alpina b7 alpina b7 xdrive,33749,gasoline,automatic,blue,red,0,0,85998.0,335.0,4.4,6,4821.285714285715
bmw,m4 competition xdrive,1120,gasoline,8-speed a/t,gray,white,0,1,92900.0,503.0,3.0,3,280.0
jeep,grand cherokee l limited,26088,gasoline,8-speed automatic,silver zynith,global black,0,0,38383.0,293.0,3.6,5,4348.0
kia,forte gt-line,14950,gasoline,a/t,silver,gray,1,1,24000.0,147.0,2.0,4,2990.0
kia,forte lx,47466,gasoline,automatic,silky silver,black,0,0,14699.0,147.0,2.0,8,5274.0
bmw,x6 m base,10376,gasoline,8-speed automatic,ametrin metallic,black,0,0,98900.0,567.0,4.4,4,2075.2
ram,promaster 3500 high roof,18500,gasoline,a/t,white,black,0,1,41950.0,280.0,3.6,5,3083.3333333333335
volkswagen,atlas cross sport 3.6l v6 sel premium,24596,gasoline,8-speed automatic,deep black pearl effect,titan black / quarzit,0,0,38322.0,200.0,3.6,5,4099.333333333333
hyundai,santa fe sel,2905,gasoline,8-speed automatic,shimmering silver,black,0,0,27599.0,191.0,2.5,5,484.1666666666667
jaguar,xf 3.0 portfolio,71290,gasoline,a/t,brown,black,1,1,21000.0,340.0,3.0,11,5940.833333333333
audi,a7 55 premium plus,15000,hybrid,a/t,gray,black,0,1,63000.0,335.0,3.0,4,3000.0
infiniti,qx30 premium,37900,gasoline,7-speed a/t,gray,black,0,1,22000.0,208.0,2.0,9,3790.0
mercedes-benz,amg g 63 4matic,2000,gasoline,transmission w/dual shift mode,black,black,0,0,99175.0,577.0,4.0,4,400.0
mercedes-benz,amg c 43 amg c 43 4matic,32500,gasoline,9-speed a/t,black,black,0,1,43500.0,385.0,3.0,7,4062.5
mitsubishi,lancer evolution base,61491,gasoline,5-speed m/t,blue,black,1,1,28000.0,271.0,2.0,23,2562.125
jeep,wrangler unlimited sport,77634,gasoline,5-speed automatic,gecko pearlcoat,black,0,0,24590.0,285.0,3.6,13,5545.285714285715
audi,a3 2.0 tdi premium plus,83000,diesel,6-speed a/t,black,black,1,1,18999.0,150.0,2.0,11,6916.666666666667
volkswagen,jetta glx vr6,121800,gasoline,5-speed m/t,black,black,0,1,4300.0,174.0,2.8,24,4872.0
bmw,alpina b7 alpina b7 xdrive,65852,gasoline,automatic,black,mocha,0,0,68998.0,335.0,4.4,6,9407.42857142857
bentley,bentayga azure first edition,1335,gasoline,8-speed automatic,onyx,portland,0,1,99175.0,552.0,4.0,3,333.75
mercedes-benz,cla-class cla 250,83315,gasoline,a/t,white,white,0,1,15000.0,208.0,2.0,12,6408.846153846154
bmw,i8 base,18421,plug-in hybrid,6-speed a/t,black,black,0,0,85000.0,369.0,1.5,7,2302.625
lexus,ct 200h premium,101000,hybrid,a/t,black,black,1,1,16500.0,134.0,1.8,11,8416.666666666666
toyota,tundra sr5,29322,gasoline,10-speed automatic,gray,black,0,0,44999.0,381.0,3.4,4,5864.4
mercedes-benz,slc 300 base,23900,gasoline,9-speed a/t,white,black,0,1,35999.0,241.0,2.0,7,2987.5
mercedes-benz,amg c amg c 63 s,40515,gasoline,7-speed automatic,black,black,1,0,47999.0,362.0,4.0,10,3683.181818181818
ford,f-150 xlt,67516,gasoline,automatic,gray,medium light camel,0,1,36994.0,375.0,3.5,6,9645.142857142857
mazda,cx-9 grand touring,155000,gasoline,6-speed a/t,silver,black,0,1,8300.0,273.0,3.7,16,9117.64705882353
honda,ridgeline rtl-e,26998,gasoline,6-speed automatic,black,black,0,0,35557.0,280.0,3.5,7,3374.75
bentley,bentayga onyx edition,18500,gasoline,8-speed a/t,black,brown,0,1,99175.0,600.0,6.0,8,2055.5555555555557
mini,cooper s clubman base,137600,gasoline,6-speed m/t,gold,black,0,1,6880.0,172.0,1.6,17,7644.444444444444
nissan,murano sl,125500,gasoline,cvt transmission,black,beige,0,1,3950.0,245.0,3.5,21,5704.545454545455
bentley,bentayga v8,22039,gasoline,8-speed a/t,white,black,0,1,99175.0,542.0,4.0,7,2754.875
nissan,juke sv,137483,gasoline,cvt transmission,white,gray,0,1,3200.0,188.0,1.6,15,8592.6875
ford,expedition max limited,67500,gasoline,10-speed a/t,gray,black,0,1,40500.0,375.0,3.5,7,8437.5
ford,expedition max king ranch,52000,gasoline,10-speed a/t,gray,brown,1,1,53722.0,375.0,3.5,6,7428.571428571428
lamborghini,murcielago base,10000,gasoline,a/t,red,black,0,1,99175.0,571.0,6.2,20,476.1904761904762
chevrolet,suburban lt,195361,gasoline,transmission overdrive switch,black,black,1,1,26000.0,355.0,5.3,9,19536.1
bentley,bentayga onyx edition,32500,gasoline,a/t,black,beige,1,1,99175.0,600.0,6.0,8,3611.1111111111113
bmw,m760 i xdrive,14806,gasoline,transmission w/dual shift mode,black,black,1,1,81330.0,601.0,6.6,7,1850.75
genesis,gv70 2.5t,11000,gasoline,a/t,white,–,1,1,48950.0,300.0,2.5,4,2200.0
chevrolet,tahoe lt,92530,e85 flex fuel,a/t,red,black,1,1,18500.0,320.0,5.3,15,5783.125
dodge,durango gt,34845,gasoline,a/t,white,black,1,1,30000.0,295.0,3.6,9,3484.5
porsche,718 cayman gts,16280,gasoline,transmission w/dual shift mode,red,black,0,1,85500.0,365.0,2.5,8,1808.888888888889
porsche,cayman base,77000,gasoline,a/t,red,beige,0,1,32000.0,265.0,2.9,15,4812.5
porsche,panamera turbo,63000,gasoline,7-speed a/t,black,beige,1,1,38500.0,500.0,4.8,16,3705.8823529411766
lexus,es 350 base,39700,gasoline,6-speed a/t,white,beige,0,1,25500.0,268.0,3.5,10,3609.090909090909
kia,optima hybrid lx,103111,hybrid,a/t,silver,beige,1,1,9200.0,199.0,2.4,13,7365.071428571428
land rover,range velar r-dynamic se,75897,gasoline,automatic,black,black,0,0,35998.0,380.0,2.0,7,9487.125
jaguar,xf s,55000,gasoline,transmission w/dual shift mode,gray,red,0,1,34000.0,380.0,3.0,9,5500.0
lexus,gx 470 base,114000,gasoline,a/t,silver,gray,1,1,13450.0,270.0,4.7,21,5181.818181818182
mercedes-benz,gl-class gl 550,80124,gasoline,7-speed a/t,black,black,0,1,17500.0,382.0,5.5,15,5007.75
bmw,x6 m base,7000,gasoline,transmission w/dual shift mode,gray,gray,0,1,99175.0,600.0,4.4,3,1750.0
ram,1500 longhorn,4285,gasoline,automatic,delmonico red pearlcoat,black / saddle,0,1,65688.0,395.0,5.7,3,1071.25
lamborghini,huracan lp580-2s,17175,gasoline,7-speed automatic with auto-shift,rosso mars metallic,nero ade,0,0,99175.0,573.0,5.2,7,2146.875
toyota,highlander hybrid limited platinum,34049,hybrid,automatic cvt,shoreline blue pearl,ash,0,0,37999.0,306.0,3.5,9,3404.9
audi,e-tron prestige,16000,missing,a/t,white,beige,1,1,39990.0,355.0,3.0,7,2000.0
gmc,suburban 2500,95000,gasoline,4-speed a/t,white,gray,0,1,25000.0,290.0,7.4,30,3064.516129032258
land rover,range velar svautobiography dynamic edition,59355,gasoline,automatic,santorini black,ebony / pimento,0,1,72995.0,550.0,5.0,6,8479.285714285714
chevrolet,bolt euv premier,31000,missing,1-speed a/t,red,white,0,1,36000.0,200.0,5.3,4,6200.0
bmw,m240 i,19300,gasoline,8-speed a/t,white,red,0,1,36000.0,335.0,3.0,7,2412.5
cadillac,escalade ext base,155000,e85 flex fuel,6-speed a/t,red,beige,1,1,16900.0,403.0,6.2,17,8611.111111111111
scion,tc release series 6.0,120010,gasoline,4-speed a/t,gray,black,1,1,6500.0,161.0,2.4,16,7059.411764705882
kia,optima ex,152520,gasoline,6-speed a/t,white,beige,0,1,10900.0,200.0,2.4,14,10168.0
honda,civic ex,58981,missing,a/t,white,beige,0,1,9599.0,140.0,1.8,33,1734.735294117647
maserati,quattroporte base,32000,gasoline,transmission w/dual shift mode,red,beige,1,1,99175.0,394.0,4.2,21,1454.5454545454545
porsche,panamera turbo,47000,gasoline,transmission w/dual shift mode,black,brown,0,1,50000.0,520.0,4.8,11,3916.6666666666665
genesis,g70 2.0t,2046,gasoline,8-speed a/t,green,gray,0,1,43499.0,252.0,2.0,3,511.5
chevrolet,trailblazer ls,24965,gasoline,automatic cvt,mosaic black metallic,jet black,1,1,22995.0,355.0,1.2,5,4160.833333333333
toyota,camry le,108000,gasoline,5-speed a/t,beige,gray,0,1,7850.0,160.0,2.4,21,4909.090909090909
toyota,sienna le,76000,gasoline,a/t,red,gray,0,1,18300.0,266.0,3.5,11,6333.333333333333
porsche,911 carrera s,30000,gasoline,7-speed a/t,black,brown,0,1,78500.0,400.0,3.8,12,2307.6923076923076
volvo,v60 t6 r-design platinum,59271,gasoline,6-speed a/t,blue,black,0,1,29900.0,325.0,3.0,11,4939.25
lexus,lx 600 premium,1500,gasoline,10-speed a/t,gray,black,0,0,99175.0,409.0,3.4,3,375.0
bmw,330e iperformance,52500,plug-in hybrid,transmission w/dual shift mode,blue,black,1,1,24950.0,247.0,2.0,9,5250.0
tesla,model y long range,23100,missing,a/t,blue,white,0,1,36495.0,425.0,3.5,6,3300.0
fiat,124 spider abarth,45000,gasoline,6-speed m/t,gray,black,1,1,22500.0,164.0,1.4,9,4500.0
dodge,ram 1500 quad cab,179000,gasoline,a/t,black,black,1,1,6500.0,245.0,5.9,24,7160.0
toyota,supra a91-mt edition,1500,gasoline,6-speed m/t,gray,orange,0,1,84900.0,382.0,3.0,3,375.0
bmw,x7 xdrive40i,38671,hybrid,automatic,gray,blk,0,0,66998.0,335.0,3.0,4,7734.2
jeep,wrangler unlimited x,135465,gasoline,a/t,black,gray,0,1,15750.0,205.0,3.8,19,6773.25
mini,countryman cooper s all4,79000,gasoline,transmission w/dual shift mode,white,black,0,1,17000.0,181.0,1.6,12,6076.923076923077
nissan,maxima sv,42259,gasoline,cvt transmission,black,black,1,1,17000.0,290.0,3.5,14,2817.266666666667
toyota,camry solara sle v6,159890,gasoline,a/t,blue,gray,1,1,6500.0,225.0,3.3,20,7613.809523809524
maserati,grecale modena,2200,hybrid,transmission w/dual shift mode,black,red,0,1,75000.0,325.0,2.0,3,550.0
lexus,rx 450h base,15833,hybrid,cvt transmission,white,beige,0,1,52000.0,308.0,3.5,4,3166.6
bmw,328 i xdrive,96000,gasoline,transmission w/dual shift mode,black,black,1,1,13500.0,240.0,2.0,13,6857.142857142857
bmw,135 i,72900,gasoline,6-speed a/t,gray,gray,0,1,15500.0,300.0,3.0,17,4050.0
bmw,x7 m50i,7121,gasoline,automatic,gray,black,0,0,94998.0,335.0,4.4,5,1186.8333333333333
hyundai,tucson hybrid sel convenience,3402,hybrid,a/t,white,black,0,1,44000.0,226.0,1.6,3,850.5
volvo,c30 t5 premier plus,73000,gasoline,a/t,silver,black,0,1,13900.0,227.0,2.5,13,5214.285714285715
karma,revero base,21000,missing,a/t,white,black,0,1,51000.0,403.0,2.0,8,2333.3333333333335
bmw,x7 xdrive40i,30309,hybrid,automatic,blue,tan,0,0,63598.0,335.0,3.0,5,5051.5
ford,mustang mach-e california route 1,24000,missing,1-speed a/t,white,black,0,1,38000.0,290.0,3.5,5,4000.0
bmw,740 i,73000,gasoline,transmission w/dual shift mode,black,black,0,1,23999.0,320.0,3.0,10,6636.363636363636
ford,edge sel,26465,gasoline,8-speed automatic,white platinum tri-coat metallic,ebony,0,0,24998.0,325.0,2.0,7,3308.125
volkswagen,arteon 2.0t sel premium r-line,26870,gasoline,8-speed automatic,deep black pearl effect,mistral gray / raven,1,1,34645.0,200.0,2.0,6,3838.5714285714284
honda,pilot ex,184000,gasoline,a/t,blue,gray,1,1,10500.0,240.0,3.5,22,8000.0
bmw,x7 alpina xb7,4514,gasoline,automatic,gray,black,0,0,99175.0,335.0,4.4,4,902.8
ram,2500 tradesman,1300,gasoline,8-speed a/t,red,black,0,1,48000.0,410.0,6.4,4,260.0
jeep,grand cherokee limited,49924,gasoline,8-speed a/t,white,black,0,1,26500.0,293.0,3.6,8,5547.111111111111
gmc,yukon denali,36526,gasoline,10-speed a/t,red,black,0,1,57850.0,420.0,6.2,7,4565.75
bmw,m6 base,37000,gasoline,transmission w/dual shift mode,silver,silver,0,1,45950.0,560.0,4.4,11,3083.3333333333335
acura,mdx 3.5l w/advance & entertainment pkgs,79884,gasoline,9-speed automatic,gray,graystone,1,0,24840.0,279.5,3.5,9,7988.4
volkswagen,beetle 1.8t,30000,gasoline,transmission w/dual shift mode,blue,beige,1,1,19000.0,170.0,1.8,10,2727.2727272727275
bmw,x6 m base,11102,gasoline,8-speed a/t,black,black,0,1,99175.0,600.0,4.4,5,1850.3333333333333
ford,mustang gt premium,105500,gasoline,6-speed m/t,silver,black,0,1,19000.0,412.0,5.0,14,7033.333333333333
bmw,x7 xdrive50i,31157,gasoline,automatic,black,blk,0,0,65998.0,335.0,4.4,7,3894.625
kia,sorento lx v6,86204,gasoline,8-speed automatic,sparkling silver,satin black,1,0,20708.0,201.0,3.3,7,10775.5
bmw,435 i,80211,gasoline,a/t,gray,red,1,1,17995.0,300.0,3.0,12,6170.076923076923
aston martin,v8 vantage base,25991,gasoline,6-speed a/t,silver,black,0,1,69995.0,420.0,4.7,16,1528.8823529411766
mercedes-benz,clk-class clk 350,73000,gasoline,7-speed a/t,black,black,0,1,8400.0,268.0,3.5,18,3842.1052631578946
bmw,740 i,40989,gasoline,8-speed a/t,black,gold,0,1,35000.0,320.0,3.0,8,4554.333333333333
dodge,caliber express,102681,gasoline,m/t,red,black,0,1,6000.0,158.0,2.0,16,6040.058823529412
acura,zdx base,123000,gasoline,transmission w/dual shift mode,black,black,1,1,13888.0,300.0,3.7,16,7235.294117647059
jeep,wrangler x,160900,gasoline,4-speed a/t,black,–,1,1,7200.0,190.0,4.0,21,7313.636363636364
bmw,m3 base,105000,gasoline,6-speed m/t,silver,black,1,1,21900.0,414.0,4.0,15,6562.5
kia,sportage plug-in hybrid x-line,1340,plug-in hybrid,a/t,black,black,0,1,41000.0,177.0,1.6,3,335.0
ford,mustang mach-e premium,17850,missing,a/t,red,black,0,1,41999.0,266.0,3.5,5,2975.0
bmw,m3 base,72277,gasoline,transmission w/dual shift mode,gray,red,0,1,34950.0,414.0,4.0,15,4517.3125
jeep,wrangler rubicon,7000,hybrid,8-speed a/t,gray,black,0,1,46000.0,285.0,3.6,3,1750.0
porsche,panamera 4 platinum edition,10627,gasoline,"automatic, 8-spd pdk dual-clutch",chalk,black,0,0,99000.0,364.5,2.9,4,2125.4
ford,explorer xlt,67015,gasoline,10-speed automatic,oxford white,sandstone,0,0,28590.0,290.0,2.3,6,9573.57142857143
bmw,m4 base,19600,gasoline,7-speed a/t,black,black,1,1,62000.0,425.0,3.0,8,2177.777777777778
ford,mustang mach-e premium,5800,missing,1-speed a/t,white,white,0,1,42500.0,346.0,3.5,4,1160.0
fiat,500e battery electric,33812,missing,1-speed a/t,silver,black,0,1,14999.0,111.0,1.4,9,3381.2
cadillac,escalade luxury,99897,gasoline,8-speed a/t,black,black,0,1,26950.0,420.0,6.2,11,8324.75
mercedes-benz,sl-class sl 550,127500,gasoline,transmission w/dual shift mode,white,white,0,1,29000.0,429.0,4.7,12,9807.692307692309
ford,expedition limited,23842,gasoline,10-speed automatic,gray,medium stone,0,1,59203.0,375.0,3.5,5,3973.6666666666665
rivian,r1s adventure package,2108,missing,1-speed a/t,silver,white,0,1,91000.0,835.0,3.5,3,527.0
bmw,m6 base,65550,gasoline,transmission w/dual shift mode,black,black,0,1,39985.0,560.0,4.4,12,5042.307692307692
lamborghini,huracan lp580-2,22000,gasoline,transmission w/dual shift mode,white,black,0,1,99175.0,573.0,5.2,9,2200.0
ford,bronco wildtrak advanced,15600,gasoline,transmission w/dual shift mode,gray,–,1,1,68995.0,315.0,2.7,4,3120.0
lexus,lc 500 base,22400,gasoline,a/t,white,red,0,1,81900.0,471.0,5.0,5,3733.3333333333335
lexus,ls 460 crafted line,89150,gasoline,a/t,white,black,0,1,31900.0,360.0,4.6,11,7429.166666666667
bmw,m4 base,15000,gasoline,"automatic, 8-spd m steptronic w/drivelogic, sport & manual modes",blue,orange,0,0,81000.0,425.0,3.0,3,3750.0
audi,a3 2.0t tech premium,49500,gasoline,6-speed a/t,blue,gray,0,1,25000.0,220.0,2.0,8,5500.0
audi,s8 4.2 quattro,126000,gasoline,transmission w/dual shift mode,gray,black,0,0,13850.0,360.0,4.2,23,5250.0
volkswagen,golf gti 2.0t autobahn 4-door,85385,gasoline,6-speed m/t,gray,black,0,1,15550.0,210.0,2.0,11,7115.416666666667
cadillac,escalade sport,3000,diesel,a/t,white,brown,0,1,99175.0,277.0,3.0,3,750.0
hyundai,tucson se,66126,gasoline,6-speed automatic,dazzling white,gray,0,0,19190.0,173.0,2.0,8,7347.333333333333
toyota,gr86 premium,1075,gasoline,6-speed m/t,white,black,0,1,35000.0,228.0,2.4,3,268.75
ford,bronco raptor,2489,gasoline,10-speed automatic,oxford white,black onyx,0,0,98900.0,325.0,3.0,3,622.25
hyundai,santa fe sel,25000,gasoline,8-speed a/t,black,gray,0,1,28500.0,191.0,2.5,5,4166.666666666667
nissan,armada platinum,92000,gasoline,7-speed a/t,black,black,0,1,20900.0,390.0,5.6,9,9200.0
lexus,gx 470 base,123500,gasoline,a/t,white,gray,1,1,14500.0,263.0,4.7,18,6500.0
cadillac,cts premium,105000,gasoline,6-speed a/t,black,black,1,1,12000.0,318.0,3.6,13,7500.0
audi,r8 base,49000,gasoline,6-speed m/t,black,black,0,1,63000.0,420.0,4.2,18,2578.9473684210525
jaguar,f-pace s,28357,gasoline,automatic,santorini black metallic,pimento red w/ebony,0,0,47598.0,340.0,3.0,6,4051.0
chevrolet,silverado 1500 1lt,81000,e85 flex fuel,a/t,red,gray,0,1,32000.0,285.0,4.3,8,9000.0
ford,expedition limited,45000,gasoline,transmission w/dual shift mode,gray,black,0,1,52000.0,375.0,3.5,5,7500.0
toyota,sequoia platinum,173456,e85 flex fuel,6-speed a/t,black,gray,1,1,16000.0,381.0,5.7,15,10841.0
bmw,m440 i,13700,hybrid,8-speed a/t,black,beige,0,0,60000.0,382.0,3.0,5,2283.3333333333335
audi,a8 l 55,93400,hybrid,a/t,silver,brown,0,1,42500.0,335.0,3.0,7,11675.0
toyota,avalon xle,90000,gasoline,6-speed a/t,white,beige,0,1,18200.0,268.0,3.5,11,7500.0
porsche,macan base,40600,gasoline,7-speed a/t,gray,black,0,1,32000.0,252.0,2.0,9,4060.0
lexus,is 350 f sport,20121,gasoline,8-speed a/t,gray,red,0,1,47124.0,311.0,3.5,3,5030.25
mercedes-benz,metris base,3921,gasoline,7-speed automatic,black,white,0,1,99175.0,208.0,2.0,6,560.1428571428571
lexus,rx 350 base,187450,gasoline,a/t,silver,beige,1,1,10400.0,275.0,3.5,15,11715.625
toyota,supra a91 edition,6400,gasoline,transmission w/dual shift mode,gray,black,0,1,68000.0,382.0,3.0,5,1066.6666666666667
mercedes-benz,amg c 43 base 4matic,54500,gasoline,9-speed a/t,white,black,0,1,37995.0,362.0,3.0,9,5450.0
bmw,x6 xdrive50i,78500,gasoline,8-speed a/t,red,brown,1,1,42000.0,445.0,4.4,9,7850.0
chevrolet,tahoe lt,75000,gasoline,6-speed a/t,silver,black,0,1,36000.0,355.0,5.3,8,8333.333333333334
ford,f-150 svt raptor,89988,gasoline,a/t,red,red,1,1,42500.0,411.0,6.2,12,6922.153846153846
subaru,outback 3.0 r vdc limited,107000,gasoline,a/t,gold,beige,0,1,7100.0,250.0,3.0,21,4863.636363636364
alfa romeo,romeo giulia ti,21400,gasoline,8-speed a/t,white,black,0,1,28500.0,280.0,2.0,7,2675.0
mazda,cx-7 grand touring,83150,gasoline,6-speed a/t,white,beige,0,1,6950.0,244.0,2.3,19,4157.5
ford,f-150 platinum,92000,diesel,10-speed a/t,black,black,1,1,36500.0,250.0,3.0,8,10222.222222222223
mercedes-benz,gle 350 base 4matic,15042,gasoline,9-speed automatic,selenite gray metallic,macchiato,0,0,54599.0,255.0,2.0,5,2507.0
audi,a7 3.0t premium plus,39000,gasoline,transmission w/dual shift mode,black,black,1,1,35000.0,333.0,3.0,9,3900.0
ram,2500 laramie,67483,gasoline,6-speed a/t,brown,beige,1,1,46500.0,410.0,6.4,9,6748.3
tesla,model s 70d,62089,missing,a/t,black,beige,0,1,29975.0,329.0,3.5,11,5174.083333333333
audi,s8 4.0t plus,54300,gasoline,8-speed a/t,black,black,0,1,53500.0,605.0,4.0,9,5430.0
hyundai,sonata hybrid limited,30565,hybrid,a/t,gray,black,0,1,29000.0,192.0,2.0,4,6113.0
audi,a8 l 4.0t,142666,gasoline,8-speed a/t,black,black,1,1,22000.0,450.0,4.0,10,12969.636363636364
ford,ranger sport supercab,166200,gasoline,a/t,blue,gray,1,1,6999.0,207.0,4.0,17,9233.333333333334
infiniti,q50 hybrid premium,88977,hybrid,7-speed a/t,gray,black,1,1,19977.0,354.0,3.5,11,7414.75
bmw,m3 base,114890,gasoline,transmission w/dual shift mode,white,beige,0,1,20990.0,414.0,4.0,15,7180.625
mercedes-benz,e-class e 350 4matic,171000,gasoline,5-speed a/t,black,black,1,1,4750.0,268.0,3.5,17,9500.0
ford,explorer sport,90067,gasoline,6-speed automatic,black,ebony black,0,0,28590.0,325.0,3.5,7,11258.375
chevrolet,camaro 1lt,97579,gasoline,transmission w/dual shift mode,black,black,1,1,15000.0,323.0,3.6,12,7506.076923076923
mazda,mx-5 miata rf grand touring,52000,gasoline,6-speed m/t,black,black,1,1,20500.0,155.0,2.0,9,5200.0
jeep,grand cherokee l limited,25968,gasoline,8-speed automatic,metallic,global black,0,0,38405.0,293.0,3.6,5,4328.0
mini,hardtop cooper s,41680,gasoline,6-speed a/t,silver,black,0,1,17495.0,189.0,2.0,10,3789.090909090909
saab,9-3 se,77200,gasoline,5-speed m/t,black,beige,0,1,7500.0,205.0,2.0,24,3088.0
bmw,x5 xdrive40i,50000,gasoline,8-speed a/t,blue,gold,0,1,43000.0,335.0,3.0,7,6250.0
porsche,macan,21613,gasoline,automatic,white,–,0,0,58998.0,364.5,2.0,5,3602.1666666666665
audi,q3 s line premium plus,17377,gasoline,automatic,glacier white,pearl beige,0,0,39998.0,333.0,2.0,4,3475.4
gmc,acadia sle,30426,gasoline,9-speed automatic,ebony twilight metallic,jet black,0,0,29645.0,269.0,2.5,6,4346.571428571428
audi,allroad 2.7t,153000,gasoline,m/t,blue,blue,1,1,6500.0,250.0,2.7,21,6954.545454545455
mercury,marauder base,56600,gasoline,transmission overdrive switch,silver,black,0,1,23000.0,302.0,4.6,22,2460.8695652173915
hyundai,genesis 3.8,116612,gasoline,8-speed a/t,white,white,1,1,12700.0,311.0,3.8,11,9717.666666666666
audi,sq5 3.0t premium plus,72000,gasoline,a/t,blue,black,1,1,30000.0,354.0,3.0,8,8000.0
audi,a8 l 55,39000,hybrid,8-speed a/t,black,brown,0,1,50000.0,335.0,3.0,7,4875.0
lincoln,navigator base,149000,gasoline,a/t,gold,beige,0,1,10099.0,300.0,5.4,18,7842.105263157895
bmw,m4 base,19300,gasoline,6-speed m/t,white,silver,0,1,64000.0,425.0,3.0,8,2144.4444444444443
mazda,cx-9 carbon edition,27836,gasoline,6-speed automatic,polymetal gray metallic,red,0,1,36969.0,184.0,2.5,5,4639.333333333333
chevrolet,corvette stingray w/1lt,3273,gasoline,transmission w/dual shift mode,black,red,0,1,78999.0,490.0,6.2,3,818.25
ford,f-150 lariat,74349,gasoline,10-speed a/t,white,–,0,1,36000.0,375.0,3.5,9,7434.9
ford,f-250 lariat,85000,diesel,6-speed a/t,white,black,1,1,55000.0,450.0,6.7,7,10625.0
ferrari,roma base,2250,gasoline,8-speed a/t,gray,blue,0,1,99175.0,611.0,3.9,4,450.0
mercedes-benz,gls 450 base 4matic,46100,gasoline,9-speed a/t,black,beige,1,1,33000.0,362.0,3.0,9,4610.0
hyundai,santa fe sel plus 2.4,49500,gasoline,8-speed a/t,silver,gray,0,1,28000.0,185.0,2.4,7,6187.5
mercedes-benz,e-class e 350,31130,gasoline,7-speed a/t,black,black,0,1,23500.0,302.0,3.5,14,2075.3333333333335
ford,f-250 xlt supercab super duty,149460,diesel,a/t,blue,gray,1,1,12240.0,350.0,6.4,18,7866.315789473684
mercury,marauder base,90000,gasoline,4-speed a/t,blue,beige,1,1,15500.0,302.0,4.6,23,3750.0
ford,transit-350 xlt,48000,e85 flex fuel,a/t,white,gray,0,1,57000.0,275.0,3.5,5,8000.0
mercedes-benz,c-class c 300 4matic sport,98000,gasoline,a/t,white,beige,1,1,15500.0,248.0,3.5,13,7000.0
volkswagen,arteon sel r-line,18655,gasoline,automatic,oryx white prl,titan black,0,0,38698.0,200.0,2.0,4,3731.0
chevrolet,suburban 2500 ls,60000,gasoline,a/t,brown,brown,1,1,24950.0,325.0,8.1,20,2857.1428571428573
chevrolet,suburban 1500 lt,169500,e85 flex fuel,a/t,purple,brown,0,1,15000.0,320.0,5.3,12,13038.461538461539
mitsubishi,eclipse gs,189500,gasoline,5-speed m/t,red,black,0,1,6000.0,162.0,2.4,18,9973.684210526315
toyota,land cruiser base,91000,gasoline,a/t,black,brown,0,1,68500.0,381.0,5.7,10,8272.727272727272
genesis,g80 2.5t,7396,gasoline,8-speed automatic,black forest green,black,0,0,41299.0,365.0,2.5,4,1479.2
toyota,tundra sr5 access cab,229450,gasoline,a/t,gray,gray,0,1,8250.0,240.0,4.7,22,9976.08695652174
maserati,quattroporte modena q4,8603,gasoline,8-speed automatic,blu,tan,0,0,99175.0,405.0,3.0,3,2150.75
audi,rs 5 4.2,49098,gasoline,transmission w/dual shift mode,white,black,1,1,44900.0,450.0,4.2,12,3776.769230769231
nissan,rogue s,21212,gasoline,automatic cvt,gun metallic,charcoal,0,0,28906.0,287.0,1.5,4,4242.4
porsche,panamera 4s,62743,gasoline,transmission w/dual shift mode,silver,gray,0,1,28600.0,400.0,4.8,16,3690.764705882353
bmw,m440 i xdrive,24300,hybrid,8-speed a/t,gray,beige,0,1,49999.0,382.0,3.0,5,4050.0
cadillac,escalade premium,104000,e85 flex fuel,a/t,gray,–,0,1,19500.0,403.0,6.2,16,6117.64705882353
volvo,s60 t6 momentum,46250,gasoline,8-speed automatic,white,charcoal,1,1,27800.0,300.0,2.0,6,6607.142857142857
mazda,cx-9 touring plus,1930,gasoline,6-speed automatic,jet black mica,black,1,1,40655.0,184.0,2.5,3,482.5
chrysler,pacifica hybrid touring l,61494,hybrid,automatic cvt,bright white clearcoat,black,0,0,35850.0,283.0,3.6,4,12298.8
jeep,wrangler unlimited sport,24040,gasoline,8-speed automatic,black clearcoat,black,0,1,35273.0,285.0,2.0,6,3434.285714285714
toyota,highlander base,231581,gasoline,a/t,beige,beige,0,1,4300.0,220.0,3.0,25,8906.961538461539
ford,f-150 lariat,81000,gasoline,10-speed a/t,gray,black,0,1,38500.0,375.0,3.5,7,10125.0
ford,bronco,6217,missing,–,dark gray metallic,–,0,1,99175.0,325.0,2.7,52,117.30188679245283
land rover,discovery sport s r-dynamic,23568,gasoline,automatic,firenze red,ebony,0,0,44998.0,380.0,2.0,4,4713.6
mazda,mazda6 touring,78700,gasoline,a/t,white,black,0,1,18000.0,187.0,2.5,6,11242.857142857143
kia,optima ex,109580,gasoline,6-speed a/t,red,black,1,1,11900.0,192.0,2.4,11,9131.666666666666
lexus,rx 350 base,178000,gasoline,a/t,gray,gray,1,1,4500.0,270.0,3.5,17,9888.888888888889
mitsubishi,outlander sport 2.4 se,131193,gasoline,automatic cvt,black,black,0,1,11970.0,200.0,2.4,10,11926.636363636364
mercedes-benz,gls 450 base 4matic,106000,gasoline,9-speed a/t,white,black,0,1,25900.0,362.0,3.0,9,10600.0
audi,a3 2.0t premium,28211,gasoline,transmission w/dual shift mode,gray,black,1,1,27500.0,184.0,2.0,7,3526.375
audi,a4 2.0t premium,91403,e85 flex fuel,8-speed automatic,silver,gray,0,0,14998.0,211.0,2.0,11,7616.916666666667
mercedes-benz,cla-class cla 250,88600,gasoline,a/t,black,black,1,1,16800.0,208.0,2.0,10,8054.545454545455
infiniti,fx50 base,84900,gasoline,7-speed a/t,silver,black,0,0,22450.0,390.0,5.0,15,5306.25
kia,k5 ex,11154,gasoline,8-speed automatic,glacial white pearl,black,0,0,28998.0,180.0,1.6,5,1859.0
bmw,x5 edrive xdrive40e,45090,plug-in hybrid,8-speed a/t,gray,black,1,1,30750.0,313.0,2.0,8,5010.0
mercedes-benz,slk-class slk230 kompressor,33272,gasoline,a/t,red,gray,1,1,11900.0,192.0,2.3,23,1386.3333333333333
jeep,wrangler se,71000,gasoline,5-speed m/t,red,gray,0,1,12499.0,150.0,2.4,23,2958.3333333333335
kia,telluride sx,55400,gasoline,8-speed a/t,green,white,0,0,36500.0,291.0,3.8,6,7914.285714285715
land rover,lr4 lux,141525,gasoline,a/t,black,black,0,1,14490.0,375.0,5.0,14,9435.0
jaguar,xkr base,50000,gasoline,transmission w/dual shift mode,black,beige,1,1,21900.0,420.0,4.2,19,2500.0
bmw,m4 base,29140,gasoline,m/t,orange,orange,0,1,71995.0,425.0,3.0,6,4162.857142857143
bmw,m340 i xdrive,9000,hybrid,8-speed a/t,white,red,0,1,56900.0,382.0,3.0,4,1800.0
mercedes-benz,amg gle 53 amg gle 53,5595,hybrid,automatic,designo diamond white metallic,black,0,0,83598.0,362.0,3.0,5,932.5
ram,1500 laramie,34121,gasoline,automatic,granite crystal clearcoat metallic,black,0,0,48190.0,395.0,5.7,4,6824.2
bmw,alpina b7 base,36750,gasoline,a/t,black,black,0,1,35999.0,445.0,4.4,13,2625.0
mercedes-benz,c-class c280 4matic,49626,gasoline,a/t,white,–,0,1,12000.0,228.0,3.0,19,2481.3
jeep,compass high altitude,45000,gasoline,a/t,white,beige,1,1,16500.0,172.0,2.4,9,4500.0
toyota,highlander hybrid xle,69350,hybrid,a/t,black,gray,0,1,36000.0,306.0,3.5,7,8668.75
bmw,x5 m base,8307,gasoline,8-speed automatic,blue metallic,sakhir orange,0,0,98900.0,555.0,4.4,4,1661.4
bmw,m3 base,4106,gasoline,6-speed manual,isle of man green metallic,kyalami orange,0,1,84645.0,414.0,3.0,3,1026.5
bmw,m3 base,184700,gasoline,5-speed m/t,blue,gray,0,1,36950.0,240.0,3.2,27,6596.428571428572
maserati,quattroporte s q4 granlusso,57500,gasoline,8-speed a/t,white,brown,0,1,41900.0,424.0,3.0,8,6388.888888888889
acura,rdx advance package,29000,gasoline,10-speed a/t,black,black,0,1,39650.0,272.0,2.0,5,4833.333333333333
mercedes-benz,gla-class gla 250 4matic,61675,gasoline,transmission w/dual shift mode,gray,black,1,1,19000.0,208.0,2.0,11,5139.583333333333
mercedes-benz,sprinter 3500xd high roof,33300,diesel,7-speed a/t,white,black,0,1,45000.0,188.0,3.0,5,5550.0
cadillac,xts luxury,62950,gasoline,6-speed a/t,silver,gray,1,1,17498.0,304.0,3.6,12,4842.307692307692
chevrolet,camaro 2lt,56675,gasoline,transmission w/dual shift mode,silver,black,0,1,19750.0,323.0,3.6,11,4722.916666666667
porsche,cayenne s,92000,gasoline,8-speed a/t,green,gray,0,1,23000.0,400.0,4.8,13,6571.428571428572
dodge,magnum r/t,96000,gasoline,5-speed a/t,gray,gold,1,1,12000.0,340.0,5.7,21,4363.636363636364
infiniti,q70 3.7x,33500,gasoline,7-speed a/t,black,black,0,1,23000.0,330.0,3.7,12,2576.923076923077
land rover,range sv autobiography dynamic swb,16754,gasoline,8-speed a/t,white,white,0,1,99175.0,557.0,5.0,6,2393.4285714285716
toyota,camry hybrid base,53249,hybrid,a/t,silver,gray,1,1,9250.0,147.0,2.4,19,2662.45
gmc,acadia slt-1,119000,gasoline,a/t,gold,brown,0,1,12500.0,281.0,3.6,10,10818.181818181818
lincoln,corsair reserve,29336,gasoline,8-speed automatic,black,sandstone,0,0,36999.0,310.0,2.0,5,4889.333333333333
ram,2500 slt,86000,diesel,6-speed a/t,gray,gray,1,1,41000.0,350.0,6.7,9,8600.0
ram,3500 laramie,177000,diesel,6-speed a/t,black,–,1,1,40500.0,385.0,6.7,12,13615.384615384615
mercedes-benz,gl-class gl 450 4matic,93500,gasoline,a/t,black,black,1,1,15900.0,362.0,4.6,13,6678.571428571428
bmw,m5 base,47700,gasoline,8-speed a/t,red,white,1,1,54999.0,600.0,4.4,8,5300.0
ford,mustang svt cobra,97496,gasoline,6-speed m/t,gray,gray,0,0,24500.0,390.0,4.6,23,4062.3333333333335
acura,ilx premium package,16120,gasoline,8-speed automatic with auto-shift,gray,ebony,0,0,26599.0,201.0,2.4,4,3224.0
buick,rainier cxl,147589,gasoline,a/t,white,beige,1,1,2800.0,275.0,4.2,21,6708.590909090909
cadillac,escalade luxury,95570,e85 flex fuel,a/t,black,black,1,1,22000.0,403.0,6.2,13,6826.428571428572
mercedes-benz,s-class s 560,45791,gasoline,9-speed a/t,gray,gray,0,1,52000.0,463.0,4.0,8,5087.888888888889
infiniti,qx80 base,60000,gasoline,7-speed a/t,silver,beige,1,1,25950.0,400.0,5.6,10,5454.545454545455
buick,encore preferred,50000,gasoline,6-speed a/t,white,black,0,1,18795.0,138.0,1.4,7,6250.0
mercedes-benz,gls 450 base 4matic,33481,gasoline,9-speed automatic,black,almond beige,0,0,43999.0,362.0,3.0,7,4185.125
jeep,liberty limited,107000,gasoline,a/t,gray,gray,0,1,5900.0,210.0,3.7,16,6294.117647058823
mercedes-benz,s-class s 63 amg,60000,gasoline,transmission w/dual shift mode,white,black,1,1,37000.0,536.0,5.5,15,3750.0
audi,a8 l 3.0t,55000,gasoline,a/t,white,brown,0,1,28000.0,333.0,3.0,10,5000.0
mazda,cx-30 2.5 s select package,4004,gasoline,6-speed a/t,black,black,0,1,25500.0,186.0,2.5,4,800.8
bentley,continental gt speed,57800,gasoline,6-speed a/t,blue,beige,0,0,59400.0,600.0,6.0,17,3211.1111111111113
bentley,continental gt v8,10972,gasoline,8-speed automatic with auto-shift,red,black,0,1,99175.0,542.0,4.0,4,2194.4
bentley,flying spur v8,27858,gasoline,8-speed automatic with auto-shift,–,–,0,1,99175.0,552.0,4.0,4,5571.6
porsche,911 carrera 4s,31678,gasoline,–,silver,–,0,0,99175.0,355.0,3.0,8,3519.777777777778
volkswagen,golf r 4-door,47144,gasoline,6-speed m/t,blue,black,0,1,29950.0,292.0,2.0,10,4285.818181818182
hyundai,genesis coupe 3.8 grand touring,165454,gasoline,6-speed a/t,gray,black,1,1,4000.0,306.0,3.8,15,10340.875
ford,f-150 xlt,98000,gasoline,10-speed a/t,white,–,1,1,25500.0,375.0,3.5,8,10888.888888888889
hyundai,tucson limited,39913,gasoline,6-speed automatic,black noir pearl,beige,0,0,22749.0,174.0,2.4,6,5701.857142857143
ford,mustang v6,147191,gasoline,6-speed a/t,blue,black,1,1,12990.0,305.0,3.7,13,10513.642857142857
bmw,435 i,53600,gasoline,8-speed a/t,silver,black,0,1,25980.0,300.0,3.0,12,4123.076923076923
dodge,challenger r/t,100100,missing,transmission w/dual shift mode,purple,black,0,1,17000.0,375.0,5.7,16,5888.235294117647
mercedes-benz,amg g 63 base,1750,gasoline,9-speed a/t,blue,black,0,1,99175.0,577.0,4.0,6,250.0
dodge,challenger srt hellcat,2750,gasoline,8-speed a/t,orange,black,0,1,99175.0,797.0,6.2,6,392.85714285714283
porsche,boxster base,40800,gasoline,7-speed a/t,brown,beige,0,1,35500.0,265.0,2.7,13,2914.285714285714
porsche,macan base,36798,gasoline,7-speed automatic with auto-shift,volcano grey metallic,black,1,1,49500.0,252.0,2.0,8,4088.6666666666665
ford,f-250 xl,77699,diesel,automatic,white,medium earth gray,0,0,49883.0,385.0,6.7,5,12949.833333333334
ford,mustang gt,87500,gasoline,a/t,red,black,1,1,14900.0,315.0,4.6,16,5147.058823529412
chevrolet,suburban lt,93000,gasoline,a/t,black,black,0,1,38500.0,355.0,5.3,6,13285.714285714286
mercedes-benz,c-class c 300 4matic,41515,gasoline,9-speed automatic,black,black,0,1,28251.0,255.0,2.0,8,4612.777777777777
ram,1500 classic warlock,19000,e85 flex fuel,8-speed automatic,diamond black,diesel gray / black,1,0,33242.0,395.0,3.6,7,2375.0
toyota,sequoia sr5,1539,hybrid,automatic,green,boulder,1,1,76373.0,291.5,3.4,3,384.75
bmw,m5 base,31090,gasoline,8-speed a/t,green,black,1,1,68000.0,600.0,4.4,8,3454.4444444444443
mazda,mazda3 fwd w/premium package,21701,gasoline,6-speed automatic,soul red crystal metallic,black,0,0,25099.0,184.0,2.5,4,4340.2
nissan,rogue sl,97726,gasoline,variable,gun metallic,charcoal,1,0,15998.0,170.0,2.5,10,8884.181818181818
audi,a7 3.0t prestige,73000,diesel,8-speed a/t,white,gray,0,1,34000.0,240.0,3.0,11,6083.333333333333
genesis,g80 3.8,23600,gasoline,a/t,blue,gray,0,1,31900.0,311.0,3.8,6,3371.4285714285716
rolls-royce,ghost base,8755,gasoline,a/t,black,black,0,1,99175.0,563.0,6.6,10,795.9090909090909
bmw,m6 gran coupe base,20500,gasoline,transmission w/dual shift mode,blue,black,0,1,67900.0,560.0,4.4,7,2562.5
ford,mustang v6,57912,gasoline,6-speed m/t,black,black,1,1,18750.0,305.0,3.7,13,4136.571428571428
bmw,650 i,35000,gasoline,a/t,black,black,0,1,18500.0,360.0,4.8,17,1944.4444444444443
nissan,leaf sv plus,7089,missing,1-speed a/t,black,black,1,1,29895.0,214.0,3.5,3,1772.25
lincoln,mkc reserve,35469,gasoline,6-speed automatic,black,–,0,0,30890.0,240.0,2.3,7,4433.625
kia,telluride ex,14676,gasoline,8-speed automatic,dark moss,gray,0,0,46787.0,201.0,3.8,4,2935.2
lincoln,navigator reserve,13750,gasoline,10-speed a/t,white,beige,0,1,79999.0,440.0,3.5,4,2750.0
mercedes-benz,s-class s 550 4matic,13300,gasoline,a/t,black,black,0,1,62500.0,449.0,4.7,11,1108.3333333333333
chevrolet,suburban lt,117000,gasoline,6-speed a/t,blue,beige,0,1,27000.0,355.0,6.0,9,11700.0
audi,a7 55 premium,27100,hybrid,a/t,white,black,0,1,50000.0,335.0,3.0,6,3871.4285714285716
ford,mustang ecoboost premium,89352,gasoline,6-speed a/t,white,black,1,1,20989.0,310.0,2.3,9,8935.2
chevrolet,cruze ls,100000,gasoline,a/t,white,black,1,1,8500.0,153.0,1.4,8,11111.111111111111
land rover,range hse swb,16000,hybrid,a/t,silver,black,0,1,75500.0,395.0,3.0,6,2285.714285714286
land rover,defender s,15200,gasoline,a/t,white,black,0,1,62999.0,296.0,2.0,3,3800.0
bmw,650 i,39960,gasoline,6-speed m/t,white,brown,0,1,38995.0,400.0,4.4,14,2664.0
ford,mustang base,119000,gasoline,a/t,white,black,1,1,13500.0,210.0,4.0,18,6263.1578947368425
kia,k5 gt-line,10971,gasoline,8-speed automatic,passion red,black,0,0,29998.0,201.0,1.6,4,2194.2
mazda,mazda3 i touring,118500,gasoline,m/t,silver,black,1,1,11500.0,155.0,2.0,12,9115.384615384615
kia,stinger gt1,8288,gasoline,8-speed a/t,black,black,0,1,45899.0,365.0,3.3,5,1381.3333333333333
chevrolet,camaro zl1,2950,gasoline,10-speed a/t,red,gray,0,1,74500.0,650.0,6.2,3,737.5
mercedes-benz,amg g 63 base,73000,gasoline,7-speed a/t,white,black,1,1,78000.0,563.0,5.5,9,7300.0
ford,thunderbird premium,82000,gasoline,transmission w/dual shift mode,gold,white,0,1,14900.0,280.0,3.9,21,3727.2727272727275
audi,e-tron prestige,7874,missing,1-speed automatic,typhoon gray metallic,pearl beige,0,0,38999.0,355.0,3.0,7,984.25
gmc,sierra 1500 slt,49105,gasoline,8-speed a/t,white,black,0,1,39750.0,420.0,6.2,9,4910.5
kia,telluride lx,5500,gasoline,8-speed a/t,silver,black,0,1,40000.0,291.0,3.8,3,1375.0
chevrolet,corvette base,36700,gasoline,6-speed m/t,blue,black,0,1,26000.0,400.0,6.0,21,1668.1818181818182
bmw,650 i,40000,gasoline,transmission w/dual shift mode,white,beige,0,1,34000.0,445.0,4.4,12,3076.923076923077
nissan,rogue sl,78110,gasoline,a/t,silver,black,0,0,17500.0,170.0,2.5,9,7811.0
gmc,acadia denali,74864,gasoline,a/t,gray,beige,0,1,19780.0,288.0,3.6,11,6238.666666666667
cadillac,escalade premium luxury platinum,15350,gasoline,10-speed a/t,black,black,0,1,93500.0,420.0,6.2,5,2558.3333333333335
nissan,gt-r premium,46100,gasoline,6-speed a/t,blue,black,0,1,72999.0,485.0,3.8,16,2711.764705882353
toyota,highlander xle,61454,gasoline,a/t,silver,gray,0,1,31000.0,295.0,3.5,8,6828.222222222223
bmw,x7 xdrive40i,45241,gasoline,a/t,blue,brown,0,1,54500.0,335.0,3.0,6,6463.0
infiniti,qx60 base,48000,gasoline,cvt transmission,black,black,0,1,27000.0,295.0,3.5,8,5333.333333333333
lexus,is 250c base,68500,gasoline,6-speed m/t,black,beige,0,1,18500.0,204.0,2.5,16,4029.4117647058824
gmc,sierra 1500 denali,43433,gasoline,automatic,onyx black,walnut,0,0,51899.0,355.0,5.3,7,5429.125
chevrolet,ssr base,122961,gasoline,4-speed automatic,redline red,ebony,0,1,20995.0,300.0,6.0,21,5589.136363636364
dodge,challenger r/t,92861,gasoline,5-speed a/t,gray,red,0,1,19750.0,375.0,5.7,12,7143.153846153846
hyundai,equus signature,72000,gasoline,8-speed a/t,white,beige,0,1,21400.0,429.0,5.0,10,6545.454545454545
lamborghini,aventador svj base,6929,gasoline,a/t,blue,black,0,1,99175.0,759.0,6.5,7,866.125
ford,mustang gt,83000,gasoline,a/t,gray,black,0,1,10500.0,260.0,4.6,23,3458.3333333333335
audi,e-tron premium,18031,missing,1-speed automatic,navarra blue metallic,black,0,0,39599.0,333.0,3.0,5,3005.1666666666665
toyota,sequoia limited,8200,hybrid,10-speed a/t,brown,black,0,1,78900.0,437.0,3.4,3,2050.0
land rover,range sport hst mhev,19000,hybrid,transmission w/dual shift mode,silver,black,0,0,74900.0,395.0,3.0,6,2714.285714285714
jeep,grand cherokee l limited,12875,gasoline,8-speed automatic,diamond black,global black,0,0,42599.0,293.0,3.6,4,2575.0
maserati,granturismo sport,32000,gasoline,a/t,beige,brown,0,1,36000.0,454.0,4.7,11,2666.6666666666665
bmw,m5 base,61145,gasoline,7-speed a/t,white,beige,1,1,37500.0,560.0,4.4,13,4367.5
mercedes-benz,c-class 4matic sedan,9612,gasoline,"automatic, 9-spd 9g-tronic",–,–,0,0,43900.0,362.0,2.0,4,1922.4
land rover,range sport first edition,3534,hybrid,automatic,red,black,0,0,99175.0,380.0,4.4,3,883.5
ford,f-150 lariat,152000,gasoline,6-speed a/t,brown,beige,0,1,14000.0,365.0,3.5,15,9500.0
audi,a4 2.0t premium,129567,gasoline,a/t,white,black,0,1,7000.0,211.0,2.0,14,8637.8
bmw,540 i xdrive,36000,gasoline,8-speed a/t,gray,black,1,1,41995.0,335.0,3.0,7,4500.0
bmw,x6 xdrive35i,92008,gasoline,6-speed a/t,white,black,0,1,12500.0,300.0,3.0,17,5111.555555555556
ford,mustang base,63900,gasoline,a/t,white,gray,0,1,10300.0,150.0,3.8,28,2203.448275862069
toyota,sequoia limited,150900,gasoline,a/t,black,gray,0,1,17500.0,381.0,5.7,14,10060.0
dodge,challenger r/t scat pack,43000,missing,6-speed m/t,green,black,0,1,50000.0,345.0,6.4,7,5375.0
land rover,range 3.0l supercharged,38020,gasoline,automatic,white,espresso,0,0,63998.0,340.0,5.0,8,4224.444444444444
audi,q8 55 premium plus,14750,hybrid,transmission w/dual shift mode,silver,black,0,1,61059.0,335.0,3.0,5,2458.3333333333335
subaru,wrx base,52500,gasoline,6-speed m/t,gray,black,0,1,23000.0,268.0,2.0,11,4375.0
chevrolet,suburban lt,207571,gasoline,6-speed a/t,black,black,1,1,21000.0,355.0,5.3,9,20757.1
infiniti,qx60 pure,39000,gasoline,a/t,gray,gray,0,1,29900.0,295.0,3.5,6,5571.428571428572
porsche,cayman base,66000,gasoline,a/t,black,brown,0,0,28000.0,265.0,2.9,15,4125.0
infiniti,qx60 base,93500,gasoline,a/t,black,black,0,1,16000.0,295.0,3.5,9,9350.0
bmw,m4 base,7200,gasoline,7-speed a/t,black,black,0,1,64000.0,425.0,3.0,8,800.0
maserati,mc20 mc20,1220,gasoline,"automatic, 8-spd dual-clutch",–,–,0,0,99175.0,405.0,3.0,4,244.0
land rover,defender se,8421,hybrid,a/t,black,white,0,1,90000.0,395.0,3.0,3,2105.25
bmw,m8 base,25520,gasoline,8-speed automatic,brands hatch gray metallic,black,0,0,84900.0,335.0,4.4,6,3645.714285714286
tesla,model y performance,30554,missing,1-speed automatic,blue,black,0,0,41999.0,455.0,3.5,6,4364.857142857143
volvo,c40 recharge pure electric twin ultimate,17000,missing,a/t,gray,blue,0,1,54900.0,402.0,2.0,3,4250.0
mercedes-benz,sl-class sl 550,41314,gasoline,transmission w/dual shift mode,red,white,1,1,30999.0,382.0,5.5,15,2582.125
land rover,range p525 hse swb,49899,gasoline,transmission w/dual shift mode,white,black,1,1,64500.0,518.0,5.0,6,7128.428571428572
ford,escape xlt,186268,e85 flex fuel,6-speed a/t,blue,black,0,1,4500.0,240.0,3.0,14,12417.866666666667
lexus,es 350 base,51335,gasoline,6-speed a/t,silver,black,1,1,25995.0,268.0,3.5,10,4666.818181818182
porsche,718 boxster gts,10400,gasoline,a/t,gray,black,0,1,99175.0,365.0,2.5,7,1300.0
mercedes-benz,g-class g 550,20622,gasoline,automatic,designo diamond white metallic,black,0,0,99175.0,362.0,4.0,6,2946.0
ram,1500 big horn,19376,gasoline,automatic,bright white clearcoat,black,0,1,45861.0,395.0,5.7,4,3875.2
audi,r8 5.2 v10 performance,12245,gasoline,7-speed automatic with auto-shift,daytona gray pearl effect w/ black roof,black / express red,0,0,99175.0,333.0,5.2,6,1749.2857142857142
mitsubishi,lancer evolution ix,77000,gasoline,5-speed m/t,silver,black,0,1,57000.0,286.0,2.0,20,3666.6666666666665
acura,tl technology,40000,gasoline,6-speed a/t,blue,gray,0,1,24000.0,280.0,3.5,13,2857.1428571428573
cadillac,cts luxury,113000,gasoline,6-speed a/t,white,beige,0,1,10000.0,270.0,3.0,14,7533.333333333333
chevrolet,camaro 1ss,7600,gasoline,6-speed m/t,gray,black,1,1,46000.0,455.0,6.2,4,1520.0
toyota,camry hybrid le,20400,hybrid,cvt transmission,white,gray,0,1,29900.0,208.0,2.5,4,4080.0
ford,transit-350 xlt,115000,gasoline,a/t,white,gray,0,1,39000.0,310.0,3.5,7,14375.0
lexus,rx 450h base,239000,hybrid,a/t,black,black,0,1,7000.0,295.0,3.5,14,15933.333333333334
jaguar,f-type v6 s,62194,gasoline,automatic,black,black,0,0,32998.0,340.0,3.0,12,4784.153846153846
jeep,wrangler sahara,22138,gasoline,automatic,black,black,0,0,38598.0,202.0,3.6,6,3162.5714285714284
porsche,718 boxster s,48900,gasoline,transmission w/dual shift mode,blue,black,0,1,62500.0,350.0,2.5,9,4890.0
audi,r8 5.2,21800,gasoline,transmission w/dual shift mode,white,black,0,1,99175.0,525.0,5.2,12,1676.923076923077
lincoln,mkz base,68200,gasoline,6-speed a/t,silver,black,1,1,16750.0,300.0,3.7,10,6200.0
chevrolet,s-10 ls crew cab,139000,gasoline,a/t,red,gray,0,1,7000.0,190.0,4.3,25,5346.153846153846
mercedes-benz,g-class g 550 4matic,76100,gasoline,a/t,black,black,0,1,99175.0,416.0,4.0,5,12683.333333333334
lexus,rx 350 rx 350 f sport handling,14330,gasoline,automatic,black,red,0,0,54998.0,301.0,3.5,4,2866.0
bmw,750 i xdrive,41906,gasoline,8-speed a/t,blue,white,1,1,45999.0,445.0,4.4,7,5238.25
chevrolet,camaro 2ss,164000,gasoline,8-speed a/t,black,red,0,1,21500.0,455.0,6.2,10,14909.09090909091
ford,fusion hybrid se,161933,hybrid,automatic cvt,blue,charcoal black,0,1,7945.0,188.0,2.0,13,11566.642857142857
hyundai,santa cruz 2.5t limited,22829,gasoline,automatic,hampton gray,black,0,0,34580.0,240.0,2.5,4,4565.8
lexus,rx 350 f sport,5483,gasoline,8-speed automatic,ultra white,black,0,0,59950.0,295.0,2.4,3,1370.75
land rover,range evoque s,46891,gasoline,9-speed a/t,gray,black,1,1,31000.0,246.0,2.0,6,6698.714285714285
chevrolet,suburban lt,72000,gasoline,a/t,blue,beige,1,1,39000.0,355.0,5.3,7,9000.0
porsche,718 spyder base,3400,gasoline,6-speed m/t,white,black,0,1,99175.0,414.0,4.0,6,485.7142857142857
chevrolet,camaro 1lt,18000,gasoline,10-speed a/t,white,black,1,1,30000.0,335.0,3.6,5,3000.0
jeep,gladiator freedom,30630,gasoline,automatic,hydro blue pearlcoat,black,0,0,39998.0,285.0,3.6,5,5105.0
toyota,tacoma double cab,24985,gasoline,5-speed a/t,silver,silver,0,0,33580.0,236.0,4.0,19,1249.25
gmc,yukon denali ultimate,9978,gasoline,10-speed a/t,white,gold,0,1,93999.0,420.0,6.2,3,2494.5
ford,shelby gt350r base,18500,gasoline,m/t,blue,black,1,1,77999.0,526.0,5.2,8,2055.5555555555557
cadillac,escalade premium luxury platinum,72843,gasoline,10-speed automatic,sandstone metallic,dark auburn,0,1,79990.0,420.0,6.2,5,12140.5
buick,lacrosse base,67500,gasoline,8-speed a/t,black,beige,0,1,20000.0,310.0,3.6,9,6750.0
tesla,model x long range plus,43534,missing,1-speed a/t,black,black,0,1,65990.0,534.0,3.5,6,6219.142857142857
mercedes-benz,e-class e 300 4matic,36900,gasoline,9-speed a/t,gray,beige,0,1,28500.0,241.0,2.0,9,3690.0
chevrolet,tahoe lt,61720,e85 flex fuel,automatic,silver,jet black,1,0,39998.0,337.5,5.3,9,6172.0
kia,telluride ex,35938,gasoline,8-speed automatic,glacial white pearl,black,0,0,43329.0,201.0,3.8,4,7187.6
toyota,tundra hybrid limited,10748,hybrid,automatic,midnight black metallic,black,0,0,63100.0,270.0,3.4,3,2687.0
audi,s8 4.0t quattro,4457,gasoline,automatic,mythos black metallic,black,0,0,99175.0,333.0,4.0,3,1114.25
nissan,armada platinum,108206,gasoline,automatic,white,charcoal,1,0,26498.0,390.0,5.6,8,12022.888888888889
land rover,discovery hse,32705,diesel,automatic,portofino blue metallic,tan/ebony/ebony,0,0,46598.0,340.0,3.0,6,4672.142857142857
kia,telluride s,74026,gasoline,8-speed automatic,sangria red,black,0,0,32913.0,291.0,3.8,6,10575.142857142857
lexus,gs 350 f sport,24651,gasoline,6-speed automatic,ultra white,black,0,0,45950.0,301.0,3.5,6,3521.5714285714284
bmw,x6 xdrive40i,13000,hybrid,transmission w/dual shift mode,gray,orange,0,1,69000.0,335.0,3.0,4,2600.0
land rover,range p400 se swb,11700,hybrid,transmission w/dual shift mode,gray,white,0,1,99175.0,395.0,3.0,3,2925.0
chevrolet,silverado 3500 high country,77500,diesel,6-speed a/t,black,brown,0,1,54000.0,397.0,6.6,11,6458.333333333333
maserati,quattroporte sport gt,82000,gasoline,transmission w/dual shift mode,black,black,1,1,7999.0,394.0,4.2,19,4100.0
dodge,viper gtc,1389,gasoline,m/t,black,black,0,1,99175.0,645.0,8.4,9,138.9
ford,expedition limited,29830,gasoline,10-speed automatic,magnetic metallic,ebony,0,0,55329.0,375.0,3.5,5,4971.666666666667
mazda,mazda6 i grand touring,83100,missing,a/t,white,white,0,1,17800.0,184.0,2.5,10,7554.545454545455
kia,optima lx,62660,gasoline,a/t,white,black,0,1,16500.0,185.0,2.4,7,7832.5
land rover,range sport svr,56006,gasoline,transmission w/dual shift mode,silver,white,0,1,59000.0,575.0,5.0,8,6222.888888888889
lexus,rx 450h f sport handling,31365,hybrid,variable,beige,red,0,0,52998.0,301.0,3.5,5,5227.5
lincoln,town car base,27600,gasoline,4-speed a/t,black,white,0,1,14900.0,239.0,4.6,22,1200.0
honda,civic si,47245,gasoline,6-speed m/t,white,black,0,1,19600.0,201.0,2.4,14,3149.6666666666665
lexus,rx 450h base,73948,hybrid,a/t,white,beige,0,1,31990.0,308.0,3.5,9,7394.8
ram,1500 classic warlock,36757,e85 flex fuel,8-speed automatic,diamond black,diesel gray / black,0,1,31953.0,395.0,3.6,7,4594.625
tesla,model y long range,4786,missing,a/t,white,white,0,1,48000.0,425.0,3.5,3,1196.5
audi,rs 3 2.5t,1900,gasoline,transmission w/dual shift mode,gray,black,0,1,78900.0,401.0,2.5,3,475.0
hyundai,genesis coupe 3.8 r-spec,52060,gasoline,6-speed m/t,black,black,1,1,15000.0,348.0,3.8,12,4004.6153846153848
porsche,boxster rs 60 spyder,58000,gasoline,6-speed m/t,silver,black,0,1,41500.0,303.0,3.4,18,3052.6315789473683
ford,f-250 xlt,52246,diesel,6-speed manual,tan,medium stone,0,1,26095.0,392.5,6.4,16,3073.294117647059
kia,sorento ex,64290,gasoline,6-speed automatic,snow white pearl,satin black,0,0,16999.0,201.0,2.0,10,5844.545454545455
nissan,370z touring,37500,gasoline,6-speed m/t,silver,orange,0,1,21500.0,332.0,3.7,17,2083.3333333333335
genesis,g70 2.0t,2121,gasoline,8-speed a/t,white,red,0,1,40750.0,252.0,2.0,3,530.25
land rover,range sport supercharged,57000,gasoline,transmission w/dual shift mode,white,beige,0,1,26000.0,510.0,5.0,13,4071.4285714285716
mercedes-benz,s-class s 560 4matic,22000,gasoline,a/t,white,beige,0,1,69500.0,463.0,4.0,6,3142.8571428571427
ford,bronco wildtrak advanced,2000,gasoline,a/t,black,black,0,1,66500.0,315.0,2.7,3,500.0
ram,1500 slt,61802,e85 flex fuel,8-speed a/t,black,gray,0,1,32000.0,305.0,3.6,8,6866.888888888889
dodge,challenger r/t,73000,missing,a/t,black,black,0,1,17500.0,375.0,5.7,16,4294.117647058823
chevrolet,sonic lt,110000,missing,a/t,gray,black,0,1,7500.0,355.0,5.3,13,7857.142857142857
jeep,grand cherokee laredo,106700,e85 flex fuel,6-speed a/t,black,black,0,1,13500.0,290.0,3.6,13,7621.428571428572
audi,rs 5 4.2,75965,gasoline,7-speed a/t,white,black,1,1,35999.0,450.0,4.2,13,5426.071428571428
jeep,grand cherokee l overland,31804,gasoline,automatic,silver zynith,global black,1,1,48995.0,285.0,3.6,4,6360.8
mazda,mx-5 miata base,125800,missing,5-speed m/t,red,black,0,1,11500.0,140.0,1.8,34,3594.285714285714
chrysler,crossfire limited,116320,gasoline,5-speed a/t,gray,red,1,1,6000.0,215.0,3.2,21,5287.272727272727
audi,s5 4.2 premium plus,156875,gasoline,6-speed m/t,black,red,1,1,9900.0,354.0,4.2,15,9804.6875
tesla,model x base,197,missing,a/t,blue,black,0,1,85000.0,670.0,3.5,3,49.25
cadillac,ct4 luxury,35200,gasoline,8-speed a/t,blue,black,0,1,28500.0,237.0,2.0,6,5028.571428571428
maserati,ghibli s q4,76000,gasoline,a/t,black,black,0,1,19000.0,404.0,3.0,12,5846.153846153846
jaguar,f-pace 25t premium,29000,gasoline,a/t,white,black,0,1,34500.0,247.0,2.0,7,3625.0
bmw,750 i xdrive,33499,gasoline,a/t,gray,black,1,1,44495.0,445.0,4.4,7,4187.375
acura,tlx v6 advance,25779,gasoline,9-speed automatic,platinum white pearl,ebony,1,0,30999.0,290.0,3.5,7,3222.375
gmc,terrain slt-1,76296,gasoline,6-speed a/t,gray,black,1,1,9500.0,182.0,2.4,11,6358.0
bmw,i3 base w/range extender,29553,missing,1-speed a/t,black,gray,0,1,12800.0,170.0,0.65,12,2273.3076923076924
nissan,versa 1.8 s,109902,gasoline,a/t,blue,gray,0,1,4500.0,122.0,1.8,15,6868.875
mercedes-benz,c-class c 300 4matic,23083,gasoline,9-speed a/t,white,beige,0,1,33500.0,255.0,2.0,7,2885.375
toyota,matrix xrs,143600,gasoline,6-speed m/t,black,black,0,1,4199.0,180.0,1.8,23,5983.333333333333
ram,1500 limited,22000,gasoline,8-speed a/t,black,black,0,1,54800.0,395.0,5.7,5,3666.6666666666665
mercedes-benz,amg e 53 base 4matic,13000,hybrid,9-speed a/t,silver,black,0,1,81500.0,429.0,3.0,4,2600.0
audi,a5 2.0t premium,53000,gasoline,a/t,white,brown,1,1,28000.0,252.0,2.0,8,5888.888888888889
lincoln,navigator reserve,44741,gasoline,10-speed a/t,beige,beige,0,1,52999.0,450.0,3.5,7,5592.625
audi,a6 3.2 quattro,202000,gasoline,a/t,blue,gray,1,1,5700.0,255.0,3.2,18,10631.578947368422
chevrolet,silverado 1500 lt crew cab,215000,gasoline,a/t,black,black,1,1,6995.0,345.0,6.0,20,10238.095238095239
mercedes-benz,s-class s 560,77138,gasoline,automatic,designo diamond white,black,0,0,49998.0,463.0,4.0,7,9642.25
volvo,xc90 t6 momentum,90641,gasoline,8-speed automatic,white,amber,0,0,25999.0,316.0,2.0,8,10071.222222222223
toyota,camry se,177702,gasoline,a/t,gray,gray,1,1,7700.0,179.0,2.5,15,11106.375
mercedes-benz,metris base,58350,gasoline,7-speed a/t,black,black,0,1,29497.0,208.0,2.0,8,6483.333333333333
chevrolet,camaro 2lt,86170,gasoline,6-speed a/t,black,black,1,1,17000.0,304.0,3.6,16,5068.823529411765
mazda,mx-5 miata grand touring,36568,gasoline,6-speed m/t,blue,beige,1,1,20199.0,167.0,2.0,14,2437.866666666667
ford,escape se,54357,gasoline,6-speed a/t,white,gray,0,1,16250.0,173.0,1.6,11,4529.75
mercedes-benz,s-class s 63 amg,20394,gasoline,automatic,black,black,1,0,59598.0,536.0,5.5,11,1699.5
kia,niro ex,7578,hybrid,automatic,snow white pearl,charcoal,0,0,31113.0,201.0,1.6,3,1894.5
porsche,boxster base,64800,gasoline,6-speed m/t,gray,gray,1,1,20900.0,255.0,2.9,16,3811.764705882353
toyota,4runner trail,117780,gasoline,5-speed a/t,gray,black,0,1,27750.0,270.0,4.0,10,10707.272727272728
hyundai,kona ev sel,33100,missing,1-speed a/t,black,black,0,1,18200.0,201.0,2.4,7,4137.5
land rover,range evoque se,86202,gasoline,9-speed a/t,black,black,0,1,18750.0,240.0,2.0,10,7836.545454545455
ford,e350 super duty xlt,163000,e85 flex fuel,a/t,white,gray,0,1,19550.0,255.0,5.4,14,10866.666666666666
mercedes-benz,sl-class sl500 roadster,35400,gasoline,7-speed a/t,black,gray,0,1,24900.0,302.0,5.0,22,1539.1304347826087
jeep,compass trailhawk,31000,gasoline,9-speed a/t,gray,black,0,1,22000.0,180.0,2.4,8,3444.4444444444443
mercedes-benz,s-class s 560 4matic,103069,gasoline,automatic,anthracite blue metallic,silk beige/espresso brown,0,0,40998.0,463.0,4.0,8,11452.111111111111
mercedes-benz,g-class g 550 4matic,22480,gasoline,a/t,white,brown,0,1,99175.0,416.0,4.0,5,3746.6666666666665
tesla,model x p90d,91000,missing,a/t,silver,white,0,1,39500.0,691.0,3.5,10,8272.727272727272
lexus,is-f base,41500,gasoline,8-speed a/t,blue,black,1,1,44800.0,416.0,5.0,16,2441.176470588235
bmw,335 i,91545,gasoline,6-speed a/t,black,black,0,1,13000.0,300.0,3.0,16,5385.0
audi,rs 7 4.0t,4100,hybrid,8-speed a/t,blue,black,0,1,99175.0,591.0,4.0,4,820.0
buick,lucerne cxl,110000,gasoline,a/t,gold,beige,0,1,5000.0,275.0,4.6,20,5238.0952380952385
lincoln,mkx reserve,88000,gasoline,transmission w/dual shift mode,black,black,0,1,18500.0,335.0,2.7,10,8000.0
nissan,armada platinum,42833,gasoline,transmission w/dual shift mode,blue,gray,0,1,37000.0,390.0,5.6,8,4759.222222222223
porsche,911 carrera,23278,gasoline,automatic,blue,–,0,0,99175.0,364.5,3.0,6,3325.4285714285716
mercedes-benz,e-class 400e,106983,missing,4-speed a/t,white,gray,0,1,15300.0,362.0,3.5,33,3146.5588235294117
bmw,435 gran coupe i,60100,gasoline,8-speed a/t,blue,beige,0,1,24995.0,300.0,3.0,11,5008.333333333333
jeep,wagoneer series iii,17381,gasoline,8-speed automatic,velvet red pearlcoat,global black,0,1,69685.0,285.0,5.7,4,3476.2
cadillac,ats 2.5l,63172,gasoline,a/t,black,black,1,1,12995.0,202.0,2.5,13,4512.285714285715
ford,transit connect xlt,72000,gasoline,a/t,white,gray,1,1,10900.0,136.0,2.0,16,4235.294117647059
kia,ev6 gt-line,4820,missing,1-speed a/t,red,black,0,1,47500.0,320.0,2.4,4,964.0
audi,s5 3.0t premium plus,67900,gasoline,6-speed m/t,silver,black,0,0,25990.0,333.0,3.0,12,5223.076923076923
toyota,tundra sr,51000,gasoline,a/t,black,gray,0,1,38000.0,381.0,5.7,8,5666.666666666667
jeep,wrangler unlimited freedom edition,54500,gasoline,a/t,green,black,0,1,35000.0,285.0,3.6,13,3892.8571428571427
maserati,quattroporte base,61840,gasoline,transmission w/dual shift mode,gray,beige,0,1,16500.0,394.0,4.2,20,2944.7619047619046
mercedes-benz,cls-class cls500,28950,gasoline,7-speed a/t,blue,beige,0,0,16750.0,302.0,5.0,20,1378.5714285714287
gmc,sierra 3500 sle,300000,diesel,5-speed a/t,black,gray,1,1,5000.0,300.0,6.6,24,12000.0
nissan,frontier sl,103400,gasoline,5-speed a/t,gray,gray,1,1,17000.0,261.0,4.0,15,6462.5
bmw,m5 base,816,gasoline,8-speed automatic,alpine white,black,0,0,99175.0,560.0,4.4,3,204.0
porsche,911 r,719,gasoline,6-speed manual,white,black / brown,0,1,99175.0,500.0,4.0,10,65.36363636363636
land rover,defender x-dynamic se,3678,hybrid,automatic,fuji white,black,0,0,81998.0,380.0,3.0,3,919.5
ford,f-150 xl,107000,e85 flex fuel,6-speed a/t,white,gray,1,1,22000.0,385.0,5.0,10,9727.272727272728
bmw,m8 competition,5018,gasoline,automatic,–,sakhir orange/black,0,0,99175.0,617.0,4.4,4,1003.6
porsche,911 carrera s,13850,gasoline,6-speed m/t,black,black,0,1,71400.0,385.0,3.8,16,814.7058823529412
volvo,xc70 3.2,46700,gasoline,6-speed a/t,white,beige,0,0,11400.0,235.0,3.2,18,2457.8947368421054
chrysler,300 touring,21478,gasoline,automatic,silver mist,black,0,0,27798.0,250.0,3.6,5,3579.6666666666665
honda,insight ex,64200,hybrid,cvt transmission,white,black,1,1,20499.0,151.0,1.5,6,9171.42857142857
porsche,cayman s,31075,gasoline,5-speed automatic,black,black / stone grey,0,1,36250.0,310.0,3.4,20,1479.7619047619048
tesla,model y performance,25250,missing,1-speed a/t,white,white,0,1,47800.0,455.0,3.5,4,5050.0
bmw,m5 competition,35400,gasoline,8-speed a/t,orange,black,0,1,71950.0,617.0,4.4,6,5057.142857142857
audi,s4 4.2 quattro,74030,gasoline,6-speed m/t,silver,gray,0,1,16000.0,340.0,4.2,22,3218.695652173913
ford,f-250 platinum,48549,diesel,automatic,antimatter blue metallic,black,0,0,69998.0,430.0,6.7,5,8091.5
kia,seltos s,5182,gasoline,a/t,white,black,0,1,32500.0,146.0,2.0,3,1295.5
ram,promaster 2500 high roof,31681,gasoline,a/t,white,black,1,1,33500.0,280.0,3.6,7,3960.125
bmw,m760 m760i xdrive,23430,gasoline,automatic,white,black,0,0,80998.0,335.0,6.6,6,3347.1428571428573
mercedes-benz,e-class e 400,30300,gasoline,a/t,white,black,1,1,29000.0,329.0,3.0,11,2525.0
cadillac,xts luxury,112000,gasoline,a/t,blue,beige,1,1,14599.0,304.0,3.6,10,10181.818181818182
infiniti,q50 premium,127356,gasoline,7-speed a/t,black,black,1,1,19990.0,328.0,3.7,12,9796.615384615385
volkswagen,touareg v6 executive,50600,gasoline,8-speed a/t,red,brown,1,1,28890.0,280.0,3.6,9,5060.0
chevrolet,suburban 1500 ltz,194000,e85 flex fuel,6-speed a/t,black,black,0,1,9950.0,320.0,5.3,15,12125.0
toyota,tundra sr5,33455,gasoline,6-speed a/t,green,black,0,1,44750.0,381.0,5.7,5,5575.833333333333
bmw,x1 sdrive28i,43000,gasoline,8-speed a/t,gray,black,0,1,35750.0,228.0,2.0,4,8600.0
mercedes-benz,gl-class gl 550 4matic,46102,gasoline,7-speed a/t,black,beige,0,1,35300.0,429.0,4.7,10,4191.090909090909
cadillac,xts luxury,59000,gasoline,6-speed a/t,black,black,0,1,21000.0,304.0,3.6,7,7375.0
jaguar,xj8 base,134000,gasoline,6-speed a/t,black,beige,1,1,9500.0,294.0,4.2,22,5826.086956521739
chevrolet,camaro zl1,3715,gasoline,a/t,black,black,0,1,99175.0,650.0,6.2,6,530.7142857142857
mercedes-benz,sprinter 2500,100245,diesel,a/t,white,–,1,1,24000.0,188.0,3.0,14,6683.0
mercedes-benz,c-class c 300 4matic,8583,gasoline,9-speed automatic,cirrus silver metallic,amg black,0,0,42999.0,255.0,2.0,4,1716.6
dodge,dakota slt,141800,gasoline,a/t,red,gray,1,1,5700.0,230.0,4.7,23,5908.333333333333
audi,a5 2.0t premium plus,77000,gasoline,8-speed a/t,white,black,0,1,13800.0,211.0,2.0,14,5133.333333333333
audi,a5 2.0t premium,67035,gasoline,transmission w/dual shift mode,pink,brown,1,1,31500.0,252.0,2.0,8,7448.333333333333
audi,s5 3.0 premium plus,61450,gasoline,7-speed a/t,white,gray,0,1,19500.0,333.0,3.0,14,4096.666666666667
porsche,panamera gts,39500,gasoline,transmission w/dual shift mode,black,black,0,1,52590.0,440.0,4.8,11,3291.6666666666665
mercedes-benz,amg gt c,6600,gasoline,transmission w/dual shift mode,black,beige,0,1,99175.0,550.0,4.0,6,942.8571428571429
chevrolet,camaro 2ss,2300,gasoline,6-speed m/t,red,black,0,1,51500.0,455.0,6.2,3,575.0
audi,q7 premium plus,10601,hybrid,automatic,mythos black,black,0,0,61998.0,333.0,3.0,3,2650.25
maserati,granturismo mc,18000,gasoline,transmission w/dual shift mode,red,black,0,1,67000.0,454.0,4.7,8,2000.0
gmc,sierra 2500 at4,31681,gasoline,automatic,cayenne red tintcoat,jet black,1,0,67963.0,445.0,6.6,4,6336.2
cadillac,xt6 sport awd,24114,gasoline,9-speed automatic,garnet red metallic,jet black,1,0,49427.0,401.5,3.6,6,3444.8571428571427
jeep,grand cherokee l laredo,22109,gasoline,automatic,bright white clearcoat,global black,0,0,43389.0,285.0,3.6,4,4421.8
chevrolet,avalanche 1500 lt,148000,e85 flex fuel,a/t,black,black,0,1,18000.0,320.0,5.3,14,9866.666666666666
bmw,m5 base,41000,gasoline,transmission w/dual shift mode,white,white,0,1,60200.0,600.0,4.4,8,4555.555555555556
nissan,titan se,127600,e85 flex fuel,a/t,brown,gray,0,1,19500.0,317.0,5.6,17,7088.888888888889
dodge,ram 1500 srt-10 quad cab,138450,gasoline,4-speed a/t,red,black,1,1,19000.0,500.0,8.3,21,6293.181818181818
gmc,sierra 1500 slt,230000,e85 flex fuel,a/t,white,black,0,1,15500.0,315.0,5.3,13,16428.571428571428
lexus,rx 350 f sport,53649,gasoline,a/t,black,red,0,1,33000.0,295.0,3.5,9,5364.9
mercedes-benz,gl-class gl 450 4matic,174000,gasoline,7-speed a/t,black,black,1,1,11999.0,335.0,4.6,14,11600.0
infiniti,qx80 luxe,49860,gasoline,automatic,black obsidian,graphite,1,1,47645.0,400.0,5.6,4,9972.0
mercedes-benz,amg c 63 s,13650,gasoline,9-speed a/t,blue,black,0,1,75000.0,503.0,4.0,5,2275.0
bmw,528 i xdrive,134000,gasoline,a/t,brown,brown,1,1,13500.0,240.0,2.0,10,12181.818181818182
porsche,911 carrera,78000,gasoline,transmission w/dual shift mode,brown,brown,0,1,68000.0,350.0,3.4,12,6000.0
porsche,boxster s,65750,gasoline,a/t,blue,gray,0,1,21750.0,280.0,3.2,21,2988.6363636363635
bmw,x6 m base,18000,gasoline,8-speed a/t,black,black,0,1,94000.0,600.0,4.4,5,3000.0
ford,mustang premium,121630,gasoline,a/t,white,black,0,1,9450.0,210.0,4.0,19,6081.5
rivian,r1s launch edition,4500,missing,1-speed a/t,silver,gray,0,1,89999.0,835.0,3.5,3,1125.0
volvo,xc90 recharge plug-in hybrid t8 inscription 7 passenger,9408,hybrid,8-speed automatic,black,gray,0,0,61999.0,455.0,2.0,4,1881.6
bmw,528 i xdrive,120000,gasoline,a/t,white,white,0,1,16000.0,240.0,2.0,10,10909.09090909091
cadillac,escalade esv platinum,168600,gasoline,8-speed a/t,white,beige,0,1,29500.0,420.0,6.2,10,15327.272727272728
chevrolet,corvette base,43705,gasoline,6-speed m/t,gray,black,0,1,25900.0,350.0,5.7,22,1900.2173913043478
audi,a5 2.0t premium,111000,gasoline,transmission w/dual shift mode,blue,beige,0,1,11500.0,211.0,2.0,13,7928.571428571428
audi,tt 2.0t premium,64549,gasoline,transmission w/dual shift mode,silver,black,0,1,17000.0,211.0,2.0,14,4303.266666666666
buick,lacrosse cx,53000,gasoline,4-speed a/t,red,gray,0,1,6500.0,200.0,3.8,19,2650.0
chevrolet,camaro 2ss,13465,gasoline,8-speed a/t,white,black,0,1,44900.0,455.0,6.2,9,1346.5
tesla,model y long range,5844,missing,a/t,white,black,0,1,52000.0,425.0,3.5,3,1461.0
bmw,m3 base,74000,gasoline,m/t,gray,black,0,1,40000.0,425.0,3.0,11,6166.666666666667
kia,optima lx,100331,gasoline,a/t,red,–,1,1,6900.0,200.0,2.4,15,6270.6875
toyota,supra 3.0 premium,24850,gasoline,a/t,black,black,0,1,53568.0,382.0,3.0,4,4970.0
lincoln,nautilus reserve,17467,gasoline,8-speed automatic,pristine white,slate,0,0,43860.0,335.0,2.0,5,2911.1666666666665
nissan,pathfinder sl,115000,gasoline,a/t,gray,black,0,1,11995.0,260.0,3.5,11,9583.333333333334
bmw,x5 xdrive50i,72000,gasoline,transmission w/dual shift mode,black,brown,1,1,26500.0,445.0,4.4,11,6000.0
mazda,mazdaspeed3 grand touring,162000,gasoline,6-speed m/t,black,black,1,1,6500.0,263.0,2.3,18,8526.315789473685
gmc,yukon xl slt,47589,gasoline,a/t,black,black,0,1,45500.0,355.0,5.3,9,4758.9
toyota,bz4x limited,6548,missing,automatic,wind chill pearl,black,0,0,41999.0,270.0,3.5,3,1637.0
ram,promaster 2500 high roof,10339,gasoline,6-speed a/t,white,gray,0,1,36990.0,280.0,3.6,8,1148.7777777777778
ram,1500 classic slt,32092,gasoline,8-speed automatic,patriot blue pearlcoat,black,0,1,35113.0,395.0,3.6,5,5348.666666666667
lexus,gs 350 base,85275,gasoline,automatic,nebula gray pearl,black,1,0,23998.0,307.0,3.5,12,6559.615384615385
hyundai,tucson limited,138000,gasoline,7-speed a/t,brown,beige,0,1,10990.0,175.0,1.6,10,12545.454545454546
chevrolet,ssr base,87500,gasoline,a/t,red,black,0,1,16999.0,300.0,5.3,23,3645.8333333333335
maserati,granturismo base,34920,gasoline,6-speed a/t,gray,brown,0,1,38900.0,440.0,4.7,13,2494.285714285714
tesla,model x performance,27224,missing,1-speed automatic,black,black,0,0,65999.0,778.0,3.5,6,3889.1428571428573
bmw,m2 base,25000,gasoline,7-speed a/t,black,black,0,1,52000.0,365.0,3.0,8,2777.777777777778
tesla,model y long range,14642,missing,a/t,red,black,0,1,48500.0,425.0,3.5,5,2440.3333333333335
subaru,outback 2.5i limited,162000,gasoline,cvt transmission,gray,black,0,1,13999.0,175.0,2.5,11,13500.0
buick,roadmaster estate,119500,gasoline,4-speed a/t,white,beige,1,1,16999.0,260.0,5.7,30,3854.8387096774195
land rover,range 5.0l supercharged,101800,gasoline,a/t,silver,black,0,1,36500.0,510.0,5.0,9,10180.0
ford,expedition max xlt,84351,gasoline,10-speed automatic,blue,ebony,0,1,42691.0,375.0,3.5,5,14058.5
nissan,leaf sl,26930,missing,1-speed a/t,white,beige,0,1,6700.0,107.0,3.5,14,1795.3333333333333
toyota,tacoma trd pro,40698,gasoline,6-speed,super white,black,0,0,42886.0,270.0,3.5,7,5087.25
mercedes-benz,amg gt 63 s 4-door,40000,gasoline,9-speed a/t,black,red,0,1,99175.0,630.0,4.0,6,5714.285714285715
bmw,230 i,30000,gasoline,8-speed a/t,blue,beige,1,1,29000.0,248.0,2.0,7,3750.0
lexus,es 350 base,78980,gasoline,6-speed a/t,silver,beige,1,1,10600.0,272.0,3.5,19,3949.0
porsche,911 carrera s cabriolet,28844,gasoline,6-speed manual,white,beige,0,0,69995.0,364.5,3.8,19,1442.2
porsche,taycan turbo,21028,missing,single-speed fixed gear,black,beige,0,0,96900.0,616.0,3.45,6,3004.0
maserati,levante modena,5409,gasoline,8-speed automatic,blu,black,0,1,88950.0,405.0,3.0,3,1352.25
dodge,challenger srt hellcat,12700,gasoline,8-speed a/t,black,black,1,1,69900.0,717.0,6.2,6,1814.2857142857142
mazda,mazda6 touring,19000,gasoline,a/t,blue,black,0,0,25900.0,187.0,2.5,5,3166.6666666666665
audi,s4 3.0t premium,12000,gasoline,a/t,black,black,0,1,48000.0,349.0,3.0,7,1500.0
ford,mustang gt premium,25717,gasoline,6-speed m/t,black,black,0,1,33900.0,435.0,5.0,10,2337.909090909091
tesla,model y long range,12055,missing,a/t,blue,black,0,1,44400.0,425.0,3.5,4,2411.0
audi,tts 2.0t premium plus,69700,gasoline,6-speed a/t,orange,–,1,1,23000.0,265.0,2.0,15,4356.25
bmw,m2 competition,25013,gasoline,7-speed a/t,black,black,0,1,55000.0,405.0,3.0,6,3573.285714285714
audi,q4 e-tron sportback premium,1156,missing,a/t,blue,black,0,1,54900.0,295.0,3.0,3,289.0
bmw,740 i,57939,gasoline,8-speed a/t,gray,black,0,1,27500.0,320.0,3.0,10,5267.181818181818
mercedes-benz,amg gle 43 coupe 4matic,52694,gasoline,transmission w/dual shift mode,gray,black,0,1,49999.0,385.0,3.0,8,5854.888888888889
mercedes-benz,s-class s 550 4matic,54000,gasoline,7-speed a/t,white,beige,0,1,37000.0,449.0,4.7,11,4500.0
honda,s2000 base,110500,gasoline,6-speed m/t,yellow,red,0,1,27000.0,240.0,2.0,24,4420.0
chevrolet,corvette base,97500,gasoline,6-speed m/t,yellow,black,0,1,10000.0,345.0,5.7,26,3611.1111111111113
chevrolet,colorado z71,20909,gasoline,automatic,red,jet black,0,1,35387.0,355.0,3.6,6,2987.0
mercedes-benz,s-class s 63 amg,77648,gasoline,7-speed a/t,silver,black,0,1,40000.0,536.0,5.5,13,5546.285714285715
bentley,continental gtc base,79422,gasoline,8-speed a/t,black,black,0,1,64000.0,616.0,6.0,13,5673.0
gmc,sierra 2500 sle h/d extended cab,53850,gasoline,a/t,silver,gray,1,1,16900.0,340.0,8.1,24,2154.0
audi,sq5 3.0t premium,21832,gasoline,8-speed a/t,blue,black,0,1,42000.0,349.0,3.0,6,3118.8571428571427
toyota,corolla im base,41932,gasoline,6-speed m/t,black,black,0,1,18700.0,137.0,1.8,9,4193.2
gmc,yukon xl slt,110000,gasoline,a/t,blue,black,1,1,34999.0,355.0,5.3,9,11000.0
toyota,tundra 1794,67400,gasoline,a/t,black,brown,0,1,47500.0,381.0,5.7,6,9628.57142857143
subaru,wrx premium,62662,gasoline,m/t,red,black,1,1,24000.0,268.0,2.0,9,6266.2
subaru,wrx base,102000,gasoline,m/t,white,black,1,1,18000.0,268.0,2.0,11,8500.0
infiniti,q50 premium,79785,gasoline,7-speed a/t,red,white,1,1,16488.0,328.0,3.7,12,6137.307692307692
chevrolet,suburban premier,166549,gasoline,6-speed a/t,white,beige,1,1,24950.0,355.0,5.3,9,16654.9
toyota,sequoia limited,190656,gasoline,a/t,black,gray,1,1,8900.0,273.0,4.7,20,9078.857142857143
dodge,challenger r/t scat pack,7928,missing,6-speed m/t,red,red,0,1,37500.0,345.0,6.4,10,720.7272727272727
porsche,cayenne gts,135606,gasoline,transmission w/dual shift mode,black,black,0,1,15000.0,405.0,4.8,17,7533.666666666667
kia,telluride s,14700,gasoline,8-speed a/t,blue,black,0,1,39900.0,291.0,3.8,3,3675.0
mercedes-benz,amg e 63 s 4matic,12985,gasoline,9-speed a/t,gray,black,1,1,96000.0,603.0,4.0,7,1623.125
bmw,z4 sdrive35is,4200,gasoline,transmission w/dual shift mode,white,red,0,1,64995.0,335.0,3.0,12,323.0769230769231
subaru,impreza 2.0i sport,44000,gasoline,5-speed m/t,red,black,0,1,23500.0,152.0,2.0,9,4400.0
dodge,dart se,66000,gasoline,6-speed m/t,black,black,0,1,12000.0,160.0,2.0,11,5500.0
land rover,range p525 westminster,17945,gasoline,8-speed automatic,santorini black metallic,ebony,0,0,89900.0,380.0,5.0,5,2990.8333333333335
nissan,370z base,106700,gasoline,6-speed m/t,red,black,0,1,17500.0,332.0,3.7,13,7621.428571428572
cadillac,escalade esv luxury,120000,gasoline,10-speed a/t,black,black,0,1,55000.0,420.0,6.2,6,17142.85714285714
mercedes-benz,e-class e 350,59600,gasoline,transmission w/dual shift mode,white,beige,0,1,19900.0,302.0,3.5,14,3973.3333333333335
kia,optima hybrid ex,117220,hybrid,a/t,black,black,0,1,8900.0,206.0,2.4,14,7814.666666666667
chevrolet,silverado 3500 ltz,85200,diesel,10-speed a/t,silver,gray,0,1,67500.0,445.0,6.6,4,17040.0
volkswagen,golf gti 2.0t se 4-door,63450,gasoline,6-speed m/t,white,black,0,1,24325.0,220.0,2.0,8,7050.0
dodge,ram 1500 srt-10,73000,gasoline,6-speed m/t,black,gray,0,1,22500.0,500.0,8.3,22,3173.913043478261
scion,tc anniversary edition,115000,gasoline,6-speed m/t,silver,silver,0,1,11495.0,179.0,2.5,12,8846.153846153846
land rover,range 5.0l supercharged autobiography,56000,gasoline,8-speed a/t,black,brown,0,1,49900.0,510.0,5.0,10,5090.909090909091
lexus,ls 500 base,67296,gasoline,"automatic, 10-spd",–,–,0,0,40900.0,301.0,3.5,8,7477.333333333333
chevrolet,suburban 1500 lt,179200,gasoline,6-speed a/t,black,–,1,1,16000.0,355.0,5.3,11,14933.333333333334
maserati,granturismo base,28000,gasoline,6-speed a/t,white,red,0,1,44999.0,444.0,4.7,11,2333.3333333333335
porsche,911 carrera turbo,155000,gasoline,6-speed m/t,black,black,0,1,55000.0,415.0,3.6,23,6458.333333333333
hyundai,sonata hybrid base,154000,hybrid,a/t,green,gray,1,1,8500.0,206.0,2.4,14,10266.666666666666
cadillac,cts luxury,62500,gasoline,6-speed a/t,red,beige,1,1,18955.0,270.0,3.0,14,4166.666666666667
bmw,323 ci,177700,gasoline,5-speed a/t,silver,black,0,1,2500.0,170.0,2.5,26,6581.481481481482
tesla,model 3 standard range plus,83700,missing,a/t,black,black,1,1,26000.0,271.0,3.5,7,10462.5
chevrolet,1500 cheyenne extended cab,120000,missing,4-speed a/t,white,brown,1,1,6500.0,355.0,5.3,31,3750.0
nissan,370z touring,65000,gasoline,6-speed m/t,gray,black,0,1,21500.0,332.0,3.7,14,4333.333333333333
mercedes-benz,gls 450 base 4matic,62808,gasoline,automatic,black,–,1,0,38598.0,362.0,3.0,8,6978.666666666667
ford,mustang gt premium,3000,gasoline,6-speed m/t,red,black,0,1,49500.0,460.0,5.0,5,500.0
audi,q5 2.0t premium,119000,gasoline,a/t,gray,–,0,1,12000.0,211.0,2.0,14,7933.333333333333
ram,2500 big horn,198868,diesel,6-speed a/t,brown,beige,0,1,25000.0,350.0,6.7,13,14204.857142857143
dodge,ram 1500 st,188000,gasoline,a/t,silver,black,1,1,8500.0,210.0,3.7,15,11750.0
mercedes-benz,c-class c 300 4matic sport,157405,gasoline,a/t,black,black,0,1,10750.0,248.0,3.5,13,11243.214285714286
dodge,challenger srt hellcat,8228,gasoline,8-speed a/t,blue,black,0,1,62500.0,707.0,6.2,10,748.0
land rover,range 3.0l supercharged hse,73101,gasoline,a/t,blue,beige,0,1,42950.0,380.0,3.0,8,8122.333333333333
bmw,m4 base,10950,gasoline,6-speed m/t,white,white,0,1,60995.0,425.0,3.0,8,1216.6666666666667
mercedes-benz,s-class s 560 4matic,63160,gasoline,a/t,black,–,1,1,47000.0,463.0,4.0,8,7017.777777777777
land rover,range 5.0l v8 supercharged,31866,gasoline,"automatic, 8-spd",–,–,0,0,68900.0,518.0,5.0,7,3983.25
chevrolet,express 3500 base,75000,gasoline,a/t,white,gray,0,1,18900.0,319.0,6.0,17,4166.666666666667
toyota,4runner trd pro,98000,gasoline,a/t,black,black,1,1,36000.0,270.0,4.0,10,8909.09090909091
mazda,mx-5 miata grand touring,33576,gasoline,6-speed m/t,red,beige,0,1,18900.0,167.0,2.0,14,2238.4
volkswagen,touareg vr6 lux,123200,gasoline,a/t,gray,beige,1,1,12449.0,280.0,3.6,14,8213.333333333334
jaguar,xj base,112000,gasoline,a/t,blue,white,0,1,8800.0,340.0,3.0,13,8000.0
chevrolet,camaro 2ss,68000,gasoline,6-speed a/t,gray,gray,1,1,19500.0,426.0,6.2,16,4000.0
infiniti,g37 x,120000,gasoline,transmission w/dual shift mode,red,black,1,1,14500.0,328.0,3.7,14,8000.0
bmw,x6 xdrive50i,45000,gasoline,8-speed a/t,silver,black,1,1,46999.0,445.0,4.4,7,5625.0
chevrolet,camaro lt1,6700,gasoline,10-speed a/t,gray,black,0,1,39500.0,455.0,6.2,4,1340.0
porsche,taycan base,6785,missing,2-speed automatic,gentian blue metallic,black,0,0,99175.0,375.0,3.45,5,1130.8333333333333
mercedes-benz,s-class s 63 amg,40900,gasoline,7-speed a/t,white,–,0,1,59750.0,577.0,5.5,11,3408.3333333333335
cadillac,escalade esv premium luxury,74150,gasoline,10-speed a/t,gold,brown,0,1,45000.0,420.0,6.2,8,8238.888888888889
toyota,camry hybrid xle,94448,hybrid,a/t,silver,gray,0,1,15999.0,200.0,2.5,12,7265.2307692307695
audi,a6 3.0t prestige,108000,gasoline,transmission w/dual shift mode,black,brown,0,1,19998.0,310.0,3.0,11,9000.0
bmw,x5 m base,118000,gasoline,transmission w/dual shift mode,white,orange,1,1,17000.0,555.0,4.4,14,7866.666666666667
jaguar,f-pace svr,38800,gasoline,transmission w/dual shift mode,black,black,0,1,57500.0,550.0,5.0,6,5542.857142857143
bmw,740 i,55000,gasoline,transmission w/dual shift mode,white,black,0,1,40000.0,320.0,3.0,9,5500.0
bmw,m340 i xdrive,34967,hybrid,8-speed a/t,blue,beige,1,1,49999.0,382.0,3.0,5,5827.833333333333
jeep,wrangler unlimited sport,85325,gasoline,5-speed a/t,black,black,0,1,30000.0,285.0,3.6,10,7756.818181818182
ram,2500 tradesman,63750,gasoline,6-speed a/t,gray,gray,0,1,36000.0,410.0,6.4,8,7083.333333333333
ford,mustang v6,87248,gasoline,6-speed a/t,black,black,0,1,19999.0,300.0,3.7,10,7931.636363636364
bmw,328 i,206000,gasoline,5-speed m/t,red,black,1,1,15900.0,190.0,2.8,29,6866.666666666667
mercedes-benz,gl-class gl 450,112854,gasoline,7-speed a/t,white,black,0,1,11999.0,335.0,4.7,15,7053.375
rivian,r1s adventure package,1150,missing,a/t,green,black,0,1,96850.0,835.0,3.5,3,287.5
tesla,model y long range,10000,missing,a/t,blue,black,0,1,48000.0,425.0,3.5,3,2500.0
mercedes-benz,e-class e 350,14100,gasoline,9-speed a/t,gray,black,0,1,53000.0,255.0,2.0,4,2820.0
bmw,x7 xdrive40i,14360,hybrid,8-speed a/t,black,black,0,1,85495.0,375.0,3.0,3,3590.0
chevrolet,trailblazer rs,10000,gasoline,9-speed a/t,blue,black,0,1,32000.0,155.0,1.3,3,2500.0
chevrolet,suburban 1500 ltz,217500,gasoline,a/t,black,black,0,1,20000.0,355.0,5.3,11,18125.0
chevrolet,suburban premier,73846,gasoline,10-speed automatic,midnight blue metallic,jet black,0,1,60995.0,355.0,5.3,5,12307.666666666666
jeep,gladiator overland,40000,gasoline,transmission w/dual shift mode,gray,black,0,1,45000.0,285.0,3.6,6,5714.285714285715
gmc,yukon xl at4,9980,gasoline,10-speed a/t,black,black,0,1,82000.0,355.0,5.3,3,2495.0
mazda,mazda6 grand touring reserve,41997,gasoline,6-speed a/t,black,black,0,1,24995.0,227.0,2.5,7,5249.625
alfa romeo,romeo giulia ti,2000,gasoline,8-speed a/t,blue,brown,0,1,39000.0,280.0,2.0,5,333.3333333333333
mercedes-benz,cla-class cla 250,42750,gasoline,transmission w/dual shift mode,black,black,1,1,22999.0,208.0,2.0,10,3886.3636363636365
bmw,330 330i xdrive,19473,gasoline,automatic,alpine white,canberra beige,0,0,31698.0,335.0,3.0,7,2434.125
volkswagen,beetle 2.0t s,35340,gasoline,a/t,black,gray,0,1,23000.0,174.0,2.0,7,4417.5
mercedes-benz,clk-class clk 350,93000,gasoline,7-speed a/t,white,beige,1,1,12000.0,268.0,3.5,18,4894.736842105263
audi,rs 7 4.0t prestige,66150,gasoline,8-speed a/t,white,black,1,1,47995.0,560.0,4.0,12,5088.461538461538
volvo,xc60 recharge plug-in hybrid t8 inscription,19352,plug-in hybrid,8-speed a/t,blue,beige,0,1,54599.0,455.0,2.0,4,3870.4
land rover,range supercharged lwb,81000,gasoline,a/t,black,black,0,1,64800.0,518.0,5.0,6,11571.42857142857
toyota,sequoia limited,183000,gasoline,6-speed a/t,gold,beige,0,1,16000.0,381.0,5.7,15,11437.5
jeep,wrangler x,44000,gasoline,m/t,green,green,1,1,24999.0,190.0,4.0,22,1913.0434782608695
audi,s5 3.0t premium,18100,gasoline,8-speed a/t,gray,gray,0,1,51800.0,349.0,3.0,5,3016.6666666666665
land rover,range sport supercharged,40000,gasoline,transmission w/dual shift mode,blue,brown,1,1,20000.0,510.0,5.0,15,2500.0
mercedes-benz,sprinter 2500,120000,diesel,5-speed a/t,black,gray,0,1,31999.0,188.0,3.0,15,7500.0
toyota,sequoia platinum,325,hybrid,10-speed a/t,blue,gray,0,1,84997.0,437.0,3.4,3,81.25
maserati,quattroporte s granlusso,55000,gasoline,a/t,blue,black,0,1,39100.0,405.0,3.0,9,5500.0
toyota,land cruiser base,233000,missing,a/t,blue,gray,0,1,7500.0,381.0,5.7,30,7516.129032258064
lamborghini,aventador svj base,6987,gasoline,7-speed,–,nero ade,0,1,99175.0,759.0,6.5,5,1164.5
ford,mustang bullitt,48500,gasoline,6-speed m/t,black,black,1,1,44999.0,480.0,5.0,7,6062.5
ram,2500 tradesman,52000,diesel,6-speed a/t,gray,black,0,1,50000.0,350.0,6.7,8,5777.777777777777
toyota,fj cruiser base,179000,gasoline,a/t,silver,black,1,1,17900.0,239.0,4.0,19,8950.0
dodge,charger scat pack,42626,gasoline,8-speed a/t,silver,red,0,1,42000.0,485.0,6.4,7,5328.25
lexus,gx 460 base,65900,gasoline,transmission w/dual shift mode,gray,black,1,1,34700.0,301.0,4.6,8,7322.222222222223
genesis,gv80 2.5t,7523,gasoline,8-speed automatic,black,black,0,0,54543.0,300.0,2.5,4,1504.6
jaguar,f-pace 30t r-sport,34365,gasoline,automatic,yulong,ebony,0,0,59598.0,340.0,2.0,7,4295.625
kia,sportage s,16949,gasoline,6-speed automatic,hyper red,black,0,1,24995.0,201.0,2.4,5,2824.8333333333335
mercedes-benz,s-class s 580 4matic,7968,hybrid,9-speed a/t,white,white,0,1,99175.0,496.0,4.0,4,1593.6
porsche,panamera base,61000,gasoline,transmission w/dual shift mode,gray,gray,0,1,57500.0,330.0,3.0,8,6777.777777777777
infiniti,qx80 base,100564,gasoline,7-speed automatic,black,graphite,0,0,23105.0,400.0,5.6,8,11173.777777777777
ford,maverick lariat,13700,hybrid,cvt transmission,blue,brown,0,1,39500.0,191.0,2.5,4,2740.0
kia,telluride sx,38612,gasoline,8-speed automatic,ebony black,black,0,0,42242.0,291.0,3.8,5,6435.333333333333
chevrolet,colorado z85,155000,gasoline,a/t,blue,gray,1,1,7995.0,220.0,3.5,21,7045.454545454545
mercedes-benz,e-class e 550,56000,gasoline,transmission w/dual shift mode,gray,white,0,1,35750.0,402.0,4.7,9,5600.0
land rover,range sport svr,15107,gasoline,8-speed automatic,santorini black metallic,ebony,0,0,99175.0,575.0,5.0,4,3021.4
toyota,corolla hybrid le,44459,hybrid,a/t,silver,gray,0,1,22945.0,121.0,1.8,4,8891.8
mercedes-benz,e-class e 300 4matic,31000,gasoline,a/t,blue,white,1,1,38000.0,241.0,2.0,9,3100.0
mercedes-benz,slk-class slk 350,44000,gasoline,transmission w/dual shift mode,gray,white,1,1,22222.0,302.0,3.5,14,2933.3333333333335
mercedes-benz,e-class e 400 4matic,22558,gasoline,9-speed automatic,black,black,0,1,47645.0,362.0,3.0,8,2506.4444444444443
jeep,wrangler x,116157,gasoline,4-speed a/t,beige,beige,0,1,14250.0,210.0,4.0,23,4839.875
lincoln,navigator premiere,23500,gasoline,10-speed a/t,black,black,1,1,50000.0,450.0,3.5,8,2611.1111111111113
chevrolet,corvette base,28150,gasoline,transmission w/dual shift mode,red,beige,0,1,31000.0,430.0,6.2,18,1481.578947368421
gmc,yukon xl denali,137500,gasoline,a/t,black,black,1,1,29500.0,420.0,6.2,10,12500.0
mercedes-benz,metris base,2284,gasoline,9-speed automatic,black,tan,0,1,99175.0,208.0,2.0,5,380.6666666666667
land rover,range p530 se lwb 7 seat,350,gasoline,transmission w/dual shift mode,black,beige,0,1,99175.0,523.0,4.4,3,87.5
ford,explorer xlt,169000,e85 flex fuel,a/t,white,beige,0,1,13000.0,290.0,3.5,9,16900.0
ferrari,488 gtb base,17761,gasoline,7-speed automatic with auto-shift,rosso corsa,nero,0,0,99175.0,611.0,3.9,8,1973.4444444444443
chevrolet,camaro 2ss,8949,gasoline,m/t,yellow,black,0,1,30000.0,426.0,6.2,16,526.4117647058823
bmw,750 i xdrive,25108,gasoline,8-speed a/t,black,black,0,0,66000.0,523.0,4.4,6,3586.8571428571427
land rover,range 3.0l supercharged hse,103000,gasoline,transmission w/dual shift mode,black,black,0,1,33999.0,380.0,3.0,10,9363.636363636364
porsche,911 carrera 4 cabriolet,87600,gasoline,transmission w/dual shift mode,black,black,1,1,32000.0,315.0,3.6,23,3650.0
maserati,mc20 base,1087,gasoline,8-speed automatic with auto-shift,matte white,black,0,1,99175.0,405.0,3.0,4,217.4
mercedes-benz,cla-class cla 250,76753,gasoline,a/t,red,black,1,1,15999.0,208.0,2.0,11,6396.083333333333
mercedes-benz,metris base,10500,gasoline,a/t,black,brown,0,1,79500.0,208.0,2.0,7,1312.5
mercedes-benz,e-class e 350 4matic,199000,gasoline,7-speed a/t,silver,black,0,1,9250.0,268.0,3.5,15,12437.5
lexus,ls 460 l,127980,gasoline,8-speed a/t,blue,beige,0,1,9999.0,380.0,4.6,19,6399.0
bmw,x6 xdrive40i,16307,hybrid,a/t,red,white,0,1,71400.0,335.0,3.0,3,4076.75
audi,s5 3.0t prestige,13566,gasoline,1-speed automatic,daytona gray pearl effect,magma red,0,0,57900.0,343.5,3.0,5,2261.0
audi,q7 premium plus,22588,hybrid,automatic,navarra blue,saiga beige,0,0,52598.0,333.0,3.0,4,4517.6
jaguar,xe 25t,41452,gasoline,transmission w/dual shift mode,white,black,1,1,22500.0,247.0,2.0,7,5181.5
genesis,g80 3.3t sport,57500,gasoline,a/t,red,black,0,1,32990.0,365.0,3.3,7,7187.5
bmw,m2 competition,500,gasoline,7-speed a/t,black,black,0,1,70000.0,405.0,3.0,6,71.42857142857143
subaru,impreza wrx premium,55000,gasoline,5-speed m/t,white,black,0,1,30000.0,265.0,2.5,12,4230.7692307692305
gmc,sierra 2500 base,8210,gasoline,a/t,white,black,0,1,55000.0,401.0,6.6,5,1368.3333333333333
lincoln,nautilus reserve,18160,gasoline,8-speed automatic,silver radiance,slate,0,0,46850.0,335.0,2.7,5,3026.6666666666665
jaguar,xf xfr-s,4279,gasoline,8-speed a/t,white,black,0,0,70000.0,550.0,5.0,13,305.64285714285717
mercedes-benz,sprinter normal roof,39748,diesel,a/t,silver,black,1,1,54995.0,188.0,3.0,13,2839.1428571428573
toyota,land cruiser base,160000,gasoline,4-speed a/t,white,beige,1,1,12490.0,230.0,4.7,28,5517.241379310345
toyota,tacoma prerunner,65000,gasoline,a/t,silver,gray,0,1,20500.0,159.0,2.7,13,4642.857142857143
bmw,z4 sdrive28i,59000,gasoline,8-speed a/t,black,beige,0,1,25000.0,240.0,2.0,10,5363.636363636364
bmw,530e base,22700,plug-in hybrid,a/t,white,black,0,1,47000.0,288.0,2.0,4,4540.0
mercedes-benz,gla 250 base 4matic,56578,e85 flex fuel,7-speed a/t,white,black,0,1,20900.0,208.0,2.0,8,6286.444444444444
hyundai,genesis 4.6,153332,gasoline,transmission w/dual shift mode,silver,black,1,1,10000.0,378.0,4.6,16,9019.529411764706
cadillac,ats 3.6l luxury,89700,gasoline,6-speed a/t,black,red,0,1,17999.0,321.0,3.6,13,6407.142857142857
lincoln,town car signature,118600,gasoline,a/t,black,gray,1,1,5230.0,220.0,4.6,24,4744.0
gmc,sierra 1500 slt,23400,gasoline,a/t,black,black,0,1,52000.0,420.0,6.2,5,3900.0
mercedes-benz,sprinter high roof,110000,diesel,a/t,white,gray,0,1,29000.0,188.0,3.0,11,9166.666666666666
jaguar,xj vanden plas,87888,gasoline,6-speed a/t,black,black,0,1,11990.0,300.0,4.2,18,4625.684210526316
lexus,rc 350 base,73800,gasoline,6-speed automatic,black,black,0,0,26999.0,306.0,3.5,11,6150.0
audi,s3 2.0t premium plus,78124,gasoline,6-speed a/t,blue,black,0,1,21500.0,292.0,2.0,11,6510.333333333333
subaru,wrx limited,91000,gasoline,6-speed m/t,red,black,1,1,19000.0,268.0,2.0,11,7583.333333333333
dodge,ram 2500 slt quad cab,114000,gasoline,5-speed a/t,white,beige,1,1,10700.0,345.0,5.7,23,4750.0
subaru,wrx limited,76000,gasoline,6-speed m/t,blue,black,0,1,21000.0,268.0,2.0,11,6333.333333333333
audi,rs 4 4.2 quattro l,146500,gasoline,6-speed m/t,red,black,1,1,30000.0,420.0,4.2,18,7710.526315789473
porsche,911 carrera,26021,gasoline,6-speed m/t,silver,gray,0,1,53999.0,325.0,3.6,19,1301.05
audi,a4 2.0t premium plus,73000,e85 flex fuel,a/t,black,black,1,1,17200.0,220.0,2.0,11,6083.333333333333
audi,a4 3.2 premium plus quattro,153000,gasoline,6-speed a/t,gray,beige,0,1,8700.0,265.0,3.2,17,8500.0
ford,excursion limited,67550,diesel,5-speed a/t,gold,beige,0,1,30000.0,325.0,6.0,23,2814.5833333333335
ford,excursion limited,170000,gasoline,a/t,gold,gold,0,1,8500.0,310.0,6.8,22,7391.304347826087
land rover,range sport 5.0l supercharged dynamic,53000,gasoline,transmission w/dual shift mode,black,beige,0,1,47500.0,510.0,5.0,9,5300.0
audi,q8 3.0t prestige,54900,hybrid,a/t,gold,black,1,1,48500.0,335.0,3.0,7,6862.5
bmw,x5 xdrive35i,89000,gasoline,8-speed a/t,black,black,0,1,24000.0,300.0,3.0,10,8090.909090909091
ford,bronco base,6200,gasoline,7-speed m/t,black,black,0,1,49000.0,275.0,2.3,4,1240.0
ford,f-150 xlt,51808,gasoline,10-speed automatic,silver,black,0,1,42388.0,375.0,5.0,5,8634.666666666666
hyundai,genesis coupe 3.8 track,89000,gasoline,6-speed m/t,white,black,1,1,12500.0,344.0,3.8,13,6357.142857142857
toyota,camry le,86111,gasoline,a/t,gold,beige,1,1,3500.0,133.0,2.2,27,3075.3928571428573
mercedes-benz,e-class e 400 4matic,45203,gasoline,9-speed automatic,white,saddle brown,0,1,39853.0,362.0,3.0,8,5022.555555555556
audi,s5 3.0t prestige,14739,gasoline,1-speed automatic,daytona gray pearl effect,black,0,0,61900.0,343.5,3.0,4,2947.8
buick,enclave premium,139105,gasoline,6-speed automatic,iridium metallic,light titanium,1,1,17550.0,288.0,3.6,9,13910.5
lamborghini,gallardo lp560-4,45014,gasoline,6-speed a/t,gray,black,0,1,99175.0,560.0,5.2,16,2647.8823529411766
ford,mustang gt premium,101000,gasoline,6-speed m/t,red,black,0,1,18500.0,412.0,5.0,15,6312.5
gmc,yukon xl slt,93000,gasoline,a/t,black,black,1,1,30000.0,355.0,5.3,10,8454.545454545454
ford,mustang v6 premium,62500,gasoline,6-speed m/t,black,black,0,1,16000.0,305.0,3.7,13,4464.285714285715
lexus,is-f base,75000,gasoline,8-speed a/t,blue,black,1,1,29000.0,416.0,5.0,18,3947.3684210526317
bmw,435 i,34455,gasoline,8-speed a/t,gray,beige,0,1,28000.0,300.0,3.0,11,2871.25
land rover,range supercharged,130000,gasoline,a/t,white,black,0,1,15500.0,510.0,5.0,16,7647.058823529412
mercedes-benz,cla-class cla 250,76170,gasoline,transmission w/dual shift mode,gray,black,1,1,16500.0,208.0,2.0,12,5859.2307692307695
gmc,yukon slt,194500,e85 flex fuel,6-speed a/t,white,beige,1,1,9500.0,320.0,5.3,16,11441.176470588236
bmw,535 i,135000,gasoline,a/t,silver,black,0,1,5699.0,300.0,3.0,18,7105.263157894737
dodge,charger gt,33000,gasoline,transmission w/dual shift mode,white,gray,1,1,26999.0,300.0,3.6,5,5500.0
hyundai,genesis 3.8,98700,gasoline,transmission w/dual shift mode,beige,beige,0,1,10340.0,290.0,3.8,16,5805.882352941177
honda,civic type r touring,72900,gasoline,6-speed m/t,black,black,1,1,35500.0,306.0,2.0,8,8100.0
dodge,durango r/t,135000,gasoline,a/t,black,black,0,1,20000.0,360.0,5.7,10,12272.727272727272
chevrolet,silverado 1500 limited high country,2550,gasoline,10-speed a/t,red,black,0,1,60000.0,355.0,5.3,4,510.0
jeep,grand cherokee altitude,35289,gasoline,8-speed automatic,granite crystal clearcoat metallic,black,0,0,35470.0,285.0,3.6,6,5041.285714285715
ram,1500 laramie,14636,gasoline,8-speed automatic,diamond black,black,0,0,46599.0,395.0,5.7,4,2927.2
chrysler,crossfire limited,24847,gasoline,5-speed automatic,white,dark gray,0,1,13046.0,215.0,3.2,21,1129.409090909091
nissan,rogue sl,29558,gasoline,automatic cvt,magnetic black,charcoal,0,1,25884.0,170.0,2.5,7,3694.75
audi,a6 55 premium plus,6581,gasoline,"automatic, 7-spd s tronic dual-clutch",chronos gray metallic,black,0,0,59900.0,333.0,3.0,3,1645.25
mercedes-benz,amg gt 53 base,22000,hybrid,9-speed a/t,gray,black,0,1,83999.0,429.0,3.0,6,3142.8571428571427
acura,ilx technology plus package,68200,gasoline,transmission w/dual shift mode,black,–,1,1,15750.0,201.0,2.4,9,6820.0
land rover,range p530 se swb,2800,gasoline,8-speed a/t,white,red,0,1,99175.0,523.0,4.4,3,700.0
ford,expedition platinum,51300,gasoline,10-speed automatic,white,platinum,0,1,48295.0,400.0,3.5,7,6412.5
bmw,m3 base,133500,gasoline,6-speed m/t,gray,black,0,1,18500.0,414.0,4.0,18,7026.315789473684
infiniti,m37 x,49000,gasoline,7-speed a/t,gray,black,0,1,19900.0,330.0,3.7,14,3266.6666666666665
bmw,650 i,125470,gasoline,a/t,black,beige,0,1,8000.0,360.0,4.8,18,6603.684210526316
mazda,rx-8 grand touring,81219,gasoline,6-speed m/t,red,black,0,1,8500.0,232.0,1.3,18,4274.684210526316
porsche,boxster base,72000,gasoline,5-speed m/t,blue,gray,0,1,12250.0,201.0,2.5,27,2571.4285714285716
acura,ilx premium & a-spec packages,19500,gasoline,8-speed a/t,gray,black,0,1,25000.0,201.0,2.4,7,2437.5
porsche,911 carrera s,20561,gasoline,7-speed m/t,red,black,0,1,99175.0,420.0,3.0,9,2056.1
lexus,lx 570 base,33655,gasoline,8-speed a/t,white,brown,0,1,62900.0,383.0,5.7,10,3059.5454545454545
toyota,highlander limited platinum,135140,gasoline,a/t,white,beige,0,1,23500.0,270.0,3.5,11,11261.666666666666
maserati,ghibli base,73000,gasoline,8-speed a/t,black,brown,0,1,17999.0,345.0,3.0,11,6083.333333333333
land rover,range 3.0l supercharged hse,55000,gasoline,a/t,white,beige,1,1,58000.0,380.0,3.0,9,5500.0
chevrolet,cruze ltz,87000,gasoline,a/t,blue,black,1,1,10000.0,138.0,1.4,13,6214.285714285715
bmw,325 xi,137825,gasoline,6-speed a/t,silver,black,0,1,4000.0,215.0,3.0,20,6563.0952380952385
acura,mdx technology,184421,gasoline,a/t,gray,black,0,1,5000.0,300.0,3.7,18,9706.368421052632
lincoln,mkc base,95000,gasoline,6-speed a/t,white,black,1,1,14900.0,240.0,2.0,11,7916.666666666667
kia,sportage nightfall,26468,gasoline,6-speed automatic,pacific blue,black,1,1,27875.0,201.0,2.4,4,5293.6
bentley,arnage r,55050,gasoline,4-speed a/t,gray,gray,0,1,34995.0,400.0,6.75,23,2293.75
kia,sorento lx,54200,gasoline,a/t,white,black,0,1,23800.0,191.0,2.5,5,9033.333333333334
lexus,sc 430 base,109762,gasoline,5-speed a/t,blue,brown,0,1,15000.0,300.0,4.3,24,4390.48
land rover,range evoque base,92080,gasoline,6-speed a/t,gray,black,0,1,14500.0,240.0,2.0,14,6138.666666666667
acura,tlx type s w/performance tire,1798,gasoline,10-speed a/t,black,black,0,1,53000.0,355.0,3.0,3,449.5
gmc,sierra 1500 sle crew cab,167500,gasoline,a/t,silver,black,0,1,14500.0,295.0,5.3,20,7976.190476190476
gmc,sierra 1500 denali ultimate,2500,gasoline,10-speed a/t,white,brown,0,1,84000.0,420.0,6.2,3,625.0
mercedes-benz,e-class e 400,77000,gasoline,7-speed a/t,white,beige,1,1,24000.0,329.0,3.0,10,7000.0
mini,hardtop cooper,19850,gasoline,6-speed a/t,black,black,0,1,24000.0,134.0,1.5,7,2481.25
ford,bronco outer banks advanced,3400,gasoline,10-speed a/t,gray,gray,0,1,57000.0,275.0,2.3,3,850.0
ford,bronco,3596,gasoline,10-speed automatic,blue,black onyx,0,0,56900.0,325.0,2.7,5,599.3333333333334
ford,f-350 lariat super duty crew cab,130200,diesel,5-speed a/t,white,beige,0,1,28900.0,350.0,6.4,17,7233.333333333333
land rover,discovery sport se,48200,gasoline,9-speed a/t,white,gray,0,1,24998.0,240.0,2.0,9,4820.0
gmc,yukon xl slt,183544,gasoline,6-speed a/t,black,black,1,1,22000.0,355.0,5.3,10,16685.81818181818
ford,focus rs base,14900,gasoline,6-speed m/t,blue,black,0,1,39000.0,350.0,2.3,10,1354.5454545454545
ford,bronco badlands advanced,4200,gasoline,10-speed a/t,blue,black,0,1,65994.0,315.0,2.7,4,840.0
hyundai,genesis 5,15698,gasoline,transmission w/dual shift mode,black,black,0,1,19000.0,429.0,5.0,14,1046.5333333333333
jeep,wrangler unlimited rubicon,1750,gasoline,8-speed a/t,gray,brown,0,1,65500.0,285.0,3.6,4,350.0
bmw,x4 xdrive30i,34800,gasoline,a/t,blue,brown,0,1,46000.0,248.0,2.0,4,6960.0
jaguar,f-pace s,35580,gasoline,automatic,eiger grey metallic,ebony/light oyster stitch,0,0,46998.0,340.0,3.0,6,5082.857142857143
acura,rsx type s,71400,gasoline,6-speed m/t,black,gray,0,0,14990.0,201.0,2.0,20,3400.0
mazda,mx-5 miata base,9260,gasoline,5-speed m/t,white,beige,0,1,22000.0,142.0,1.8,23,385.8333333333333
gmc,yukon xl slt,28500,gasoline,a/t,black,black,0,1,67800.0,355.0,5.3,3,7125.0
mercedes-benz,e-class e 350 4matic,91900,gasoline,5-speed a/t,black,black,0,1,8900.0,268.0,3.5,18,4836.8421052631575
infiniti,g35 base,130000,gasoline,5-speed a/t,beige,beige,0,1,7500.0,260.0,3.5,22,5652.173913043478
cadillac,xts premium,56860,gasoline,6-speed automatic,white diamond tri-coat,shale,1,1,21995.0,401.5,3.6,13,4061.4285714285716
mini,hardtop cooper s,44300,gasoline,6-speed m/t,silver,black,0,1,20784.0,189.0,2.0,9,4430.0
bmw,x5 xdrive35i,120000,gasoline,transmission w/dual shift mode,black,black,0,0,20000.0,300.0,3.0,12,9230.76923076923
mercedes-benz,sl-class sl 550,72500,gasoline,7-speed a/t,black,beige,0,1,31450.0,429.0,4.6,13,5178.571428571428
ram,1500 tradesman/express,72000,gasoline,8-speed a/t,blue,beige,1,1,24200.0,395.0,5.7,9,7200.0
bmw,135 i,132000,gasoline,7-speed a/t,black,beige,0,1,11000.0,300.0,3.0,15,8250.0
rolls-royce,phantom,7585,gasoline,8-speed automatic,–,–,0,1,99175.0,563.0,6.8,8,842.7777777777778
hyundai,ioniq 5 se,18500,missing,a/t,white,black,0,1,42000.0,320.0,2.4,4,3700.0
lexus,ls 430 base,42000,gasoline,a/t,silver,gray,1,1,15999.0,290.0,4.3,24,1680.0
jaguar,f-pace s,4624,gasoline,automatic,santorin black,black,0,0,56998.0,340.0,2.0,3,1156.0
bmw,m5 base,106000,gasoline,transmission w/dual shift mode,black,black,0,1,19500.0,500.0,5.0,20,5047.619047619048
hyundai,santa fe se,13610,gasoline,8-speed automatic,stormy sea,black,0,0,27450.0,242.0,2.5,4,2722.0
lamborghini,urus base,16876,gasoline,8-speed automatic,gray,brown,0,0,99175.0,641.0,4.0,7,2109.5
ford,expedition timberline,8911,gasoline,10-speed automatic,dark matter metallic,black onyx,1,1,77430.0,440.0,3.5,3,2227.75
chevrolet,silverado 1500 lt trail boss,48641,gasoline,10-speed automatic,silver ice metallic,jet black,0,0,43666.0,355.0,5.3,5,8106.833333333333
gmc,sierra 1500 slt,11250,gasoline,a/t,white,black,0,1,70250.0,420.0,6.2,5,1875.0
ford,mustang premium,126000,gasoline,a/t,red,black,0,1,9000.0,210.0,4.0,19,6300.0
bmw,m5 base,77750,gasoline,7-speed a/t,silver,silver,0,1,21000.0,500.0,5.0,18,4092.1052631578946
toyota,tacoma sr,27363,gasoline,6-speed a/t,gray,gray,0,1,35000.0,278.0,3.5,6,3909.0
porsche,cayenne base,30951,gasoline,8-speed automatic,white,black,0,1,80140.0,300.0,3.0,7,3868.875
ford,f-150 lightning xlt,208,missing,a/t,gray,gold,0,1,89000.0,563.0,3.5,3,52.0
dodge,durango gt,20386,gasoline,8-speed automatic,billet clearcoat metallic,black,0,0,32999.0,295.0,3.6,5,3397.6666666666665
bmw,330e iperformance,45253,plug-in hybrid,transmission w/dual shift mode,black,black,0,1,24995.0,247.0,2.0,8,5028.111111111111
gmc,terrain denali,144000,gasoline,6-speed a/t,white,black,0,1,18400.0,301.0,3.6,10,13090.90909090909
ford,excursion limited,76163,diesel,5-speed a/t,gold,gold,0,1,20500.0,325.0,6.0,22,3311.4347826086955
hyundai,genesis 3.8,61300,gasoline,8-speed a/t,silver,gray,0,0,20150.0,311.0,3.8,11,5108.333333333333
mitsubishi,mirage es,35698,gasoline,a/t,blue,black,0,1,8750.0,78.0,1.2,9,3569.8
mercedes-benz,e-class e 350 4matic,27000,gasoline,7-speed a/t,black,black,0,1,22500.0,268.0,3.5,16,1588.235294117647
mazda,mazda3 i sport,162000,gasoline,transmission w/dual shift mode,red,black,0,1,11500.0,155.0,2.0,11,13500.0
bmw,m3 base,77800,gasoline,m/t,red,black,0,1,28500.0,414.0,4.0,18,4094.7368421052633
mercedes-benz,e-class e 350,55000,gasoline,a/t,black,black,0,1,19250.0,302.0,3.5,12,4230.7692307692305
ford,bronco outer banks advanced,12000,gasoline,10-speed a/t,gray,brown,1,1,65999.0,315.0,2.7,4,2400.0
tesla,model x 75d,70579,missing,a/t,black,white,0,1,42250.0,518.0,3.5,9,7057.9
jeep,wrangler unlimited sport,107000,gasoline,a/t,white,gray,1,1,17500.0,205.0,3.8,16,6294.117647058823
honda,pilot elite,42653,gasoline,9-speed automatic,gray,black,0,0,38998.0,200.5,3.5,5,7108.833333333333
acura,tl 3.2,193783,gasoline,a/t,black,black,1,1,10000.0,258.0,3.2,18,10199.105263157895
lexus,is 350 base,123000,gasoline,6-speed a/t,red,black,1,1,18000.0,306.0,3.5,12,9461.538461538461
chevrolet,equinox lt,130000,gasoline,6-speed a/t,brown,black,1,1,7000.0,264.0,3.0,15,8125.0
mitsubishi,lancer de,143346,gasoline,5-speed m/t,black,black,1,1,3000.0,152.0,2.0,17,7963.666666666667
land rover,lr2 base,112465,gasoline,6-speed a/t,white,beige,0,1,11995.0,240.0,2.0,11,9372.083333333334
nissan,leaf sv plus,5121,missing,1-speed automatic,brilliant silver metallic,black,0,1,28196.0,214.0,3.5,3,1280.25
audi,a5 2.0t premium,137273,gasoline,a/t,white,beige,0,1,11000.0,211.0,2.0,14,9151.533333333333
rivian,r1s launch edition,299,missing,1-speed a/t,blue,gray,0,1,92500.0,835.0,3.5,3,74.75
lexus,rx 450h base,70780,hybrid,cvt transmission,silver,gray,0,1,35700.0,308.0,3.5,8,7864.444444444444
chevrolet,tahoe lt,55000,gasoline,6-speed a/t,black,black,0,1,37900.0,355.0,5.3,8,6111.111111111111
mercedes-benz,g-class g 550 4matic,23151,gasoline,7-speed a/t,gray,black,0,1,84500.0,416.0,4.0,9,2315.1
cadillac,xts luxury,152000,gasoline,a/t,black,gray,1,1,8500.0,304.0,3.6,13,10857.142857142857
infiniti,q50 3.0t red sport 400,23344,gasoline,7-speed automatic,liquid platinum,white,0,0,36999.0,400.0,3.0,6,3334.8571428571427
subaru,outback 3.6r limited,87092,gasoline,a/t,blue,black,1,1,19500.0,256.0,3.6,10,7917.454545454545
toyota,avalon xls,90625,gasoline,a/t,gray,gray,0,1,5500.0,210.0,3.0,22,3940.217391304348
chevrolet,traverse rs,44373,gasoline,9-speed a/t,silver,black,0,1,36000.0,310.0,3.6,5,7395.5
bmw,330 i,26000,gasoline,transmission w/dual shift mode,black,black,0,1,37000.0,255.0,2.0,5,4333.333333333333
karma,revero base,20760,missing,a/t,white,black,0,1,55500.0,403.0,2.0,8,2306.6666666666665
lexus,gx 460 base,39102,gasoline,automatic,silver,rioja red,0,0,51798.0,301.0,4.6,5,6517.0
alfa romeo,romeo stelvio ti sport,39615,gasoline,"automatic, 8-spd",vulcano black metallic,red/black,0,0,28900.0,280.0,2.0,7,4951.875
gmc,sierra 2500 base,58000,e85 flex fuel,a/t,silver,beige,0,1,36500.0,360.0,6.0,7,7250.0
lexus,is 250 base,148000,gasoline,6-speed a/t,gray,black,1,1,10000.0,204.0,2.5,13,10571.42857142857
porsche,panamera 2,104000,gasoline,7-speed a/t,white,black,0,1,20900.0,300.0,3.6,15,6500.0
bmw,535 i xdrive,46150,gasoline,transmission w/dual shift mode,silver,black,1,1,17000.0,306.0,3.0,13,3296.4285714285716
chevrolet,silverado 2500 high country,18860,diesel,10-speed a/t,blue,gray,0,1,74500.0,445.0,6.6,4,3772.0
mercedes-benz,amg c 63 base,28399,gasoline,7-speed a/t,gray,black,0,1,55600.0,469.0,4.0,9,2839.9
jeep,wrangler sahara,136500,gasoline,5-speed m/t,black,black,0,1,6999.0,181.0,4.0,28,4706.896551724138
porsche,boxster s,95170,gasoline,6-speed m/t,blue,gray,0,1,24900.0,280.0,3.2,21,4325.909090909091
bmw,m3 base,95450,gasoline,6-speed m/t,gray,gray,1,1,42000.0,333.0,3.2,20,4545.238095238095
chevrolet,camaro lt1,7652,gasoline,automatic,blue,jet black,0,0,39998.0,455.0,6.2,4,1530.4
bmw,535 i xdrive,169000,gasoline,transmission w/dual shift mode,black,white,1,1,10999.0,300.0,3.0,15,10562.5
ram,1500 laramie,16744,gasoline,8-speed automatic,delmonico red pearlcoat,black,0,0,46999.0,395.0,5.7,4,3348.8
mercedes-benz,metris base,1025,gasoline,7-speed automatic,black,beige,0,1,99175.0,208.0,2.0,6,146.42857142857142
chevrolet,express 1500 cargo,152000,gasoline,a/t,white,gray,1,1,7999.0,195.0,4.3,22,6608.695652173913
bmw,x7 xdrive40i,46000,gasoline,transmission w/dual shift mode,black,black,0,1,54999.0,335.0,3.0,6,6571.428571428572
bmw,x7 xdrive40i,8000,hybrid,a/t,blue,brown,0,1,85000.0,335.0,3.0,4,1600.0
ferrari,f12berlinetta base,14770,gasoline,7-speed automatic with auto-shift,gray,–,0,0,99175.0,611.0,6.3,10,1342.7272727272727
chevrolet,silverado 2500 lt,84421,e85 flex fuel,6-speed a/t,white,black,0,1,36800.0,360.0,6.0,10,7674.636363636364
mercedes-benz,maybach s 580 4matic,4760,gasoline,9-speed automatic,diamond white,black,0,1,99175.0,362.0,4.0,4,952.0
gmc,sierra 1500 denali,44691,gasoline,10-speed automatic,white frost tri-coat,walnut,1,0,56900.0,355.0,6.2,5,7448.5
mitsubishi,outlander sel,11700,gasoline,a/t,white,black,0,1,33000.0,181.0,2.5,4,2340.0
ford,shelby gt350 base,2800,gasoline,6-speed m/t,black,black,0,1,91000.0,526.0,5.2,7,350.0
mini,cooper base,58000,gasoline,6-speed a/t,gold,black,0,1,8000.0,118.0,1.6,16,3411.764705882353
toyota,prius touring,142500,hybrid,a/t,blue,beige,0,1,6999.0,76.0,1.5,17,7916.666666666667
cadillac,escalade esv base,191900,gasoline,a/t,black,black,1,1,9750.0,403.0,6.2,19,9595.0
audi,a6 2.0t premium plus,63398,gasoline,a/t,white,gray,1,1,19500.0,252.0,2.0,10,5763.454545454545
chevrolet,suburban 1500 lt,162750,gasoline,transmission overdrive switch,white,black,1,1,7200.0,320.0,5.3,18,8565.78947368421
jaguar,xk r,38383,gasoline,6-speed a/t,white,black,0,1,36949.0,510.0,5.0,14,2558.866666666667
porsche,911 carrera gts,1837,gasoline,8-speed automatic with auto-shift,aventurine green metallic,agave green,0,0,99175.0,430.0,3.0,4,367.4
ford,f-250 xlt,36294,diesel,automatic,oxford white,medium earth gray,0,0,77535.0,392.5,6.7,4,7258.8
audi,a4 2.0t premium,90818,gasoline,a/t,white,black,1,1,8300.0,211.0,2.0,15,5676.125
cadillac,ats 2.0l turbo,32000,gasoline,a/t,gray,black,0,1,22999.0,272.0,2.0,8,3555.5555555555557
ford,transit-350 base,94650,gasoline,6-speed a/t,white,–,0,1,37000.0,275.0,3.7,7,11831.25
mercedes-benz,g-class g 63 amg,49899,gasoline,a/t,white,black,0,1,72999.0,536.0,5.5,12,3838.3846153846152
jeep,wrangler sahara,55000,gasoline,4-speed a/t,red,black,1,1,35000.0,202.0,3.8,15,3437.5
bmw,m4 base,23700,gasoline,transmission w/dual shift mode,black,black,0,1,42800.0,425.0,3.0,11,1975.0
tesla,model s p100d,46000,missing,a/t,white,black,0,1,59500.0,518.0,3.5,8,5111.111111111111
maserati,ghibli s granlusso,12118,gasoline,8-speed a/t,blue,brown,0,1,52900.0,424.0,3.0,6,1731.142857142857
pontiac,firebird trans am,64000,gasoline,6-speed m/t,blue,beige,0,1,21000.0,310.0,5.7,25,2461.5384615384614
ford,expedition xlt,22169,gasoline,10-speed automatic,black,sandstone,0,1,57352.0,300.0,3.5,4,4433.8
ferrari,812 superfast base,1575,gasoline,transmission w/dual shift mode,red,black,0,1,99175.0,788.0,6.5,6,225.0
tesla,model x long range plus,46897,missing,a/t,blue,black,0,1,69000.0,557.0,3.5,5,7816.166666666667
land rover,range p400 se swb,3369,hybrid,a/t,white,black,0,1,99175.0,395.0,3.0,4,673.8
bmw,535 i xdrive,135000,gasoline,8-speed a/t,blue,beige,0,1,9999.0,300.0,3.0,15,8437.5
bmw,428 i xdrive,125000,gasoline,a/t,white,black,0,1,15000.0,240.0,2.0,11,10416.666666666666
cadillac,escalade esv platinum,134000,gasoline,8-speed a/t,gold,brown,0,1,32999.0,420.0,6.2,9,13400.0
bmw,x5 xdrive35i,143250,gasoline,8-speed a/t,black,white,0,1,12999.0,300.0,3.0,12,11019.23076923077
lexus,gx 460 premium,82975,gasoline,a/t,white,beige,0,1,31000.0,301.0,4.6,9,8297.5
mini,countryman cooper s all4,91700,gasoline,6-speed m/t,white,black,0,1,13999.0,181.0,1.6,10,8336.363636363636
ford,f-150 xlt,72393,gasoline,10-speed a/t,black,black,0,1,35000.0,325.0,2.7,8,8043.666666666667
infiniti,qx60 base,71000,gasoline,a/t,black,black,0,1,21500.0,265.0,3.5,10,6454.545454545455
lexus,rx 350 base,160900,gasoline,6-speed a/t,silver,gray,0,1,15000.0,270.0,3.5,14,10726.666666666666
dodge,charger scat pack,40208,gasoline,8-speed a/t,red,black,1,1,38000.0,485.0,6.4,6,5744.0
lexus,is 350 base,77300,gasoline,6-speed a/t,white,black,0,1,30000.0,306.0,3.5,9,7730.0
nissan,nv200 sv,16700,gasoline,a/t,white,black,0,1,26500.0,131.0,2.0,9,1670.0
subaru,impreza 2.0i premium,112000,gasoline,cvt transmission,black,beige,0,1,9999.0,148.0,2.0,13,8000.0
bmw,m3 base,55250,gasoline,6-speed m/t,blue,white,0,1,49999.0,425.0,3.0,10,5022.727272727273
infiniti,qx80 luxe,69000,gasoline,a/t,gray,black,0,1,31450.0,400.0,5.6,6,9857.142857142857
rolls-royce,phantom,1560,missing,–,tempest,cobalt blue,0,1,99175.0,563.0,6.8,3,390.0
ford,mustang gt premium,40570,gasoline,6-speed m/t,gray,black,1,1,30490.0,435.0,5.0,10,3688.181818181818
toyota,rav4 trd off road,46500,gasoline,8-speed a/t,white,black,0,1,35200.0,203.0,2.5,6,6642.857142857143
honda,s2000 base,26900,gasoline,m/t,silver,red,0,1,35000.0,240.0,2.0,26,996.2962962962963
jeep,gladiator sport,5779,gasoline,8-speed automatic,firecracker red clearcoat,black,0,0,41329.0,285.0,3.6,5,963.1666666666666
ford,bronco big bend advanced,12000,gasoline,10-speed a/t,black,–,0,1,54000.0,275.0,2.3,3,3000.0
ford,expedition timberline,30301,gasoline,10-speed automatic,dark matter metallic,deep cypress,0,1,68420.0,440.0,3.5,4,6060.2
toyota,sequoia trd pro,600,hybrid,10-speed a/t,orange,black,0,1,91995.0,437.0,3.4,3,150.0
plymouth,prowler base,22300,gasoline,4-speed a/t,blue,gray,0,1,28500.0,253.0,3.5,25,857.6923076923077
alfa romeo,romeo giulia ti,9275,gasoline,8-speed automatic,alfa white,black,0,0,43900.0,280.0,2.0,3,2318.75
chevrolet,suburban 1500 ls,171750,e85 flex fuel,4-speed a/t,white,beige,1,1,12998.0,295.0,5.3,22,7467.391304347826
mitsubishi,lancer evolution gsr,76500,gasoline,5-speed m/t,black,black,0,1,28000.0,291.0,2.0,13,5464.285714285715
mercedes-benz,amg gle 43 coupe 4matic,49000,gasoline,9-speed a/t,blue,brown,1,1,42995.0,385.0,3.0,8,5444.444444444444
audi,r8 5.2 quattro spyder,75000,gasoline,transmission w/dual shift mode,white,brown,1,1,74000.0,525.0,5.2,15,4687.5
ford,escape xlt,133300,gasoline,4-speed a/t,silver,silver,0,1,3000.0,153.0,2.3,19,6665.0
bmw,x5 3.0si,99700,gasoline,6-speed a/t,black,black,0,1,8500.0,260.0,3.0,19,4985.0
chevrolet,camaro 2lt,126700,gasoline,transmission w/dual shift mode,white,beige,1,1,14000.0,312.0,3.6,15,7918.75
bmw,340 i,28000,gasoline,6-speed m/t,black,red,0,1,36995.0,320.0,3.0,10,2545.4545454545455
mercedes-benz,sl-class sl 550,21300,gasoline,7-speed a/t,silver,red,1,1,38500.0,382.0,5.5,14,1420.0
cadillac,escalade platinum,92000,gasoline,a/t,black,black,0,1,51900.0,420.0,6.2,7,11500.0
chevrolet,silverado 3500 ltz,92149,diesel,6-speed automatic,black,jet black,0,0,52889.0,445.0,6.6,8,10238.777777777777
lexus,rc f base,25756,gasoline,8-speed a/t,black,black,0,1,49995.0,467.0,5.0,11,2146.3333333333335
kia,forte gt-line,24534,gasoline,cvt transmission,white,black,0,1,21900.0,147.0,2.0,5,4089.0
land rover,range sport supercharged dynamic,58100,gasoline,8-speed a/t,red,black,0,1,53499.0,518.0,5.0,8,6455.555555555556
nissan,titan s,20220,gasoline,7-speed a/t,white,gray,0,1,32324.0,390.0,5.6,9,2022.0
honda,accord ex-l 2.0t,40069,gasoline,a/t,white,black,1,1,27500.0,252.0,2.0,7,5008.625
subaru,wrx base,60930,gasoline,6-speed m/t,blue,black,0,1,23750.0,268.0,2.0,9,6093.0
audi,a4 2.0t titanium premium,7300,gasoline,7-speed a/t,white,gray,0,1,27900.0,188.0,2.0,7,912.5
ford,mustang ecoboost premium,34000,missing,a/t,blue,gray,1,1,25000.0,310.0,2.3,8,3777.777777777778
chevrolet,avalanche 1500 ls,56000,e85 flex fuel,a/t,red,black,1,1,18000.0,320.0,5.3,14,3733.3333333333335
mercedes-benz,cla-class cla 250,136000,gasoline,transmission w/dual shift mode,gray,black,1,1,12000.0,208.0,2.0,12,10461.538461538461
bmw,228 gran coupe i xdrive,31100,gasoline,8-speed a/t,blue,white,0,1,26999.0,228.0,2.0,6,4442.857142857143
maserati,granturismo base,12100,gasoline,transmission w/dual shift mode,blue,beige,0,1,37900.0,440.0,4.7,14,806.6666666666666
ford,expedition platinum,51902,gasoline,10-speed automatic,red,ceramic,0,1,57480.0,400.0,3.5,5,8650.333333333334
audi,s4 base,93000,gasoline,6-speed m/t,black,black,1,1,10995.0,340.0,4.2,19,4650.0
land rover,range sport supercharged hse,99915,gasoline,a/t,blue,white,1,1,26500.0,340.0,3.0,10,9083.181818181818
ford,mustang mach-e gt,7661,missing,1-speed automatic,star white,black onyx,0,0,49599.0,480.0,3.5,4,1532.2
chevrolet,tahoe ltz,177000,e85 flex fuel,4-speed a/t,gold,beige,1,1,10750.0,320.0,5.3,19,8850.0
nissan,xterra s,100900,gasoline,a/t,black,gray,0,1,6999.0,261.0,4.0,18,5310.526315789473
infiniti,q60 3.0t premium,107380,gasoline,7-speed a/t,black,gray,1,1,17500.0,300.0,3.0,9,10738.0
ford,f-150 raptor,32957,gasoline,10-speed automatic,oxford white,black,0,0,77900.0,450.0,3.5,5,5492.833333333333
acura,tlx base,45000,gasoline,a/t,gray,blue,0,1,16500.0,206.0,2.4,10,4090.909090909091
nissan,frontier sv,67000,gasoline,5-speed a/t,blue,gray,0,1,15500.0,261.0,4.0,13,4785.714285714285
chevrolet,camaro 1ss,12600,gasoline,6-speed m/t,gray,black,0,1,47000.0,455.0,6.2,5,2100.0
porsche,panamera 4,24882,gasoline,transmission w/dual shift mode,white,black,0,1,59800.0,330.0,3.0,8,2764.6666666666665
acura,tlx pmc edition,6900,gasoline,9-speed a/t,red,black,0,1,43500.0,290.0,3.5,6,985.7142857142857
kia,sorento ex v6,66075,gasoline,8-speed automatic,titanium silver,satin black,0,0,23754.0,201.0,3.3,7,8259.375
hyundai,palisade sel,68050,gasoline,8-speed a/t,black,black,0,1,29600.0,291.0,3.8,5,11341.666666666666
ford,f-250 lariat,128000,diesel,6-speed a/t,gray,black,0,1,50000.0,440.0,6.7,9,12800.0
bmw,430 i,9472,gasoline,a/t,white,blue,0,1,51000.0,255.0,2.0,5,1578.6666666666667
mitsubishi,lancer gts,185963,gasoline,cvt transmission,orange,gray,1,1,5100.0,168.0,2.4,17,10331.277777777777
nissan,nv200 s,52000,gasoline,cvt transmission,black,gray,1,1,19500.0,131.0,2.0,7,6500.0
buick,enclave leather,68653,gasoline,6-speed a/t,blue,black,1,1,18950.0,288.0,3.6,11,5721.083333333333
lexus,rx 330 base,151896,gasoline,a/t,silver,gray,0,1,7900.0,230.0,3.3,22,6604.173913043478
lexus,rx 450h f sport,43671,hybrid,automatic cvt,caviar,rioja red,0,0,44950.0,301.0,3.5,7,5458.875
ford,f-250 lariat,72128,e85 flex fuel,6-speed automatic,white,camel,0,0,45985.0,440.0,6.2,9,7212.8
kia,forte koup ex,134207,gasoline,a/t,black,–,1,1,5500.0,156.0,2.0,13,9586.214285714286
gmc,terrain sle,26470,gasoline,9-speed automatic,summit white,jet black,0,1,29900.0,182.0,1.5,6,3781.4285714285716
porsche,macan base,82300,gasoline,7-speed a/t,black,black,0,1,35000.0,252.0,2.0,8,9144.444444444445
lexus,rc 350 base,124000,gasoline,transmission w/dual shift mode,blue,blue,0,1,24000.0,306.0,3.5,11,10333.333333333334
audi,s4 3.0t premium plus,23823,gasoline,8-speed automatic,tango red metallic,black,0,1,49995.0,333.0,3.0,6,3403.285714285714
gmc,yukon slt,222600,gasoline,4-speed a/t,gray,beige,0,1,4999.0,275.0,4.8,24,8904.0
lamborghini,urus base,9500,gasoline,a/t,white,black,0,1,99175.0,641.0,4.0,5,1583.3333333333333
infiniti,qx60 base,154247,gasoline,a/t,black,black,1,1,12500.0,265.0,3.5,12,11865.153846153846
chevrolet,silverado 2500 ltz h/d extended cab,128000,gasoline,6-speed a/t,beige,black,0,1,23500.0,353.0,6.0,18,6736.8421052631575
maserati,granturismo base,70000,gasoline,a/t,blue,brown,1,1,13000.0,405.0,4.2,18,3684.2105263157896
acura,integra gs-r,123000,missing,5-speed m/t,white,blue,0,1,10999.0,279.5,3.0,31,3843.75
bmw,x6 m base,52375,gasoline,8-speed a/t,white,brown,1,1,48600.0,567.0,4.4,10,4761.363636363636
chrysler,300 s,100574,gasoline,8-speed a/t,black,black,1,1,17500.0,300.0,3.6,10,9143.09090909091
chrysler,300 base,85000,gasoline,8-speed a/t,white,–,1,1,11250.0,292.0,3.6,12,6538.461538461538
acura,rdx w/a-spec package,3959,gasoline,automatic,white,black,0,0,48998.0,279.5,2.0,3,989.75
chevrolet,corvette stingray w/1lt,10400,gasoline,8-speed a/t,silver,black,0,1,72900.0,490.0,6.2,5,1733.3333333333333
chevrolet,camaro 1ss,19200,gasoline,6-speed m/t,orange,black,0,1,41500.0,455.0,6.2,7,2400.0
mercedes-benz,e-class e 350 4matic,81000,gasoline,a/t,gray,beige,1,1,13000.0,302.0,3.5,13,5785.714285714285
ford,f-150 raptor,17451,gasoline,10-speed automatic,oxford white,rhapsody blue,0,0,77900.0,450.0,3.5,4,3490.2
nissan,versa 1.8 s,165000,gasoline,a/t,black,–,0,1,4000.0,122.0,1.8,15,10312.5
bmw,m3 cs,124,gasoline,transmission w/dual shift mode,green,black,0,1,99175.0,543.0,3.0,2,41.333333333333336
hyundai,accent gls,117500,gasoline,6-speed a/t,silver,gray,1,1,6500.0,138.0,1.6,13,8392.857142857143
mercedes-benz,s-class s 450 4matic,72500,gasoline,a/t,black,black,0,1,60000.0,362.0,3.0,8,8055.555555555556
porsche,911 gt3,265,gasoline,6-speed manual,black,gray,0,1,99175.0,475.0,4.0,3,66.25
mercedes-benz,amg gt 63 s 4-door,21214,gasoline,9-speed automatic,obsidian black metallic,black,0,0,99175.0,630.0,4.0,6,3030.5714285714284
audi,q5 3.0 tdi premium plus,55564,diesel,8-speed a/t,black,black,1,1,22500.0,240.0,3.0,12,4274.153846153846
cadillac,lyriq luxury,1090,missing,a/t,gray,silver,0,1,68750.0,500.0,4.2,3,272.5
volvo,xc60 t5 r-design,43500,gasoline,transmission w/dual shift mode,gray,black,0,1,30000.0,250.0,2.0,7,5437.5
mercedes-benz,amg gt 53 base,35000,hybrid,transmission w/dual shift mode,black,black,0,1,83000.0,429.0,3.0,7,4375.0
gmc,yukon slt,92031,gasoline,a/t,white,beige,1,1,30000.0,355.0,5.3,9,9203.1
lexus,gs 350 base,128032,gasoline,transmission w/dual shift mode,silver,black,0,1,18000.0,311.0,3.5,10,11639.272727272728
jaguar,xf 25t premium,18800,gasoline,8-speed a/t,white,white,0,1,26000.0,247.0,2.0,8,2088.8888888888887
bmw,m8 gran coupe competition,2900,gasoline,8-speed a/t,green,gray,0,1,99175.0,617.0,4.4,3,725.0
honda,ridgeline black edition,91600,gasoline,6-speed a/t,black,black,0,1,26000.0,280.0,3.5,9,9160.0
toyota,4runner sr5,91843,gasoline,5-speed a/t,blue,black,1,1,30500.0,270.0,4.0,7,11480.375
ford,bronco sport outer banks,28105,gasoline,8-speed automatic,kodiak brown metallic,ebony,0,0,32455.0,325.0,1.5,5,4684.166666666667
dodge,charger r/t 392,73350,gasoline,8-speed a/t,gray,red,0,1,37000.0,485.0,6.4,9,7335.0
mercedes-benz,glc 300 glc 300,11875,gasoline,automatic,black,black,0,0,41598.0,362.0,2.0,4,2375.0
tesla,model s p100d,47000,missing,a/t,black,black,0,1,49900.0,518.0,3.5,8,5222.222222222223
infiniti,q50 3.0t signature edition,67000,gasoline,transmission w/dual shift mode,black,black,0,1,23000.0,300.0,3.0,9,6700.0
bmw,340 i,117660,gasoline,8-speed a/t,white,black,1,1,19500.0,320.0,3.0,10,10696.363636363636
pontiac,firebird trans am,71448,gasoline,4-speed a/t,gray,black,0,1,10500.0,200.0,3.8,25,2748.0
nissan,nv passenger nv3500 hd sv v8,86000,gasoline,a/t,silver,gray,0,1,29500.0,317.0,5.6,11,7166.666666666667
lexus,es 350 base,15324,gasoline,8-speed automatic,black,black,1,0,33364.0,272.0,3.5,6,2189.1428571428573
bmw,135 is,29400,gasoline,6-speed m/t,white,beige,0,1,29000.0,320.0,3.0,13,2100.0
lexus,is 300 base,68871,gasoline,6-speed a/t,silver,red,0,1,28450.0,255.0,3.5,9,6887.1
porsche,cayenne s,126000,gasoline,transmission w/dual shift mode,silver,gray,0,1,17999.0,400.0,4.8,14,8400.0
pontiac,solstice gxp,25718,gasoline,m/t,yellow,black,0,1,17900.0,260.0,2.0,19,1285.9
porsche,panamera turbo,67210,gasoline,transmission w/dual shift mode,blue,beige,1,1,51950.0,520.0,4.8,11,5600.833333333333
bmw,x6 xdrive35i,27214,gasoline,transmission w/dual shift mode,black,black,1,1,40950.0,300.0,3.0,8,3023.777777777778
ford,f-150 limited,42728,gasoline,transmission w/dual shift mode,black,brown,0,1,45950.0,450.0,3.5,7,5341.0
mini,cooper s base,97395,gasoline,6-speed m/t,yellow,black,0,1,6699.0,172.0,1.6,16,5729.117647058823
mazda,mazda3 i sv,91700,gasoline,a/t,red,black,0,1,12000.0,155.0,2.0,11,7641.666666666667
mitsubishi,lancer evolution mr,94500,gasoline,transmission w/dual shift mode,white,black,0,1,27000.0,291.0,2.0,15,5906.25
chevrolet,tahoe ltz,196300,e85 flex fuel,6-speed a/t,black,black,0,1,10995.0,320.0,5.3,12,15100.0
cadillac,cts 3.6l luxury,54259,gasoline,8-speed automatic,majestic plum metallic,light platinum / jet black,0,1,19425.0,401.5,3.6,11,4521.583333333333
acura,rdx w/advance package,36267,gasoline,automatic,white,parchment,0,0,39798.0,279.5,2.0,5,6044.5
land rover,range sport supercharged hse,175000,gasoline,a/t,black,black,0,1,19500.0,340.0,3.0,11,14583.333333333334
chevrolet,suburban 1500 ltz,159000,gasoline,6-speed a/t,white,beige,1,1,26900.0,355.0,5.3,11,13250.0
chevrolet,camaro 2ss,74000,gasoline,8-speed a/t,black,black,0,1,32000.0,455.0,6.2,10,6727.272727272727
chevrolet,silverado 1500 hybrid 1hy,82963,hybrid,4-speed a/t,white,black,0,1,20995.0,332.0,6.0,15,5185.1875
cadillac,xt5 luxury,54323,gasoline,automatic,red,beige,0,0,27998.0,401.5,3.6,7,6790.375
nissan,armada sl,59980,gasoline,7-speed a/t,silver,black,0,1,29000.0,390.0,5.6,7,7497.5
audi,q5 s line premium,10120,hybrid,automatic,navarre blue,gray,0,0,39998.0,333.0,2.0,4,2024.0
bmw,x6 m base,25000,gasoline,transmission w/dual shift mode,white,red,1,1,65000.0,567.0,4.4,9,2500.0
bmw,740 i,126000,gasoline,a/t,black,black,1,1,12700.0,326.0,3.0,14,8400.0
toyota,sequoia trd pro,37428,gasoline,6-speed a/t,white,black,0,1,61599.0,381.0,5.7,6,5346.857142857143
volkswagen,jetta gli,99499,gasoline,transmission w/dual shift mode,black,black,1,1,15000.0,210.0,2.0,12,7653.7692307692305
honda,crosstour ex-l,90742,gasoline,a/t,gray,gray,0,1,12980.0,192.0,2.4,14,6049.466666666666
land rover,range sport supercharged,125000,e85 flex fuel,8-speed a/t,white,brown,1,1,22500.0,510.0,5.0,12,9615.384615384615
hyundai,santa fe sport 2.0l turbo ultimate,71669,gasoline,a/t,blue,black,0,1,20000.0,240.0,2.0,8,7963.222222222223
cadillac,xt5 luxury,44692,gasoline,8-speed automatic,bronze dune metallic,shara beige,0,0,32368.0,401.5,3.6,7,5586.5
jaguar,f-type r,16002,gasoline,8-speed a/t,black,red,0,1,74900.0,550.0,5.0,8,1778.0
toyota,fj cruiser base,86000,gasoline,5-speed a/t,blue,black,0,1,41500.0,260.0,4.0,12,6615.384615384615
toyota,tundra sr5,56000,gasoline,6-speed a/t,blue,black,0,1,42000.0,381.0,5.7,7,7000.0
nissan,300zx base,168000,missing,5-speed m/t,white,black,0,1,7000.0,287.0,3.5,33,4941.176470588235
ram,1500 sport,41789,gasoline,a/t,green,black,1,1,42500.0,395.0,5.7,9,4178.9
ford,focus se,60109,e85 flex fuel,6-speed a/t,gray,black,0,1,9499.0,160.0,2.0,12,4623.7692307692305
mercedes-benz,gle 350 base 4matic,48000,gasoline,a/t,black,black,0,1,49995.0,255.0,2.0,6,6857.142857142857
acura,tl type s,122000,gasoline,transmission w/dual shift mode,gray,beige,0,1,11500.0,286.0,3.5,18,6421.0526315789475
land rover,range hse,102800,gasoline,a/t,gold,brown,0,1,16000.0,385.0,5.0,14,6853.333333333333
mini,convertible cooper,15544,gasoline,a/t,blue,brown,0,0,28000.0,134.0,1.5,4,3108.8
mazda,cx-9 signature,69771,gasoline,a/t,black,red,0,1,27500.0,227.0,2.5,7,8721.375
acura,tlx tech,2118,gasoline,automatic,red,black,0,0,41998.0,279.5,2.0,3,529.5
ford,f-150 raptor,28260,gasoline,10-speed a/t,blue,blue,0,1,72950.0,450.0,3.5,5,4710.0
honda,civic si base,6025,gasoline,6-speed m/t,gray,gray,0,1,27500.0,205.0,1.5,6,860.7142857142857
hyundai,elantra se,32697,gasoline,6-speed a/t,gray,gray,1,1,15900.0,147.0,2.0,8,3633.0
ford,excursion limited,239000,gasoline,a/t,white,–,0,1,8000.0,310.0,6.8,25,9192.307692307691
jaguar,f-type s british design edition,34150,gasoline,8-speed a/t,black,black,0,1,45999.0,380.0,3.0,9,3415.0
honda,ridgeline rtl-e,9642,gasoline,9-speed automatic,radiant red metallic ii,black,0,0,38999.0,280.0,3.5,4,1928.4
pontiac,g6 gtp,100545,gasoline,4-speed a/t,gray,black,0,1,5995.0,201.0,3.5,20,4787.857142857143
mercedes-benz,c-class c300 4matic,11111,gasoline,automatic,gray,black,0,0,38998.0,362.0,2.0,5,1851.8333333333333
toyota,fj cruiser base,162000,gasoline,5-speed a/t,black,black,0,1,23977.0,239.0,4.0,19,8100.0
buick,enclave premium,87555,gasoline,9-speed automatic,dark moon blue metallic,dark galvanized,1,1,31650.0,288.0,3.6,6,12507.857142857143
chevrolet,tahoe ltz,102200,gasoline,a/t,silver,black,0,1,25000.0,355.0,5.3,11,8516.666666666666
bentley,continental gtc v8,18950,gasoline,transmission w/dual shift mode,white,black,0,1,77999.0,500.0,4.0,13,1353.5714285714287
mercedes-benz,slk-class slk 350,16000,gasoline,7-speed a/t,white,red,1,1,30500.0,302.0,3.5,11,1333.3333333333333
cadillac,escalade premium luxury,19250,gasoline,10-speed a/t,black,black,0,1,86999.0,420.0,6.2,4,3850.0
bmw,535 i xdrive,65000,gasoline,transmission w/dual shift mode,silver,black,0,1,24995.0,300.0,3.0,11,5416.666666666667
mini,cooper s base,110022,gasoline,6-speed m/t,silver,black,0,1,6250.0,172.0,1.6,19,5501.1
bentley,continental gt base,79089,e85 flex fuel,a/t,white,beige,0,1,46999.0,567.0,6.0,14,5272.6
lexus,gx 460 premium,2533,gasoline,a/t,black,black,0,1,64900.0,301.0,4.6,3,633.25
audi,q7 3.0t premium plus,96273,gasoline,8-speed a/t,silver,black,1,1,15495.0,280.0,3.0,12,7405.615384615385
cadillac,ct6 luxury,22187,gasoline,10-speed automatic,manhattan noir metallic,shara beige,1,1,45480.0,401.5,3.6,6,3169.5714285714284
gmc,sierra 1500 sl crew cab,137000,gasoline,a/t,red,–,0,1,20000.0,295.0,4.8,17,7611.111111111111
nissan,gt-r premium,60747,gasoline,6-speed a/t,white,–,1,1,71999.0,480.0,3.8,17,3374.8333333333335
dodge,ram 1500 st,36500,gasoline,a/t,blue,gray,0,1,16000.0,210.0,3.7,19,1825.0
ford,bronco outer banks,19590,gasoline,10-speed a/t,blue,gray,0,1,54999.0,315.0,2.7,5,3265.0
nissan,gt-r black edition,16850,gasoline,transmission w/dual shift mode,white,black,0,1,95000.0,545.0,3.8,11,1404.1666666666667
cadillac,escalade esv sport,4500,gasoline,10-speed a/t,white,beige,0,0,99175.0,420.0,6.2,5,750.0
chevrolet,cruze lt,194000,gasoline,6-speed a/t,gray,white,1,1,4900.0,138.0,1.4,14,12933.333333333334
lexus,gx 460 base,48210,gasoline,6-speed automatic,nebula gray pearl,rioja red,1,1,47449.0,301.0,4.6,6,6887.142857142857
bmw,750 i,81500,gasoline,8-speed a/t,white,white,0,1,41250.0,445.0,4.4,8,9055.555555555555
ford,f-150 xlt,77107,gasoline,10-speed automatic,agate black metallic,black,0,0,39995.0,375.0,3.5,5,12851.166666666666
bmw,535 i xdrive,58664,gasoline,8-speed a/t,blue,gray,1,1,20950.0,300.0,3.0,11,4888.666666666667
mitsubishi,montero limited,145000,gasoline,a/t,silver,black,0,1,8950.0,215.0,3.8,22,6304.347826086957
lexus,ls 500 f sport,15055,gasoline,a/t,white,black,0,1,59000.0,416.0,3.5,8,1672.7777777777778
tesla,model s 85d,67647,missing,1-speed a/t,blue,beige,0,1,28000.0,422.0,3.5,11,5637.25
lexus,lc 500 base,915,gasoline,10-speed a/t,blue,white,0,1,99175.0,471.0,5.0,5,152.5
mazda,mx-5 miata shinsen,46873,gasoline,5-speed m/t,gray,blue,0,1,11500.0,142.0,1.8,23,1953.0416666666667
cadillac,escalade esv premium luxury,53169,gasoline,a/t,black,black,0,1,81500.0,420.0,6.2,5,8861.5
lexus,gx 460 premium,35700,gasoline,a/t,silver,gray,1,1,51900.0,301.0,4.6,4,7140.0
nissan,pathfinder platinum,112600,gasoline,cvt transmission,black,black,1,1,13000.0,260.0,3.5,12,8661.538461538461
gmc,yukon sle,112552,gasoline,6-speed automatic,onyx black,jet black,1,1,24440.0,355.0,5.3,11,9379.333333333334
bmw,m3 base,127273,gasoline,6-speed m/t,silver,black,0,1,15000.0,333.0,3.2,23,5303.041666666667
lexus,is 250 base,189887,gasoline,a/t,white,–,1,1,3995.0,204.0,2.5,19,9494.35
bmw,640 i,76465,gasoline,8-speed a/t,white,beige,1,1,22500.0,315.0,3.0,14,5097.666666666667
mitsubishi,eclipse spyder gt,136400,gasoline,5-speed a/t,red,gray,1,1,6750.0,260.0,3.8,19,6820.0
ford,thunderbird deluxe,79635,gasoline,a/t,gray,black,0,1,13500.0,280.0,3.9,22,3462.391304347826
tesla,model y long range,4665,missing,automatic,silver,black,0,0,46598.0,425.0,3.5,4,933.0
buick,enclave 1xl,170000,gasoline,6-speed a/t,gold,beige,1,1,4000.0,288.0,3.6,15,10625.0
ford,f-150 xlt,67650,gasoline,a/t,blue,gray,0,1,30000.0,375.0,3.5,8,7516.666666666667
lexus,es 350 base,119850,gasoline,a/t,white,beige,0,1,19000.0,268.0,3.5,10,10895.454545454546
acura,tl type s,116500,gasoline,6-speed m/t,red,black,0,1,15999.0,286.0,3.5,18,6131.578947368421
mercury,capri xr2,120644,missing,5-speed m/t,green,gray,0,1,4200.0,302.0,4.6,33,3548.3529411764707
ford,transit connect xlt,169802,gasoline,4-speed automatic,frozen white,dark gray,0,1,9985.0,169.0,2.0,16,9988.35294117647
bmw,x3 m40i,36905,gasoline,transmission w/dual shift mode,blue,beige,0,1,50000.0,382.0,3.0,5,6150.833333333333
jeep,gladiator willys,8400,gasoline,8-speed a/t,black,black,1,1,47000.0,285.0,3.6,4,1680.0
hummer,h2 base,149961,gasoline,a/t,beige,beige,1,1,12500.0,316.0,6.0,23,6248.375
mercedes-benz,c-class c 63 amg,84500,gasoline,7-speed a/t,white,black,0,1,41500.0,451.0,6.2,12,6500.0
lamborghini,aventador lp700-4,3254,gasoline,7-speed automatic with auto-shift,bianco isis,giallo taurus / nero ade,0,0,99175.0,573.0,6.5,10,295.8181818181818
mercedes-benz,g-class g 550 4matic,96000,gasoline,a/t,blue,brown,0,1,65000.0,416.0,4.0,10,8727.272727272728
nissan,gt-r premium,88000,gasoline,transmission w/dual shift mode,white,white,1,1,57000.0,480.0,3.8,17,4888.888888888889
audi,r8 4.2 quattro spyder,35322,gasoline,6-speed manual,phantom black pearl effect / black roof,red,0,0,94900.0,333.0,4.2,15,2207.625
acura,tlx a-spec,32500,gasoline,a/t,white,red,0,1,32000.0,206.0,2.4,6,4642.857142857143
audi,a6 3.0t premium plus,71280,gasoline,a/t,silver,black,0,1,22000.0,333.0,3.0,10,6480.0
porsche,panamera 2,37200,gasoline,7-speed a/t,black,beige,0,1,27500.0,300.0,3.6,15,2325.0
saturn,sky red line,94291,gasoline,a/t,white,–,0,1,14500.0,260.0,2.0,18,4962.684210526316
maserati,coupe cambiocorsa,54082,gasoline,transmission w/dual shift mode,blue,beige,0,1,17000.0,390.0,4.2,20,2575.3333333333335
volvo,xc90 recharge plug-in hybrid t8 inscription 7 passenger,7800,plug-in hybrid,8-speed a/t,black,beige,0,1,66000.0,455.0,2.0,4,1560.0
jeep,wrangler sport,86250,gasoline,5-speed a/t,white,black,0,1,22000.0,285.0,3.6,10,7840.909090909091
bmw,x5 xdrive50i,75479,gasoline,transmission w/dual shift mode,silver,black,0,1,27899.0,445.0,4.4,10,6861.727272727273
bmw,750 i,24650,gasoline,a/t,silver,black,0,1,50000.0,445.0,4.4,9,2465.0
volkswagen,golf r 4-door,102750,gasoline,6-speed m/t,black,black,0,1,20000.0,256.0,2.0,13,7339.285714285715
alfa romeo,romeo stelvio base,50000,gasoline,a/t,brown,brown,0,1,27500.0,280.0,2.0,8,5555.555555555556
bmw,x5 xdrive35i,72700,gasoline,a/t,gray,black,0,1,27499.0,300.0,3.0,9,7270.0
bmw,x6 m base,54293,gasoline,8-speed a/t,black,beige,1,1,49000.0,567.0,4.4,8,6032.555555555556
lexus,is 300 base,16000,gasoline,6-speed a/t,blue,brown,1,1,30500.0,260.0,3.5,8,1777.7777777777778
lamborghini,gallardo se,19500,gasoline,6-speed a/t,green,yellow,0,1,99175.0,493.0,5.0,20,928.5714285714286
bmw,428 i,71000,gasoline,transmission w/dual shift mode,white,black,1,1,16700.0,240.0,2.0,12,5461.538461538462
bmw,x5 xdrive40i,60000,gasoline,8-speed a/t,white,beige,0,1,36500.0,335.0,3.0,7,7500.0
porsche,boxster base,75539,gasoline,5-speed m/t,blue,beige,0,1,11995.0,201.0,2.5,28,2604.793103448276
alfa romeo,romeo giulia base,36000,gasoline,8-speed a/t,white,red,0,1,21000.0,280.0,2.0,9,3600.0
mercedes-benz,c-class c 300,76422,gasoline,automatic,black,black,0,0,28998.0,248.0,2.0,7,9552.75
nissan,370z nismo tech,42600,gasoline,7-speed a/t,red,black,1,1,31950.0,350.0,3.7,10,3872.7272727272725
rivian,r1s adventure package,211,missing,a/t,blue,black,0,1,99000.0,835.0,3.5,3,52.75
chevrolet,suburban lt,98888,gasoline,a/t,white,black,1,1,29000.0,355.0,6.0,9,9888.8
ford,fusion hybrid se,64532,hybrid,a/t,silver,gray,1,1,19395.0,188.0,2.0,7,8066.5
bmw,x3 xdrive35i,75500,gasoline,a/t,white,black,0,1,12975.0,300.0,3.0,15,4718.75
buick,envision preferred,32000,gasoline,a/t,black,beige,0,1,27000.0,197.0,2.5,7,4000.0
buick,envision essence,47839,gasoline,6-speed automatic,summit white,ebony,0,1,24991.0,281.5,2.5,7,5979.875
porsche,cayenne gts,98413,gasoline,transmission w/dual shift mode,green,black,1,1,34900.0,420.0,4.8,13,7029.5
audi,rs 5 2.9t,9628,gasoline,8-speed a/t,white,black,0,1,78500.0,444.0,2.9,4,1925.6
jaguar,xk8 base,15000,gasoline,5-speed a/t,green,beige,0,1,16370.0,290.0,4.0,27,535.7142857142857
audi,r8 5.2 v10,6397,gasoline,7-speed automatic with auto-shift,kemora gray metallic,black / express red,0,0,99175.0,333.0,5.2,5,1066.1666666666667
honda,pilot black edition,22564,gasoline,automatic,platinum white pearl,black,0,0,44998.0,200.5,3.5,4,4512.8
lexus,rx 350 crafted line f sport,110000,gasoline,transmission w/dual shift mode,white,black,0,1,28000.0,270.0,3.5,11,9166.666666666666
mercedes-benz,sprinter 3500 high roof,105,diesel,7-speed a/t,black,orange,0,1,99175.0,161.0,2.0,4,21.0
toyota,4runner limited,186117,gasoline,a/t,black,beige,0,1,13000.0,245.0,4.0,22,8092.04347826087
jeep,wrangler sport,103500,gasoline,m/t,yellow,gray,0,1,12500.0,190.0,4.0,24,4140.0
cadillac,ct6-v 4.2l blackwing twin turbo,8074,gasoline,10-speed automatic,manhattan noir metallic,jet black,0,0,76700.0,401.5,4.2,7,1009.25
bmw,m3 base,43000,gasoline,6-speed m/t,black,black,0,1,50900.0,414.0,4.0,15,2687.5
bmw,750 i,70700,gasoline,8-speed a/t,blue,black,1,1,23000.0,445.0,4.4,11,5891.666666666667
chevrolet,trailblazer rs,42479,gasoline,9-speed automatic,mosaic black metallic,jet black,0,1,28495.0,155.0,1.3,4,8495.8
ford,excursion xlt 4wd,205000,gasoline,a/t,black,gray,1,1,9950.0,310.0,6.8,26,7592.592592592592
audi,sq5 3.0t premium plus,22300,gasoline,8-speed a/t,blue,gray,0,1,38999.0,349.0,3.0,7,2787.5
ford,expedition el limited,104000,gasoline,a/t,black,black,1,1,19995.0,365.0,3.5,9,10400.0
ford,bronco sport base,13865,gasoline,8-speed automatic,shadow black,ebony,0,1,29182.0,325.0,1.5,4,2773.0
bmw,m4 competition xdrive,15882,gasoline,8-speed a/t,red,silver,0,1,84995.0,503.0,3.0,4,3176.4
land rover,defender,12209,gasoline,8-speed automatic,black,black,0,0,99175.0,380.0,5.0,4,2441.8
mercedes-benz,amg glc 43 amg glc 43,10483,gasoline,automatic,graphite grey metallic,black w/red stitching,0,0,60998.0,362.0,3.0,5,1747.1666666666667
nissan,gt-r premium,31150,gasoline,transmission w/dual shift mode,orange,black,0,1,99175.0,565.0,3.8,9,3115.0
chrysler,200 c,44000,e85 flex fuel,a/t,white,black,1,1,12700.0,295.0,3.6,11,3666.6666666666665
hummer,h2 base,109000,gasoline,a/t,beige,beige,0,1,17500.0,316.0,6.0,23,4541.666666666667
bmw,m4 base,31350,gasoline,transmission w/dual shift mode,gray,orange,0,1,62450.0,425.0,3.0,6,4478.571428571428
audi,q8 55 premium plus,30000,hybrid,8-speed a/t,black,black,0,1,62000.0,335.0,3.0,5,5000.0
land rover,range hse,66500,gasoline,a/t,silver,black,0,1,19950.0,385.0,5.0,14,4433.333333333333
nissan,frontier sv,96600,gasoline,a/t,beige,black,1,1,17000.0,261.0,4.0,14,6440.0
toyota,highlander le plus,198000,gasoline,a/t,white,gray,0,1,14000.0,270.0,3.5,11,16500.0
audi,s4 3.0t premium plus,91877,gasoline,a/t,black,red,1,1,24000.0,333.0,3.0,13,6562.642857142857
ford,expedition max limited,45578,gasoline,10-speed a/t,white,–,0,1,45023.0,375.0,3.5,8,5064.222222222223
bmw,228 i,54000,gasoline,6-speed m/t,black,red,1,1,19996.0,240.0,2.0,11,4500.0
land rover,range sport hst mhev,52000,hybrid,8-speed a/t,gray,black,0,1,55000.0,395.0,3.0,6,7428.571428571428
mercedes-benz,e-class amg e 53,23044,hybrid,automatic,emerald green metallic,black/saddle brown,0,0,72598.0,362.0,3.0,6,3292.0
porsche,911 carrera,132500,gasoline,6-speed m/t,black,black,0,1,35000.0,325.0,3.6,18,6973.684210526316
dodge,dakota slt quad cab,256000,gasoline,a/t,black,gray,0,1,4000.0,210.0,4.7,20,12190.47619047619
mercedes-benz,sl-class sl63 amg roadster,31370,gasoline,transmission w/dual shift mode,white,brown,0,1,65700.0,518.0,6.3,17,1742.7777777777778
chrysler,sebring lx,67303,gasoline,a/t,blue,blue,0,1,4900.0,173.0,2.4,18,3542.2631578947367
chevrolet,corvette stingray w/3lt,12000,gasoline,a/t,blue,black,1,1,99175.0,490.0,6.2,5,2000.0
ford,bronco outer banks,16500,gasoline,a/t,blue,gray,0,1,54000.0,275.0,2.3,3,4125.0
toyota,tacoma trd pro,28800,gasoline,"manual, 6-spd",–,black,0,0,42900.0,270.0,3.5,8,3200.0
ram,promaster 2500 high roof,88000,gasoline,6-speed a/t,white,black,1,1,39900.0,280.0,3.6,7,11000.0
ford,shelby gt350 base,18515,gasoline,6-speed m/t,white,black,1,1,60867.0,526.0,5.2,8,2057.222222222222
tesla,model 3 performance,92813,missing,1-speed a/t,red,black,0,1,30499.0,271.0,3.5,8,10312.555555555555
land rover,range p530 se lwb 7 seat,2100,gasoline,8-speed a/t,gray,beige,0,1,99175.0,523.0,4.4,3,525.0
volvo,xc60 t6 inscription,58600,gasoline,a/t,white,white,1,1,29000.0,330.0,2.0,7,7325.0
lexus,ls 460 crafted line,74500,gasoline,transmission w/dual shift mode,white,red,0,1,33900.0,386.0,4.6,11,6208.333333333333
tesla,model s 100d,33500,missing,a/t,gray,black,0,1,51900.0,518.0,3.5,8,3722.222222222222
cadillac,xt6 premium luxury awd,222,gasoline,a/t,white,black,0,1,69000.0,310.0,3.6,3,55.5
chevrolet,avalanche 1500 ltz,75124,e85 flex fuel,a/t,red,gray,0,1,16499.0,310.0,5.3,19,3756.2
chevrolet,corvette grand sport,15500,gasoline,transmission w/dual shift mode,white,blue,0,1,45000.0,430.0,6.2,13,1107.142857142857
audi,q8 55 premium,34300,hybrid,8-speed a/t,gray,brown,0,1,52500.0,335.0,3.0,6,4900.0
honda,odyssey elite,82000,gasoline,10-speed a/t,silver,black,0,1,32471.0,280.0,3.5,7,10250.0
acura,tlx,3389,gasoline,automatic,platinum white pearl,black,0,0,38598.0,279.5,2.0,3,847.25
porsche,cayenne gts coupe awd,10000,gasoline,8-speed a/t,gray,black,0,1,99175.0,453.0,4.0,3,2500.0
cadillac,sts v6,96000,gasoline,a/t,beige,brown,1,1,4999.0,260.0,3.6,21,4363.636363636364
dodge,charger r/t,7751,gasoline,8-speed a/t,black,black,0,1,41950.0,370.0,5.7,5,1291.8333333333333
audi,rs 7 4.0t performance prestige,66250,gasoline,8-speed a/t,gray,gray,1,1,59200.0,605.0,4.0,9,6625.0
lexus,ct 200h premium,109000,hybrid,a/t,white,black,1,1,14945.0,134.0,1.8,14,7266.666666666667
hyundai,genesis coupe 3.8 base,60000,gasoline,transmission w/dual shift mode,black,black,0,1,17000.0,348.0,3.8,11,5000.0
tesla,model s performance,14700,missing,1-speed a/t,gray,black,0,1,63000.0,778.0,3.5,6,2100.0
mercedes-benz,e-class e 350 4matic,9006,gasoline,9-speed a/t,black,black,0,1,56999.0,255.0,2.0,4,1801.2
toyota,gr86 base,13400,gasoline,6-speed a/t,silver,black,0,1,33499.0,228.0,2.4,4,2680.0
porsche,macan s,28570,gasoline,automatic,white,black,0,0,55998.0,340.0,3.0,6,4081.4285714285716
dodge,durango srt,78000,gasoline,transmission w/dual shift mode,white,black,1,1,44700.0,475.0,6.4,8,8666.666666666666
lexus,lx 570 base,134000,gasoline,a/t,gray,black,1,1,29995.0,383.0,5.7,13,9571.42857142857
kia,optima hybrid ex,104994,hybrid,6-speed a/t,black,beige,0,1,9000.0,199.0,2.4,13,7499.571428571428
bentley,continental gt v8 s,31500,gasoline,8-speed a/t,black,beige,0,1,99175.0,521.0,4.0,10,2863.6363636363635
alfa romeo,romeo giulia base,30000,gasoline,8-speed a/t,black,–,0,1,28900.0,280.0,2.0,6,4285.714285714285
lexus,lx 600 f sport,490,gasoline,a/t,black,black,0,1,99175.0,409.0,3.4,3,122.5
porsche,taycan turbo,18000,missing,a/t,silver,black,0,1,99175.0,616.0,3.45,6,2571.4285714285716
toyota,sequoia limited,67000,e85 flex fuel,6-speed a/t,silver,gray,0,1,37999.0,381.0,5.7,9,6700.0
kia,k5 ex,8263,gasoline,a/t,gray,white,0,1,29000.0,180.0,1.6,5,1377.1666666666667
ram,1500 big horn,35003,gasoline,8-speed automatic,bright white clearcoat,diesel gray / black,0,1,40999.0,395.0,5.7,5,5833.833333333333
chevrolet,corvette base,80000,gasoline,6-speed a/t,red,beige,0,1,31000.0,430.0,6.2,18,4210.526315789473
chevrolet,corvette stingray w/1lt,6200,gasoline,transmission w/dual shift mode,brown,black,0,1,99175.0,490.0,6.2,4,1240.0
jaguar,f-type s,74595,gasoline,8-speed a/t,green,black,1,1,32450.0,495.0,5.0,12,5738.076923076923
audi,a7 3.0t prestige,87066,gasoline,8-speed a/t,silver,black,0,1,20999.0,310.0,3.0,13,6219.0
audi,q8 3.0t prestige,38360,gasoline,8-speed automatic,orca black metallic,black,0,0,49936.0,335.0,3.0,7,4795.0
kia,telluride sx,38000,gasoline,8-speed a/t,green,beige,0,1,41999.0,291.0,3.8,6,5428.571428571428
toyota,camry hybrid xle,69641,hybrid,cvt transmission,white,black,1,1,23995.0,208.0,2.5,8,7737.888888888889
toyota,gr86 premium,1275,gasoline,6-speed a/t,blue,black,0,1,47999.0,228.0,2.4,4,255.0
bmw,m3 base,60000,gasoline,6-speed m/t,black,gray,0,1,25000.0,333.0,3.2,25,2307.6923076923076
jeep,wrangler rubicon,99450,gasoline,6-speed m/t,gray,black,0,1,21000.0,285.0,3.6,12,7650.0
toyota,tundra hybrid capstone,200,hybrid,10-speed a/t,blue,white,0,1,82500.0,437.0,3.4,3,50.0
porsche,panamera 4 edition,68000,gasoline,transmission w/dual shift mode,gray,black,1,1,32950.0,310.0,3.6,10,6181.818181818182
lexus,gs 350 base,212000,gasoline,a/t,gray,black,1,1,9450.0,303.0,3.5,16,12470.588235294117
gmc,sierra 3500 denali,73091,diesel,a/t,white,black,1,1,58500.0,445.0,6.6,7,9136.375
kia,niro plug-in hybrid ex,9400,plug-in hybrid,a/t,black,black,0,1,31500.0,180.0,1.6,3,2350.0
porsche,cayenne base,117697,gasoline,8-speed a/t,black,black,1,1,16975.0,300.0,3.6,12,9053.615384615385
mercedes-benz,s-class s 65 amg,95428,gasoline,a/t,silver,silver,0,1,55000.0,621.0,6.0,11,7952.333333333333
lexus,gx 460 premium,116300,gasoline,6-speed a/t,gray,beige,0,1,31950.0,301.0,4.6,9,11630.0
acura,mdx sport hybrid 3.0l w/technology package,56778,hybrid,7-speed a/t,black,black,0,1,41899.0,321.0,3.0,7,7097.25
audi,q5 s line premium plus,5682,hybrid,automatic,chronos gray,gray,0,0,48698.0,333.0,2.0,3,1420.5
bmw,530 i,37000,gasoline,a/t,gray,black,0,1,31000.0,248.0,2.0,9,3700.0
kia,forte koup ex,103748,gasoline,a/t,gray,gray,0,1,8500.0,173.0,2.0,11,8645.666666666666
toyota,sequoia limited,86000,gasoline,a/t,silver,–,0,1,22500.0,282.0,4.7,21,3909.090909090909
land rover,lr4 hse,125900,gasoline,a/t,black,beige,0,1,21000.0,375.0,5.0,13,8992.857142857143
nissan,titan sv,6200,gasoline,9-speed a/t,black,gray,0,1,48000.0,400.0,5.6,3,1550.0
ford,f-250 lariat,85000,diesel,6-speed a/t,black,black,1,1,52500.0,450.0,6.7,7,10625.0
mercedes-benz,amg gt amg gt,19324,gasoline,transmission w/dual shift mode,gray,beige,0,1,75000.0,456.0,4.0,9,1932.4
cadillac,escalade platinum,49273,gasoline,a/t,red,black,0,1,54000.0,420.0,6.2,8,5474.777777777777
tesla,model 3 standard range plus,42094,missing,a/t,white,white,0,1,32000.0,271.0,3.5,7,5261.75
bmw,m3 base,44000,gasoline,7-speed a/t,blue,black,0,1,55000.0,425.0,3.0,9,4400.0
chevrolet,cruze lt,148377,gasoline,6-speed a/t,blue,black,0,0,5500.0,138.0,1.4,14,9891.8
dodge,challenger srt8,70000,gasoline,6-speed m/t,orange,black,0,1,22000.0,425.0,6.1,16,4117.64705882353
mercedes-benz,sprinter 2500,143290,diesel,a/t,white,black,0,1,33490.0,161.0,2.1,10,13026.363636363636
ford,f-350 platinum,69205,diesel,transmission w/dual shift mode,white,black,0,1,73500.0,450.0,6.7,7,8650.625
chevrolet,tahoe ltz,123500,gasoline,6-speed a/t,white,brown,0,1,25650.0,355.0,5.3,11,10291.666666666666
audi,q7 3.0t prestige,70773,gasoline,a/t,white,black,0,1,30950.0,333.0,3.0,8,7863.666666666667
jeep,patriot latitude,109000,gasoline,a/t,gray,gray,1,1,7599.0,158.0,2.0,11,9083.333333333334
infiniti,qx70 base,71097,gasoline,7-speed a/t,black,black,0,1,18995.0,325.0,3.7,12,5469.0
bmw,x5 xdrive35i,76309,gasoline,a/t,silver,black,0,0,12000.0,300.0,3.0,13,5450.642857142857
tesla,model 3,26609,missing,automatic,gray,–,0,0,36998.0,455.0,3.5,8,2956.5555555555557
land rover,range p400 se lwb 7 seat,4126,hybrid,a/t,black,beige,0,0,99175.0,395.0,3.0,3,1031.5
nissan,240sx base,160490,missing,5-speed m/t,gray,black,0,1,15500.0,287.0,3.5,30,5177.096774193548
cadillac,ats 2.5l,80400,gasoline,a/t,silver,black,1,1,15000.0,202.0,2.5,12,6184.615384615385
toyota,rav4 base,123620,gasoline,4-speed a/t,black,black,1,1,9900.0,179.0,2.5,16,7271.764705882353
acura,tsx technology,187883,gasoline,a/t,red,beige,0,1,5500.0,201.0,2.4,15,11742.6875
mercedes-benz,g-class g 550 4matic,45000,gasoline,a/t,black,black,0,1,99175.0,416.0,4.0,6,6428.571428571428
honda,civic sport,25420,gasoline,cvt transmission,red,gray,0,1,24500.0,158.0,2.0,4,5084.0
bmw,m3 base,129999,gasoline,6-speed m/t,white,black,0,1,29999.0,414.0,4.0,15,8124.9375
bmw,m3 base,41048,gasoline,transmission w/dual shift mode,gray,beige,0,1,38490.0,414.0,4.0,18,2160.4210526315787
nissan,cube 1.8 s,72500,gasoline,6-speed m/t,brown,black,0,1,6750.0,122.0,1.8,16,4264.705882352941
ram,promaster 3500 tradesman,143390,gasoline,6-speed a/t,white,–,0,1,13000.0,280.0,3.6,12,11030.0
acura,rdx base,68425,gasoline,6-speed a/t,gray,–,1,1,23500.0,279.0,3.5,8,7602.777777777777
toyota,4runner limited,95000,gasoline,a/t,silver,brown,0,1,33000.0,270.0,4.0,8,10555.555555555555
ram,1500 limited,29000,gasoline,8-speed a/t,gray,black,1,1,49500.0,395.0,5.7,7,3625.0
chevrolet,corvette base,145000,gasoline,a/t,blue,black,0,1,22000.0,350.0,5.7,23,6041.666666666667
land rover,defender 110 se,29700,hybrid,8-speed a/t,green,black,0,0,68000.0,395.0,3.0,6,4242.857142857143
jeep,grand cherokee laredo,98658,gasoline,5-speed a/t,white,gray,0,1,14995.0,360.0,5.7,15,6166.125
volvo,s80 t6,97615,gasoline,6-speed a/t,black,gray,0,1,10500.0,281.0,3.0,17,5423.055555555556
porsche,cayenne s,36000,gasoline,8-speed a/t,black,beige,0,1,37000.0,400.0,4.8,12,2769.230769230769
mazda,cx-30 select,61874,gasoline,6-speed automatic,jet black mica,black,0,1,22389.0,184.0,2.5,5,10312.333333333334
chrysler,town & country touring,74582,e85 flex fuel,6-speed a/t,black,–,0,1,8500.0,283.0,3.6,14,4972.133333333333
infiniti,fx37 base,51500,gasoline,a/t,gray,black,0,1,23900.0,325.0,3.7,13,3678.5714285714284
toyota,fj cruiser base,193827,gasoline,a/t,silver,black,0,1,14950.0,239.0,4.0,19,9691.35
chevrolet,silverado 1500 lt,53433,gasoline,a/t,blue,gray,0,1,36950.0,355.0,5.3,7,6679.125
mercedes-benz,c-class c 63 amg,103000,gasoline,7-speed a/t,silver,black,1,1,40000.0,451.0,6.3,14,6866.666666666667
bmw,428 gran coupe i xdrive,59000,gasoline,transmission w/dual shift mode,black,brown,1,1,20999.0,240.0,2.0,10,5363.636363636364
lexus,gx 460 premium,82000,gasoline,a/t,gray,brown,0,1,32900.0,301.0,4.6,9,8200.0
porsche,panamera edition,60000,gasoline,a/t,gray,black,0,1,45000.0,310.0,3.6,10,5454.545454545455
cadillac,escalade esv platinum,93971,gasoline,a/t,white,beige,0,1,47000.0,420.0,6.2,9,9397.1
lexus,is 350 base,62600,gasoline,transmission w/dual shift mode,gray,red,0,1,27500.0,306.0,3.5,11,5216.666666666667
mercedes-benz,e-class e 350 4matic,84450,gasoline,7-speed a/t,gray,beige,0,1,19000.0,302.0,3.5,12,6496.153846153846
audi,q5 s line premium,18099,hybrid,automatic,daytona gray,gray,0,0,40798.0,333.0,2.0,4,3619.8
mercedes-benz,e-class e 350 4matic,76500,gasoline,7-speed a/t,silver,black,0,1,17999.0,302.0,3.5,12,5884.615384615385
chevrolet,camaro 1lt,74000,gasoline,a/t,yellow,black,0,1,19800.0,275.0,2.0,9,7400.0
ram,1500 laramie,15607,gasoline,8-speed automatic,billet silver metallic clearcoat,black,0,0,45999.0,395.0,5.7,4,3121.4
chevrolet,silverado 1500 1lz,111095,e85 flex fuel,6-speed a/t,white,black,1,1,26000.0,355.0,5.3,12,8545.76923076923
toyota,camry solara sle,37216,gasoline,a/t,red,beige,1,1,14995.0,210.0,3.3,19,1860.8
jaguar,f-type s,25786,gasoline,8-speed a/t,blue,gray,0,1,38500.0,380.0,3.0,11,2148.8333333333335
jeep,gladiator sport,15520,gasoline,8-speed automatic,sting gray clearcoat,black,0,1,40459.0,285.0,3.6,5,2586.6666666666665
ram,1500 big horn,49583,gasoline,8-speed automatic,billet silver metallic clearcoat,black,0,0,42816.0,395.0,5.7,5,8263.833333333334
porsche,cayenne diesel,97300,diesel,8-speed a/t,black,black,0,1,29995.0,240.0,3.0,11,8108.333333333333
chevrolet,camaro base,89000,gasoline,a/t,silver,black,0,1,10400.0,200.0,3.8,24,3560.0
porsche,cayenne s,52111,gasoline,8-speed a/t,black,black,1,1,37500.0,420.0,3.6,11,4342.583333333333
dodge,challenger r/t scat pack,75800,gasoline,automatic,gray,black,0,0,35998.0,345.0,6.4,7,9475.0
lexus,es 350 base,113500,gasoline,a/t,red,beige,1,1,11000.0,272.0,3.5,16,6676.470588235294
audi,q3 2.0t premium plus,155382,gasoline,a/t,brown,gray,1,1,13500.0,200.0,2.0,11,12948.5
mercedes-benz,e-class e 550,49643,gasoline,7-speed a/t,white,black,1,1,33995.0,402.0,4.7,10,4513.0
bmw,650 i xdrive,76474,gasoline,transmission w/dual shift mode,white,black,0,1,32000.0,445.0,4.4,11,6372.833333333333
porsche,cayman base,10431,gasoline,7-speed a/t,red,black,0,1,50999.0,275.0,2.7,10,948.2727272727273
infiniti,fx50 base,190120,gasoline,7-speed a/t,gray,black,1,1,12500.0,390.0,5.0,17,10562.222222222223
ford,f-150 xlt,92000,gasoline,10-speed a/t,gray,black,0,1,29999.0,375.0,3.5,6,13142.857142857143
chevrolet,camaro 2lt,24000,gasoline,6-speed m/t,yellow,black,0,1,32000.0,335.0,3.6,9,2400.0
ram,1500 big horn,25396,gasoline,8-speed automatic,maximum steel metallic,black,0,1,43250.0,395.0,5.7,6,3628.0
chevrolet,silverado 2500 h/d,167000,gasoline,4-speed a/t,white,gray,1,1,6500.0,300.0,6.0,25,6423.076923076923
ram,1500 laramie,18645,gasoline,automatic,diamond black,black,0,1,49700.0,395.0,5.7,4,3729.0
porsche,911 turbo,28470,gasoline,transmission w/dual shift mode,white,black,1,1,99175.0,540.0,3.8,8,3163.3333333333335
ford,mustang v6,54000,gasoline,6-speed a/t,white,black,0,1,23999.0,300.0,3.7,10,4909.090909090909
hyundai,accent gl,83000,gasoline,m/t,blue,gray,0,1,2900.0,104.0,1.6,23,3458.3333333333335
audi,q5 s line premium plus,10071,hybrid,automatic,mythos black metallic,black,0,0,40598.0,333.0,2.0,4,2014.2
ford,f-150 xlt,43329,gasoline,10-speed automatic,carbonized gray metallic,black,0,1,43642.0,375.0,3.5,5,7221.5
lexus,rc f base,51400,gasoline,8-speed a/t,silver,gray,0,1,43000.0,467.0,5.0,11,4283.333333333333
chevrolet,suburban 1500 lt,153800,e85 flex fuel,6-speed a/t,silver,black,1,1,23000.0,355.0,5.3,11,12816.666666666666
land rover,range sport svr carbon edition,9000,gasoline,a/t,green,gray,0,1,99175.0,575.0,5.0,4,1800.0
dodge,viper srt-10,10800,gasoline,6-speed m/t,silver,black,0,1,65499.0,500.0,8.3,23,450.0
ram,1500 laramie,10458,gasoline,8-speed automatic,delmonico red pearlcoat,black,0,1,48815.0,395.0,5.7,6,1494.0
bmw,328 i,84709,gasoline,8-speed a/t,silver,gray,0,1,13800.0,240.0,2.0,12,6516.076923076923
mercedes-benz,amg c 43 amg c 43 4matic,33500,gasoline,9-speed a/t,red,black,0,1,45770.0,385.0,3.0,7,4187.5
bmw,m4 base,98000,gasoline,transmission w/dual shift mode,black,orange,0,1,32999.0,425.0,3.0,11,8166.666666666667
bmw,750 i,94653,gasoline,a/t,green,green,1,1,7300.0,360.0,4.8,18,4981.736842105263
ford,expedition limited,9281,gasoline,a/t,black,black,0,1,85000.0,440.0,3.5,3,2320.25
chevrolet,traverse premier,11806,gasoline,9-speed a/t,white,black,0,1,47000.0,310.0,3.6,3,2951.5
mercedes-benz,e-class d 2.5 turbo,70015,missing,4-speed a/t,gray,gray,0,1,22500.0,362.0,3.5,33,2059.264705882353
cadillac,escalade platinum,48613,gasoline,a/t,black,black,1,1,61500.0,420.0,6.2,6,6944.714285714285
ram,3500 tradesman,2990,diesel,a/t,white,black,1,1,69900.0,400.0,6.7,3,747.5
audi,tt 1.8l,124747,gasoline,transmission w/dual shift mode,silver,black,0,1,6900.0,180.0,1.8,21,5670.318181818182
ram,1500 big horn,24000,hybrid,a/t,silver,black,0,1,42000.0,395.0,5.7,5,4000.0
mazda,cx-7 sport,113000,gasoline,6-speed a/t,gray,black,0,1,5499.0,244.0,2.3,17,6277.777777777777
infiniti,qx60 base,89106,gasoline,transmission w/dual shift mode,white,beige,0,1,18000.0,295.0,3.5,9,8910.6
ford,f-250 platinum,22000,e85 flex fuel,6-speed a/t,beige,black,1,1,53000.0,385.0,6.2,9,2200.0
jeep,compass limited,20472,gasoline,9-speed automatic,red,black,0,0,28298.0,285.0,2.4,4,4094.4
infiniti,qx80 sensory,8600,gasoline,7-speed a/t,black,brown,0,0,78990.0,400.0,5.6,3,2150.0
chevrolet,silverado 1500 limited lt trail boss,4753,gasoline,10-speed a/t,white,black,0,1,57000.0,355.0,5.3,4,950.6
hyundai,genesis coupe 2.0t,65000,gasoline,a/t,gray,black,0,0,8900.0,210.0,2.0,16,3823.529411764706
chevrolet,camaro 1ss,15000,gasoline,6-speed m/t,blue,gray,0,1,43500.0,455.0,6.2,5,2500.0
chevrolet,tahoe base,229000,diesel,a/t,green,beige,1,1,19500.0,180.0,6.5,29,7633.333333333333
audi,a6 3.0 tdi premium plus,42400,diesel,8-speed a/t,silver,black,0,1,26500.0,240.0,3.0,12,3261.5384615384614
land rover,defender s,15840,gasoline,8-speed a/t,white,black,0,1,69900.0,296.0,2.0,3,3960.0
porsche,cayenne s,76200,gasoline,transmission w/dual shift mode,gray,beige,0,1,42000.0,420.0,3.6,10,6927.272727272727
chevrolet,suburban premier,105667,gasoline,6-speed a/t,black,beige,0,1,39000.0,355.0,5.3,7,13208.375
chevrolet,suburban premier,51338,gasoline,6-speed a/t,white,black,0,1,49900.0,355.0,5.3,7,6417.25
dodge,dart se,76857,gasoline,m/t,black,black,1,1,8100.0,160.0,2.0,10,6987.0
ford,f-250 lariat,80200,e85 flex fuel,a/t,white,black,0,1,42500.0,385.0,6.2,7,10025.0
toyota,sequoia sr5,244200,gasoline,a/t,white,–,1,1,3950.0,240.0,4.7,24,9768.0
ford,mustang gt,38560,gasoline,6-speed m/t,black,black,1,1,28500.0,420.0,5.0,12,2966.153846153846
chevrolet,corvette stingray w/2lt,12500,gasoline,transmission w/dual shift mode,yellow,black,0,1,84999.0,490.0,6.2,6,1785.7142857142858
hyundai,genesis coupe 3.8 base,45303,gasoline,8-speed a/t,white,black,0,1,20999.0,348.0,3.8,10,4118.454545454545
ford,focus st base,110000,gasoline,6-speed m/t,silver,gray,0,1,9495.0,252.0,2.0,12,8461.538461538461
cadillac,cts luxury,66200,gasoline,6-speed a/t,black,black,0,1,16499.0,270.0,3.0,15,4137.5
subaru,baja base,71000,gasoline,5-speed m/t,red,black,0,1,14900.0,165.0,2.5,23,2958.3333333333335
toyota,highlander xle,81301,gasoline,8-speed automatic,black,black,0,1,30275.0,295.0,3.5,7,10162.625
chevrolet,corvette stingray z51,7033,gasoline,8-speed a/t,white,black,0,1,63900.0,460.0,6.2,7,879.125
dodge,durango srt,36000,gasoline,8-speed a/t,gray,red,0,1,62000.0,475.0,6.4,6,5142.857142857143
acura,tsx 2.4,116000,gasoline,6-speed m/t,silver,black,1,1,9000.0,201.0,2.4,16,6823.529411764706
chevrolet,camaro 2ss,42780,gasoline,transmission w/dual shift mode,black,black,1,1,41100.0,455.0,6.2,8,4753.333333333333
bmw,640 gran coupe i,39886,gasoline,transmission w/dual shift mode,black,red,1,1,26000.0,315.0,3.0,12,3068.153846153846
audi,s5 3.0t premium plus,151400,gasoline,transmission w/dual shift mode,gray,black,0,1,15400.0,333.0,3.0,12,11646.153846153846
alfa romeo,romeo giulia base,48000,gasoline,a/t,red,black,0,1,20500.0,280.0,2.0,9,4800.0
toyota,highlander xle,8727,gasoline,8-speed automatic,ruby flare pearl,black,0,0,44596.0,295.0,2.4,3,2181.75
rolls-royce,ghost base,79000,gasoline,8-speed a/t,black,white,1,1,80300.0,563.0,6.6,15,4937.5
dodge,challenger r/t,54000,gasoline,8-speed a/t,gray,black,0,1,34000.0,372.0,5.7,6,7714.285714285715
porsche,cayenne base,110000,gasoline,a/t,white,white,1,1,25900.0,300.0,3.6,10,10000.0
chevrolet,bolt ev lt,49688,missing,a/t,blue,gray,0,1,24900.0,200.0,5.3,6,7098.285714285715
mercedes-benz,metris base,14000,gasoline,7-speed a/t,black,beige,0,1,48000.0,208.0,2.0,6,2000.0
dodge,charger srt hellcat widebody,5000,gasoline,transmission w/dual shift mode,gray,black,0,1,99175.0,717.0,6.2,3,1250.0
chevrolet,silverado 1500 zr2,11597,gasoline,automatic,silver ice metallic,jet black,0,0,68590.0,355.0,6.2,4,2319.4
mercedes-benz,amg s 63 base 4matic,86101,gasoline,a/t,gray,red,1,1,72777.0,577.0,5.5,9,8610.1
chevrolet,silverado 1500 lt,58816,gasoline,6-speed electronically controlled automatic with o,black,jet black,0,0,36590.0,335.0,5.3,9,5881.6
lexus,rc 350 base,77856,gasoline,6-speed automatic,atomic silver,black,0,1,30919.0,306.0,3.5,10,7077.818181818182
lamborghini,urus base,20069,gasoline,8-speed automatic,rosso mars metallic,nero ade,0,0,99175.0,641.0,4.0,5,3344.8333333333335
gmc,acadia sle-1,115282,gasoline,6-speed automatic,crimson red tintcoat,ebony,1,1,12433.0,355.0,3.6,11,9606.833333333334
porsche,911 gt3,30700,gasoline,7-speed a/t,white,black,0,1,99175.0,475.0,3.8,10,2790.909090909091
mini,cooper base,103726,gasoline,5-speed m/t,red,gray,1,1,5995.0,115.0,1.6,23,4321.916666666667
mazda,mx-5 miata sport,39800,gasoline,transmission w/dual shift mode,blue,black,0,1,13250.0,158.0,2.0,18,2094.7368421052633
toyota,4runner trd off road,79500,gasoline,a/t,white,black,0,1,33333.0,270.0,4.0,7,9937.5
toyota,highlander limited,165520,gasoline,a/t,gray,gray,1,1,9000.0,270.0,3.5,18,8711.578947368422
bmw,650 gran coupe i,92000,gasoline,transmission w/dual shift mode,black,black,1,1,24000.0,445.0,4.4,12,7076.923076923077
hyundai,palisade calligraphy,1500,gasoline,transmission w/dual shift mode,green,black,0,1,55000.0,291.0,3.8,3,375.0
pontiac,solstice gxp,38100,gasoline,5-speed m/t,orange,black,0,1,19950.0,260.0,2.0,18,2005.2631578947369
land rover,range evoque se premium,42125,gasoline,transmission w/dual shift mode,white,black,0,1,38999.0,237.0,2.0,8,4680.555555555556
porsche,cayenne diesel,86818,diesel,transmission w/dual shift mode,silver,black,0,1,33500.0,240.0,3.0,12,6678.307692307692
bmw,m3 competition xdrive,3490,gasoline,8-speed a/t,gray,black,0,1,95580.0,503.0,3.0,3,872.5
toyota,avalon limited,111300,gasoline,transmission w/dual shift mode,gold,beige,0,1,7900.0,268.0,3.5,18,5857.894736842105
bmw,m3 base,98200,gasoline,7-speed a/t,white,black,0,1,27000.0,414.0,4.0,15,6137.5
porsche,panamera base,42500,gasoline,8-speed a/t,black,beige,1,1,53999.0,330.0,3.0,8,4722.222222222223
jeep,wrangler sport,171000,gasoline,5-speed m/t,white,black,1,1,15000.0,181.0,4.0,25,6576.923076923077
honda,passport trailsport,11649,gasoline,9-speed a/t,black,black,0,0,39999.0,280.0,3.5,3,2912.25
mercedes-benz,sl-class sl 550,24933,gasoline,transmission w/dual shift mode,silver,red,1,1,40250.0,429.0,4.6,13,1780.9285714285713
audi,rs 4 base,99769,gasoline,6-speed m/t,gray,white,0,1,29995.0,420.0,4.2,19,4988.45
toyota,avalon limited,16156,gasoline,8-speed automatic,blueprint,graphite,0,0,39390.0,268.0,3.5,4,3231.2
mercedes-benz,e-class e 350 4matic,67250,gasoline,a/t,white,beige,0,1,11900.0,268.0,3.5,18,3539.4736842105262
gmc,yukon denali,30022,gasoline,a/t,blue,black,1,1,74500.0,420.0,6.2,5,5003.666666666667
porsche,panamera 4s,42596,gasoline,transmission w/dual shift mode,black,black,0,1,78000.0,440.0,2.9,9,4259.6
ford,explorer xlt,33705,gasoline,10-speed automatic,white,light slate,1,1,36995.0,290.0,2.3,5,5617.5
land rover,lr4 hse lux landmark edition,63300,gasoline,8-speed a/t,white,brown,0,1,31000.0,340.0,3.0,10,5754.545454545455
acura,tlx type s w/performance tire,4700,gasoline,10-speed a/t,red,black,0,1,52000.0,355.0,3.0,3,1175.0
toyota,tacoma base,27256,gasoline,6 speed at/mt,midnight black metallic,black/gun metal,0,0,42998.0,159.0,3.5,6,3893.714285714286
hummer,h3 base,107481,gasoline,a/t,white,black,0,1,13500.0,239.0,3.7,16,6322.411764705882
tesla,model 3 long range,61700,missing,a/t,white,black,0,1,25900.0,271.0,3.5,8,6855.555555555556
volvo,850 turbo,94000,missing,a/t,white,black,0,1,4500.0,300.0,2.0,31,2937.5
jeep,wrangler unlimited sahara,128000,gasoline,5-speed a/t,gray,black,0,1,26800.0,285.0,3.6,9,12800.0
chevrolet,camaro 2ss,26000,gasoline,8-speed a/t,white,black,0,1,39000.0,455.0,6.2,8,2888.8888888888887
audi,s6 4.0t,74000,gasoline,7-speed a/t,blue,gray,0,1,29950.0,420.0,4.0,11,6166.666666666667
audi,tt rs base,54900,gasoline,6-speed m/t,white,brown,0,0,28900.0,360.0,2.5,14,3660.0
infiniti,qx56 base,141775,gasoline,transmission w/dual shift mode,white,beige,0,1,11500.0,400.0,5.6,14,9451.666666666666
volkswagen,new beetle gls,63250,gasoline,4-speed a/t,yellow,yellow,0,1,12000.0,115.0,2.0,25,2432.6923076923076
audi,q5 s line premium plus,13895,hybrid,automatic,daytona gray,black,0,0,44998.0,333.0,2.0,4,2779.0
lamborghini,aventador lp750-4 superveloce,10654,gasoline,automatic,balloon white,nero ade,0,0,99175.0,573.0,6.5,9,1065.4
ford,f-250 xl,35900,e85 flex fuel,transmission w/dual shift mode,blue,gray,1,1,27900.0,385.0,6.2,12,2761.5384615384614
gmc,yukon xl denali,48306,gasoline,10-speed automatic,summit white,jet black,1,1,71999.0,420.0,6.2,4,9661.2
audi,a4 2.0t premium,125000,gasoline,8-speed a/t,black,black,0,1,10500.0,211.0,2.0,14,8333.333333333334
dodge,challenger srt 392,37700,missing,8-speed a/t,black,black,1,1,38000.0,345.0,5.7,10,3427.2727272727275
tesla,model s p100d,103000,missing,1-speed a/t,black,white,0,1,36000.0,518.0,3.5,9,10300.0
mazda,cx-30 premium package,45303,gasoline,6-speed automatic,snowflake white pearl,white / brown,0,0,25382.0,184.0,2.5,5,7550.5
lexus,es 350 base,53900,gasoline,a/t,red,beige,0,1,27500.0,268.0,3.5,10,4900.0
jeep,wrangler sahara,54000,gasoline,a/t,green,gray,0,1,20000.0,202.0,3.8,18,2842.1052631578946
chevrolet,avalanche 1500 ltz,129000,gasoline,a/t,white,beige,0,1,17950.0,366.0,6.0,19,6450.0
jeep,grand cherokee l laredo,10232,gasoline,automatic,diamond black,global black,0,1,44646.0,285.0,3.6,4,2046.4
acura,mdx w/advance package,3708,gasoline,automatic,white,espresso,0,0,58998.0,279.5,3.5,3,927.0
nissan,pathfinder sl,167000,gasoline,a/t,black,beige,0,0,14500.0,284.0,3.5,8,18555.555555555555
tesla,model x long range,37000,missing,1-speed a/t,gray,black,0,1,58000.0,518.0,3.5,7,4625.0
subaru,impreza premium,10419,gasoline,variable,crystal white pearl,black,1,0,24998.0,224.0,2.0,4,2083.8
audi,a8 4.0t,96238,gasoline,transmission w/dual shift mode,black,black,1,1,22500.0,420.0,4.0,12,7402.923076923077
subaru,ascent limited 7-passenger,12700,gasoline,cvt transmission,white,beige,0,1,38500.0,260.0,2.4,4,2540.0
chevrolet,avalanche 1500 lt,244000,e85 flex fuel,a/t,gray,gray,0,1,16900.0,320.0,5.3,19,12200.0
porsche,cayenne s,124000,gasoline,8-speed a/t,white,beige,0,1,25000.0,420.0,3.6,11,10333.333333333334
bmw,335 i,123000,gasoline,a/t,purple,black,0,1,15000.0,300.0,3.0,17,6833.333333333333
gmc,sierra 1500 limited elevation,24900,gasoline,8-speed a/t,black,black,0,1,49900.0,310.0,2.7,4,4980.0
ford,explorer sport,95500,gasoline,transmission w/dual shift mode,black,black,0,1,20000.0,365.0,3.5,10,8681.818181818182
cadillac,escalade esv sport,4283,gasoline,10-speed automatic,black,brandy,0,1,99175.0,420.0,6.2,5,713.8333333333334
lexus,lx 570 three-row,48300,gasoline,a/t,white,red,0,1,82000.0,383.0,5.7,5,8050.0
bmw,m3 base,94000,gasoline,6-speed m/t,gray,red,0,1,25999.0,414.0,4.0,18,4947.368421052632
nissan,xterra pro-4x,183000,gasoline,a/t,black,gray,1,1,12000.0,261.0,4.0,15,11437.5
ford,fusion hybrid se hybrid,126225,hybrid,cvt transmission,silver,black,1,1,11500.0,188.0,2.0,13,9016.07142857143
volkswagen,golf gti 2.0t se 4-door,87892,gasoline,6-speed m/t,gray,black,0,1,16000.0,210.0,2.0,10,7990.181818181818
cadillac,cts-v base,45000,gasoline,6-speed a/t,red,black,0,1,41500.0,556.0,6.2,14,3000.0
aston martin,vantage base,1023,gasoline,8-speed a/t,blue,brown,0,1,99175.0,503.0,4.0,4,204.6
lexus,gx 460 base,106000,gasoline,a/t,black,beige,0,1,37500.0,301.0,4.6,11,8833.333333333334
gmc,acadia slt-1,51300,gasoline,6-speed a/t,black,black,1,1,25500.0,193.0,2.5,7,6412.5
ford,bronco sport big bend,30176,gasoline,8-speed automatic,black,medium dark slate,0,1,28979.0,181.0,1.5,5,5029.333333333333
nissan,titan sv,27598,gasoline,9-speed automatic,black,black,0,0,39884.0,400.0,5.6,5,4599.666666666667
volkswagen,jetta sportwagen se,107000,gasoline,a/t,black,beige,0,1,9499.0,170.0,2.5,14,7133.333333333333
land rover,range 5.0l v8 supercharged,17500,gasoline,8-speed a/t,black,black,0,1,65000.0,518.0,5.0,7,2187.5
ram,2500 laramie,117878,diesel,transmission w/dual shift mode,red,black,0,1,42000.0,350.0,6.7,9,11787.8
nissan,murano sl,138700,gasoline,cvt transmission,gray,black,1,1,7000.0,265.0,3.5,16,8158.823529411765
cadillac,escalade esv base,152068,e85 flex fuel,6-speed a/t,white,black,1,1,12350.0,403.0,6.2,17,8448.222222222223
bmw,428 i xdrive sulev,77000,gasoline,transmission w/dual shift mode,white,red,1,1,26999.0,240.0,2.0,10,7000.0
ford,focus rs base,26000,gasoline,6-speed m/t,gray,black,0,1,37000.0,350.0,2.3,9,2600.0
lexus,ct 200h premium,131200,hybrid,a/t,brown,brown,0,1,14000.0,134.0,1.8,12,10092.307692307691
buick,enclave leather,83280,gasoline,6-speed automatic,quicksilver metallic,ebony,0,0,20599.0,288.0,3.6,9,8328.0
bmw,m3 base,59000,gasoline,6-speed m/t,gray,black,0,1,53500.0,425.0,3.0,11,4916.666666666667
volkswagen,arteon 2.0t sel r-line,15500,gasoline,8-speed a/t,silver,black,0,1,30000.0,268.0,2.0,6,2214.285714285714
bmw,x6 xdrive35i,90000,gasoline,8-speed a/t,white,red,0,1,19950.0,300.0,3.0,13,6428.571428571428
infiniti,g35 base,94000,gasoline,transmission w/dual shift mode,white,gray,1,1,10995.0,280.0,3.5,20,4476.190476190476
hummer,h2 base,63750,gasoline,6-speed a/t,white,black,1,1,55000.0,393.0,6.2,18,3355.2631578947367
mercedes-benz,c-class c 300 4matic luxury,95500,gasoline,a/t,black,beige,1,1,15990.0,228.0,3.0,15,5968.75
acura,ilx premium package,37900,gasoline,a/t,white,black,0,1,26000.0,201.0,2.4,7,4737.5
porsche,911 gt3,13250,gasoline,7-speed a/t,brown,gray,0,1,99175.0,475.0,3.8,11,1104.1666666666667
ram,1500 longhorn,76249,gasoline,8-speed automatic,diamond black,mountain brown,1,0,40995.0,395.0,5.7,7,9531.125
bmw,m3 base,81000,gasoline,6-speed m/t,blue,gray,0,1,39000.0,333.0,3.2,25,3115.3846153846152
chevrolet,suburban lt,37806,gasoline,10-speed a/t,black,black,0,1,60894.0,355.0,5.3,4,7561.2
dodge,ram 2500 st,151544,gasoline,5-speed a/t,brown,gray,1,1,17700.0,355.0,5.7,16,8914.35294117647
chevrolet,camaro 2ss,60345,gasoline,6-speed a/t,yellow,black,0,1,26950.0,400.0,6.2,14,4023.0
dodge,challenger se,90305,gasoline,a/t,gray,black,0,1,12000.0,250.0,3.5,16,5312.058823529412
jeep,grand cherokee l limited,13275,gasoline,8-speed automatic,velvet red pearlcoat,global black,0,0,42599.0,293.0,3.6,4,2655.0
chevrolet,camaro 2ss,8660,gasoline,8-speed a/t,white,black,0,1,45000.0,455.0,6.2,8,962.2222222222222
ford,f-350 lariat,28220,diesel,10-speed a/t,silver,black,0,1,73600.0,475.0,6.7,5,4703.333333333333
ford,f-250 king ranch,97700,diesel,6-speed a/t,black,–,0,1,39950.0,440.0,6.7,11,8141.666666666667
chevrolet,corvette stingray w/3lt,4200,gasoline,a/t,white,black,0,1,98000.0,490.0,6.2,3,1050.0
bentley,continental gt v8 first edition,27404,gasoline,automatic,dark sapphire,linen,0,0,99175.0,552.0,4.0,6,3914.8571428571427
lincoln,mkc reserve,100000,gasoline,transmission w/dual shift mode,white,white,0,1,24000.0,240.0,2.0,10,9090.90909090909
ford,excursion limited,333361,diesel,a/t,black,beige,1,1,17000.0,250.0,7.3,25,12821.576923076924
land rover,discovery se,63295,gasoline,8-speed a/t,blue,white,0,1,29993.0,340.0,3.0,8,7032.777777777777
land rover,defender v8,3000,gasoline,8-speed a/t,black,black,0,1,96500.0,518.0,5.0,4,600.0
chevrolet,silverado 1500 2lt,102604,e85 flex fuel,6-speed a/t,gray,gray,0,1,25500.0,355.0,5.3,12,7892.615384615385
mercedes-benz,amg g 63 base,39800,gasoline,7-speed a/t,white,red,0,1,99000.0,563.0,5.5,9,3980.0
ford,f-250 xlt,124000,e85 flex fuel,6-speed a/t,white,gray,0,1,40100.0,385.0,6.2,7,15500.0
tesla,model 3 base,12080,missing,a/t,black,black,0,1,36750.0,271.0,3.5,4,2416.0
lexus,lx 570 three-row,39300,gasoline,transmission w/dual shift mode,black,black,0,1,69500.0,383.0,5.7,8,4366.666666666667
infiniti,qx60 luxe,51000,gasoline,cvt transmission,gray,–,1,1,29000.0,295.0,3.5,7,6375.0
rivian,r1s adventure package,250,missing,1-speed a/t,green,black,0,0,97500.0,835.0,3.5,3,62.5
land rover,range sport 3.0l supercharged hse,67000,gasoline,8-speed a/t,gray,beige,0,1,35999.0,340.0,3.0,9,6700.0
infiniti,qx60 base,95400,gasoline,a/t,white,beige,0,0,14195.0,265.0,3.5,12,7338.461538461538
hyundai,sonata gls,136991,gasoline,6-speed a/t,gray,gray,0,1,11000.0,198.0,2.4,13,9785.07142857143
toyota,tundra limited,3959,gasoline,10-speed a/t,blue,gray,0,1,55000.0,389.0,3.4,4,791.8
jeep,grand cherokee limited,47500,gasoline,a/t,purple,black,0,1,31000.0,293.0,3.6,6,6785.714285714285
ford,f-350 lariat crew cab super duty drw,176691,diesel,a/t,white,beige,1,1,13000.0,325.0,6.0,21,8031.409090909091
tesla,model 3 performance,33000,missing,1-speed a/t,red,white,0,1,55000.0,455.0,3.5,5,5500.0
mercedes-benz,cls-class cls 550,34600,gasoline,transmission w/dual shift mode,black,black,0,1,27500.0,402.0,4.7,12,2661.5384615384614
ram,2500 slt,84500,gasoline,a/t,black,gray,0,1,34000.0,410.0,6.4,12,6500.0
kia,sorento hybrid ex,36100,hybrid,6-speed a/t,black,white,0,1,37500.0,227.0,1.6,4,7220.0
hyundai,genesis 3.8,92225,gasoline,a/t,black,black,1,1,17000.0,311.0,3.8,11,7685.416666666667
jeep,compass latitude,17500,gasoline,9-speed a/t,silver,black,0,1,25695.0,180.0,2.4,6,2500.0
ford,fusion se,114323,gasoline,6-speed a/t,black,black,0,1,6000.0,175.0,2.5,15,7145.1875
toyota,fj cruiser base,92000,gasoline,a/t,beige,black,0,1,27500.0,260.0,4.0,12,7076.923076923077
bmw,430 gran coupe i xdrive,29025,gasoline,automatic,carbon black metallic,black,0,0,29998.0,335.0,2.0,8,3225.0
dodge,durango srt 392,17000,gasoline,transmission w/dual shift mode,blue,black,0,1,65000.0,475.0,6.4,5,2833.3333333333335
hyundai,santa fe gls,96476,gasoline,6-speed a/t,white,gray,0,1,13000.0,290.0,3.3,11,8039.666666666667
volkswagen,atlas 3.6l sel premium,36311,gasoline,8-speed automatic,deep black pearl effect,titan black / quarzit,0,1,39127.0,200.0,3.6,5,6051.833333333333
land rover,range sport 5.0l supercharged dynamic,56842,gasoline,transmission w/dual shift mode,silver,black,0,1,35000.0,510.0,5.0,10,5167.454545454545
nissan,murano sv,23677,gasoline,automatic cvt,sunset drift chromaflair,graphite,0,0,29510.0,287.0,3.5,5,3946.1666666666665
buick,envision essence,27340,gasoline,6-speed automatic,summit white,ebony,0,0,31700.0,281.5,2.5,6,3905.714285714286
chevrolet,silverado 1500 rst,26177,gasoline,automatic,shadow gray metallic,jet black,0,0,41986.0,355.0,5.3,6,3739.5714285714284
pontiac,solstice gxp,122348,gasoline,a/t,red,black,1,1,10000.0,260.0,2.0,17,6797.111111111111
bmw,640 gran coupe i xdrive,98000,gasoline,transmission w/dual shift mode,black,beige,0,1,22500.0,315.0,3.0,11,8166.666666666667
tesla,model 3 standard range plus,32300,missing,a/t,black,black,0,1,29000.0,271.0,3.5,7,4037.5
mini,countryman cooper s,18997,gasoline,transmission w/dual shift mode,red,black,0,1,26750.0,189.0,2.0,7,2374.625
porsche,boxster gts,40350,gasoline,7-speed a/t,gray,black,0,1,67995.0,330.0,3.4,10,3668.181818181818
ford,expedition el king ranch,156856,e85 flex fuel,6-speed a/t,black,brown,0,1,14300.0,310.0,5.4,15,9803.5
bentley,continental gt gt speed,1919,gasoline,8-speed a/t,granite,porpoise,0,0,99175.0,552.0,6.0,4,383.8
bmw,x5 m base,61773,gasoline,transmission w/dual shift mode,gray,black,0,1,46000.0,567.0,4.4,9,6177.3
ford,mustang gt premium,74500,gasoline,6-speed m/t,black,black,0,1,22000.0,412.0,5.0,15,4656.25
jeep,compass sport,99000,gasoline,6-speed a/t,white,gray,1,1,5000.0,172.0,2.4,10,9000.0
infiniti,g37 sport,63496,gasoline,6-speed m/t,black,black,0,1,15000.0,330.0,3.7,18,3341.8947368421054
ford,f-150 xlt,18465,gasoline,10-speed a/t,black,gray,0,1,47500.0,400.0,3.5,4,3693.0
porsche,911 carrera 4s,42635,gasoline,transmission w/dual shift mode,blue,blue,0,1,72995.0,355.0,3.8,19,2131.75
infiniti,g35 base,99000,gasoline,6-speed m/t,silver,black,0,1,18900.0,298.0,3.5,21,4500.0
chrysler,300c base,87500,gasoline,8-speed a/t,white,beige,0,1,13750.0,292.0,3.6,13,6250.0
toyota,camry solara sle,138000,gasoline,5-speed a/t,white,beige,0,1,6800.0,210.0,3.3,19,6900.0
lexus,is 300 base,70891,gasoline,transmission w/dual shift mode,white,black,0,1,28995.0,260.0,3.5,8,7876.777777777777
buick,enclave essence,55403,gasoline,9-speed a/t,red,gray,1,1,29444.0,310.0,3.6,6,7914.714285714285
bmw,m4 competition xdrive,3213,gasoline,8-speed a/t,black,red,0,1,89995.0,503.0,3.0,4,642.6
pontiac,gto base,142314,gasoline,6-speed m/t,red,red,1,1,21999.0,400.0,6.0,21,6468.818181818182
toyota,fj cruiser base,53000,gasoline,a/t,blue,black,0,1,36740.0,260.0,4.0,13,3785.714285714286
hyundai,elantra se,120250,gasoline,a/t,blue,gray,0,1,7500.0,145.0,1.8,12,9250.0
porsche,macan s,72329,gasoline,7-speed a/t,silver,black,0,1,29500.0,340.0,3.0,11,6027.416666666667
hummer,h3 base,153692,gasoline,4-speed a/t,beige,black,0,1,9995.0,242.0,3.7,19,7684.6
tesla,model 3 long range,32670,missing,a/t,white,black,0,1,37000.0,271.0,3.5,5,5445.0
ford,transit-350 base,235000,gasoline,a/t,white,gray,0,0,18000.0,275.0,3.7,8,26111.11111111111
rivian,r1t launch edition,8681,missing,a/t,gray,black,0,1,82000.0,835.0,3.5,4,1736.2
audi,s4 3.0 prestige,98400,gasoline,7-speed a/t,white,white,0,1,18000.0,333.0,3.0,14,6560.0
toyota,4runner sr5 premium,1400,gasoline,a/t,white,black,0,1,46500.0,270.0,4.0,3,350.0
tesla,model 3 mid range,32000,missing,a/t,black,black,0,1,29999.0,271.0,3.5,8,3555.5555555555557
ford,f-250 base,92800,gasoline,4-speed a/t,white,gray,0,1,9000.0,210.0,5.8,29,3093.3333333333335
mercedes-benz,g-class g 550 4matic,75151,gasoline,a/t,black,black,0,1,99175.0,416.0,4.0,5,12525.166666666666
subaru,legacy 2.5 gt spec.b,94000,gasoline,6-speed m/t,gray,blue,0,1,12500.0,243.0,2.5,18,4947.368421052632
mercedes-benz,e-class e 350,67350,gasoline,7-speed a/t,silver,–,1,1,18700.0,302.0,3.5,12,5180.7692307692305
bmw,m3 base,66500,gasoline,6-speed m/t,red,black,0,1,21000.0,333.0,3.2,25,2557.6923076923076
mercedes-benz,c-class c 250 sport,70612,gasoline,7-speed a/t,white,beige,0,1,14500.0,201.0,1.8,12,5431.692307692308
toyota,sienna xle limited,112630,gasoline,5-speed a/t,silver,gray,1,1,11500.0,266.0,3.5,19,5631.5
dodge,avenger se,124705,e85 flex fuel,a/t,black,black,0,1,6499.0,283.0,3.6,12,9592.692307692309
bmw,m240 i,61000,gasoline,6-speed m/t,blue,black,1,1,34000.0,335.0,3.0,8,6777.777777777777
ram,3500 slt,157272,diesel,6-speed a/t,white,gray,1,1,32999.0,350.0,6.7,9,15727.2
mercedes-benz,gl-class gl 450 4matic,84000,gasoline,7-speed a/t,blue,gray,0,1,20399.0,362.0,3.0,11,7000.0
jeep,gladiator rubicon,27981,gasoline,a/t,red,black,0,1,47500.0,285.0,3.6,6,3997.285714285714
bentley,continental gt base,18000,gasoline,a/t,blue,beige,0,1,63000.0,552.0,6.0,17,1000.0
tesla,model 3 long range,27123,missing,a/t,red,black,0,1,38200.0,425.0,3.5,7,3390.375
chevrolet,corvette stingray w/2lt,3053,gasoline,transmission w/dual shift mode,silver,gray,0,1,83900.0,490.0,6.2,5,508.8333333333333
audi,q5 3.0t premium plus,60251,gasoline,a/t,black,black,1,1,19000.0,272.0,3.0,11,5020.916666666667
mazda,mx-5 miata club,5093,gasoline,6-speed m/t,gray,black,0,1,28000.0,181.0,2.0,5,848.8333333333334
bentley,bentayga w12 signature,31875,gasoline,8-speed a/t,white,black,0,1,99175.0,600.0,6.0,8,3541.6666666666665
mercedes-benz,s-class s500,175722,gasoline,a/t,white,beige,0,1,7000.0,302.0,5.0,21,7987.363636363636
bmw,m6 base,17900,gasoline,transmission w/dual shift mode,black,black,0,1,59900.0,560.0,4.4,11,1491.6666666666667
gmc,yukon slt,142792,gasoline,6-speed a/t,white,brown,0,1,22999.0,355.0,5.3,11,11899.333333333334
bmw,750 il,53814,gasoline,5-speed a/t,gray,gray,0,0,11800.0,326.0,5.4,25,2069.769230769231
toyota,tundra limited,89400,gasoline,a/t,white,gray,0,1,26900.0,381.0,5.7,16,5258.823529411765
chrysler,300c base,86000,gasoline,5-speed a/t,gray,black,0,1,15000.0,340.0,5.7,19,4300.0
smart,fortwo pure,61595,gasoline,5-speed a/t,blue,gray,0,1,5000.0,70.0,1.0,18,3241.842105263158
toyota,tundra sr,74000,e85 flex fuel,6-speed a/t,beige,black,1,1,38000.0,381.0,5.7,8,8222.222222222223
hummer,h2 base,130000,gasoline,4-speed a/t,black,black,1,1,16500.0,316.0,6.0,22,5652.173913043478
bmw,alpina b7 base,86000,gasoline,8-speed a/t,black,white,1,1,29000.0,540.0,4.4,11,7166.666666666667
land rover,range sport supercharged,140600,gasoline,6-speed a/t,red,beige,0,1,7500.0,390.0,4.2,18,7400.0
audi,a4 2.0t tech premium,27532,gasoline,7-speed a/t,gray,black,0,1,27900.0,252.0,2.0,8,3059.1111111111113
ford,focus se,91000,e85 flex fuel,6-speed a/t,gray,black,0,1,12500.0,160.0,2.0,9,9100.0
mercedes-benz,e-class e 550 4matic,63000,gasoline,7-speed a/t,silver,black,0,1,28500.0,402.0,4.7,12,4846.153846153846
jeep,wrangler unlimited 4xe sahara,10500,plug-in hybrid,8-speed a/t,green,beige,0,1,49999.0,375.0,2.0,4,2100.0
mercedes-benz,m-class ml 350 4matic,75073,e85 flex fuel,7-speed a/t,gray,black,0,1,21500.0,302.0,3.5,12,5774.846153846154
jeep,wrangler sahara,140000,gasoline,a/t,silver,–,1,1,9000.0,202.0,3.8,18,7368.421052631579
mercedes-benz,a-class a 220 4matic,30300,gasoline,7-speed a/t,silver,black,0,1,30500.0,188.0,2.0,7,3787.5
chevrolet,malibu 1lt,139000,gasoline,a/t,white,black,0,1,4200.0,169.0,2.4,17,7722.222222222223
hummer,h3 base,118000,gasoline,a/t,gray,black,0,1,17900.0,220.0,3.5,20,5619.047619047619
bmw,i8 base,51000,plug-in hybrid,transmission w/dual shift mode,gray,brown,0,1,53000.0,357.0,1.5,11,4250.0
cadillac,xlr base,69423,gasoline,a/t,red,beige,0,1,36500.0,320.0,4.6,17,3856.8333333333335
lincoln,mkz select,52284,gasoline,6-speed a/t,blue,beige,1,1,12500.0,240.0,2.0,9,5228.4
chevrolet,silverado 1500 w/t,111228,gasoline,a/t,blue,gray,1,1,4000.0,195.0,4.3,20,5296.571428571428
land rover,range sport hse,52300,gasoline,transmission w/dual shift mode,black,black,0,1,49900.0,340.0,3.0,7,6537.5
nissan,titan sl,95993,gasoline,9-speed automatic,white,black,0,1,32612.0,287.0,5.6,5,15998.833333333334
kia,telluride sx,26716,gasoline,automatic,dark moss,black,0,0,47541.0,291.0,3.8,4,5343.2
chevrolet,tahoe rst,39517,gasoline,10-speed automatic,black,jet black,1,0,67190.0,355.0,5.3,3,9879.25
ford,mustang gt premium,31600,gasoline,6-speed m/t,blue,gray,0,1,41000.0,460.0,5.0,7,3950.0
bmw,330 i,83298,gasoline,a/t,black,black,0,1,18300.0,248.0,2.0,9,8329.8
land rover,range sport 3.0l supercharged hse,95212,gasoline,8-speed a/t,brown,beige,0,1,31599.0,340.0,3.0,9,9521.2
porsche,911 carrera,61600,gasoline,7-speed a/t,black,black,0,1,51750.0,345.0,3.6,16,3623.529411764706
infiniti,qx56 base,130921,gasoline,transmission overdrive switch,white,beige,0,1,12000.0,400.0,5.6,15,8182.5625
ram,2500 tradesman,41000,gasoline,8-speed a/t,white,gray,0,0,45515.0,410.0,6.4,6,5857.142857142857
bmw,840 i xdrive,1500,gasoline,a/t,gray,brown,0,1,90000.0,335.0,3.0,2,500.0
mini,clubman cooper s all4,79950,gasoline,a/t,blue,black,0,1,17390.0,189.0,2.0,9,7995.0
cadillac,escalade esv premium luxury platinum,31500,gasoline,a/t,white,beige,0,1,95000.0,420.0,6.2,5,5250.0
audi,r8 5.2 v10 plus,61000,gasoline,transmission w/dual shift mode,gray,black,0,1,99175.0,610.0,5.2,9,6100.0
ram,2500 big horn,45867,gasoline,automatic,billet silver metallic clearcoat,diesel gray / black,0,1,43449.0,410.0,6.4,5,7644.5
porsche,911 carrera 4,22700,gasoline,7-speed m/t,silver,black,1,1,85500.0,350.0,3.4,12,1746.1538461538462
bentley,continental gt base,43000,gasoline,a/t,black,black,0,1,48500.0,552.0,6.0,17,2388.8888888888887
toyota,tundra sr5,99000,gasoline,6-speed a/t,gray,gray,0,1,27000.0,310.0,4.6,11,8250.0
toyota,4runner sr5,135000,gasoline,a/t,white,gray,0,1,16900.0,236.0,4.0,20,6428.571428571428
cadillac,cts 2.0l turbo luxury,46000,gasoline,8-speed a/t,black,beige,1,1,29000.0,265.0,2.0,7,5750.0
ford,focus se,79615,gasoline,6-speed automatic with auto-shift,black,charcoal black,0,1,10995.0,160.0,2.0,12,6124.2307692307695
bmw,m5 base,13250,gasoline,8-speed automatic,alpine white,aragon brown,0,0,86900.0,560.0,4.4,5,2208.3333333333335
land rover,range 3.0l v6 supercharged hse,41200,gasoline,transmission w/dual shift mode,black,black,0,1,60500.0,380.0,3.0,7,5150.0
cadillac,escalade esv luxury,116500,gasoline,8-speed a/t,black,brown,1,1,30500.0,420.0,6.2,10,10590.90909090909
acura,nsx base,75980,missing,a/t,silver,black,0,1,90200.0,279.5,3.5,33,2234.705882352941
chevrolet,corvette z06,24059,gasoline,8-speed a/t,gray,black,0,1,87150.0,650.0,6.2,8,2673.222222222222
audi,q5 2.0t premium plus,118500,e85 flex fuel,a/t,silver,black,1,1,15400.0,220.0,2.0,11,9875.0
bmw,alpina b7 alpina b7 xdrive,15097,gasoline,automatic,frozen dark silver metallic,black,0,0,99175.0,335.0,4.4,6,2156.714285714286
maserati,ghibli s q4,20000,gasoline,a/t,white,brown,0,1,43000.0,424.0,3.0,8,2222.222222222222
bmw,228 gran coupe i xdrive,10426,gasoline,automatic,black sapphire metallic,oyster/black,0,0,30798.0,228.0,2.0,6,1489.4285714285713
ford,expedition limited,9500,gasoline,10-speed a/t,black,red,1,1,63500.0,400.0,3.5,3,2375.0
nissan,frontier se crew cab,134000,gasoline,a/t,gray,gray,1,1,8500.0,265.0,4.0,20,6380.952380952381
subaru,brz limited,10500,gasoline,transmission w/dual shift mode,gray,–,0,1,32500.0,228.0,2.4,4,2100.0
chevrolet,malibu lt,53100,gasoline,6-speed a/t,red,black,0,1,17500.0,160.0,1.5,8,5900.0
ford,focus sel,80134,e85 flex fuel,6-speed automatic with auto-shift,white,charcoal black,0,1,13895.0,325.0,2.0,9,8013.4
nissan,rogue sport s,24000,gasoline,a/t,gray,black,0,1,25500.0,141.0,2.0,5,4000.0
volvo,c70 t5,61000,gasoline,6-speed m/t,blue,beige,0,1,10299.0,218.0,2.5,20,2904.7619047619046
lincoln,nautilus reserve,19700,gasoline,a/t,white,beige,0,1,48000.0,335.0,2.7,5,3283.3333333333335
mercedes-benz,amg gt base,28182,gasoline,7-speed a/t,white,brown,1,1,84500.0,469.0,4.0,8,3131.3333333333335
ford,mustang ecoboost premium,59500,gasoline,a/t,black,black,1,1,21000.0,310.0,2.3,9,5950.0
ford,ranger xlt,115402,e85 flex fuel,a/t,gold,beige,0,1,8000.0,152.0,3.0,27,4121.5
gmc,yukon slt,85500,gasoline,a/t,black,black,1,1,35899.0,355.0,5.3,8,9500.0
ram,2500 big horn,51000,gasoline,6-speed a/t,red,black,0,1,44900.0,410.0,6.4,6,7285.714285714285
tesla,model y performance,17500,missing,a/t,gray,white,0,1,45000.0,455.0,3.5,5,2916.6666666666665
lexus,es 350 base,132000,gasoline,a/t,black,beige,0,1,9999.0,272.0,3.5,15,8250.0
jeep,wrangler rubicon hard rock,67882,gasoline,automatic,white,black,0,0,32798.0,285.0,3.6,10,6171.090909090909
volvo,xc90 t6 momentum,62000,gasoline,8-speed a/t,silver,black,0,1,30500.0,316.0,2.0,8,6888.888888888889
porsche,911 r,12454,gasoline,6-speed m/t,purple,black,0,1,99175.0,500.0,4.0,10,1132.1818181818182
bmw,m6 gran coupe base,27965,gasoline,7-speed a/t,green,black,0,1,58000.0,560.0,4.4,9,2796.5
cadillac,escalade esv platinum edition,119000,e85 flex fuel,a/t,black,black,0,0,20500.0,403.0,6.2,13,8500.0
bmw,x5 xdrive35i,48000,gasoline,8-speed a/t,black,black,0,1,32000.0,300.0,3.0,8,5333.333333333333
bmw,x5 xdrive40i,5541,gasoline,automatic,white,black,0,0,56598.0,335.0,3.0,6,791.5714285714286
mitsubishi,outlander sel,29000,gasoline,a/t,red,beige,0,1,19500.0,166.0,2.4,8,3222.222222222222
dodge,ram 1500 st,131100,e85 flex fuel,a/t,white,gray,1,1,12995.0,310.0,4.7,16,7711.764705882353
subaru,impreza 2.0i,102242,gasoline,manual,quartz blue pearl,black,1,0,11498.0,152.0,2.0,11,8520.166666666666
mercedes-benz,maybach s s 600,18069,gasoline,7-speed a/t,black,black,0,1,79999.0,523.0,6.0,10,1642.6363636363637
kia,sportage lx,13000,gasoline,a/t,white,black,0,1,31900.0,187.0,2.5,3,3250.0
porsche,911 turbo cabriolet,51000,gasoline,transmission w/dual shift mode,silver,black,1,1,69500.0,480.0,3.6,18,2684.2105263157896
hummer,h3 base,137333,gasoline,4-speed a/t,blue,black,1,1,10000.0,242.0,3.7,19,6866.65
buick,lacrosse leather,125559,gasoline,a/t,white,beige,1,1,11200.0,304.0,3.6,12,9658.384615384615
chevrolet,silverado 1500 high country,88161,gasoline,automatic,iridescent pearl tricoat,jet black,1,1,48889.0,355.0,6.2,6,12594.42857142857
toyota,4runner sr5,101900,gasoline,5-speed a/t,black,black,0,1,29000.0,270.0,4.0,10,9263.636363636364
cadillac,escalade esv luxury,159500,gasoline,6-speed a/t,black,black,1,1,18800.0,420.0,6.2,11,13291.666666666666
subaru,legacy 2.5i premium,68860,gasoline,cvt transmission,silver,beige,1,1,15000.0,175.0,2.5,11,5738.333333333333
tesla,model 3 long range,43000,missing,1-speed a/t,red,black,1,1,30499.0,271.0,3.5,8,4777.777777777777
ford,expedition el xlt,182000,gasoline,a/t,black,black,1,1,16500.0,365.0,3.5,9,18200.0
tesla,model y long range,21404,missing,a/t,white,white,0,1,49500.0,425.0,3.5,4,4280.8
ford,expedition el limited,81000,gasoline,transmission w/dual shift mode,black,black,0,1,27000.0,365.0,3.5,9,8100.0
chevrolet,silverado 1500 ltz,62257,gasoline,8-speed automatic,satin steel metallic,gideon,0,0,42590.0,355.0,5.3,5,10376.166666666666
bmw,x5 xdrive40e,91798,hybrid,automatic,alpine white,black,0,0,22998.0,335.0,3.0,10,8345.272727272728
bmw,335 is,82000,gasoline,7-speed a/t,gray,black,1,1,20000.0,320.0,3.0,15,5125.0
ford,f-150 xlt,207100,gasoline,6-speed a/t,black,gray,1,1,15000.0,365.0,3.5,14,13806.666666666666
land rover,range sport p400 se dynamic,450,hybrid,8-speed a/t,blue,black,0,1,99175.0,395.0,3.0,3,112.5
porsche,panamera edition,77945,gasoline,a/t,blue,beige,1,1,30000.0,310.0,3.6,10,7085.909090909091
kia,sorento plug-in hybrid sx,15583,hybrid,6-speed automatic,aurora black,gray,0,0,40599.0,201.0,1.6,4,3116.6
bmw,m240 i,37100,gasoline,8-speed a/t,white,black,1,1,26125.0,335.0,3.0,9,3710.0
maserati,quattroporte base,51000,gasoline,transmission w/dual shift mode,blue,beige,1,1,18000.0,394.0,4.2,20,2428.5714285714284
ford,f-150 xlt,94000,gasoline,6-speed a/t,white,black,0,1,26000.0,325.0,2.7,9,9400.0
land rover,discovery s,121886,gasoline,a/t,white,beige,1,1,6000.0,217.0,4.6,23,5078.583333333333
ford,f-250 xlt crew cab super duty,157500,gasoline,5-speed a/t,green,gray,1,1,15000.0,300.0,5.4,18,8289.473684210527
ford,taurus sho,138415,gasoline,a/t,silver,black,1,1,15500.0,365.0,3.5,12,10647.307692307691
land rover,range sport hse,110000,gasoline,a/t,silver,black,0,1,10200.0,375.0,5.0,14,7333.333333333333
cadillac,escalade sport,8532,diesel,10-speed automatic with overdrive,black raven,jet black,0,0,99175.0,277.0,3.0,3,2133.0
gmc,sierra 1500 slt,12941,gasoline,a/t,white,black,1,1,51500.0,355.0,5.3,5,2156.8333333333335
bmw,335 i xdrive,69764,gasoline,6-speed m/t,black,black,0,1,19500.0,300.0,3.0,17,3875.777777777778
porsche,911 carrera 4s,90000,gasoline,6-speed m/t,silver,black,0,0,24000.0,315.0,3.6,23,3750.0
audi,q5 s line premium,8193,hybrid,automatic,florett silver,black,0,0,42598.0,333.0,2.0,4,1638.6
lexus,rx 350 f sport performance,43277,gasoline,8-speed automatic,caviar,black,0,0,43599.0,295.0,3.5,6,6182.428571428572
audi,s4 3.0t premium plus,26500,gasoline,8-speed a/t,gray,black,1,1,38000.0,354.0,3.0,8,2944.4444444444443
chevrolet,silverado 1500 lt,36021,gasoline,automatic,cajun red tintcoat,jet black,0,0,35670.0,335.0,2.7,7,4502.625
chevrolet,colorado z71,25462,gasoline,automatic,shadow gray metallic,jet black,0,0,36139.0,355.0,3.6,7,3182.75
audi,a5 2.0t prestige,35850,gasoline,7-speed a/t,white,black,0,1,33000.0,252.0,2.0,8,3983.3333333333335
mazda,mazda3 s sport,77700,gasoline,5-speed m/t,red,black,0,1,6300.0,156.0,2.3,18,4089.4736842105262
jaguar,e-pace 300 sport,23600,hybrid,9-speed a/t,black,black,0,1,42999.0,296.0,2.0,5,3933.3333333333335
ferrari,gtc4lusso t,8870,gasoline,7-speed dct automatic,nero daytona,–,0,1,99175.0,602.0,3.9,7,1108.75
toyota,celica gt,122000,gasoline,5-speed m/t,blue,gray,0,1,7800.0,140.0,1.8,25,4692.307692307692
ford,excursion limited 4wd,245000,diesel,a/t,black,beige,1,1,17999.0,325.0,6.0,23,10208.333333333334
porsche,718 spyder base,4700,gasoline,6-speed m/t,white,black,0,1,99175.0,414.0,4.0,4,940.0
subaru,wrx sti base,84100,gasoline,m/t,gray,black,0,1,34000.0,305.0,2.5,10,7645.454545454545
audi,a6 45 premium plus,33000,hybrid,a/t,black,black,0,1,40000.0,248.0,2.0,5,5500.0
tesla,model s p100d,10065,missing,1-speed automatic,red multi,white,0,0,59999.0,518.0,3.5,8,1118.3333333333333
mercedes-benz,amg gt r,3811,gasoline,7-speed a/t,black,black,0,1,99175.0,577.0,4.0,8,423.44444444444446
acura,rdx pmc edition,44457,gasoline,2,majestic black pearl,ebony,0,0,40598.0,279.5,2.0,5,7409.5
audi,s4 3.0t premium plus,139355,gasoline,7-speed a/t,black,black,0,1,20900.0,333.0,3.0,13,9953.92857142857
lotus,evora base,9100,gasoline,6-speed m/t,black,white,0,1,55000.0,276.0,3.5,16,535.2941176470588
mercedes-benz,s-class s 560 4matic,10500,gasoline,9-speed a/t,silver,brown,0,1,77900.0,463.0,4.0,7,1312.5
chevrolet,silverado 1500 rst,5006,gasoline,10-speed automatic,dark ash metallic,black,0,0,59590.0,355.0,5.3,3,1251.5
hyundai,genesis coupe 2.0t r-spec,55000,gasoline,6-speed m/t,white,red,0,0,18000.0,260.0,2.0,13,3928.5714285714284
bmw,m3 competition,33500,gasoline,8-speed a/t,gray,black,0,1,71000.0,503.0,3.0,5,5583.333333333333
bmw,435 i,126500,gasoline,a/t,white,black,0,1,15000.0,300.0,3.0,12,9730.76923076923
land rover,range evoque hse dynamic,79000,gasoline,9-speed a/t,red,red,0,1,24000.0,240.0,2.0,10,7181.818181818182
porsche,911 targa 4 gts,19000,gasoline,7-speed a/t,gray,black,0,1,99175.0,450.0,3.0,8,2111.1111111111113
ram,3500 tradesman,57000,diesel,6-speed a/t,blue,gray,0,1,52000.0,400.0,6.7,5,9500.0
bmw,x5 xdrive40i,4880,gasoline,automatic,white,black,0,0,57998.0,335.0,3.0,6,697.1428571428571
acura,nsx base,6523,hybrid,9-speed automatic with auto-shift,white,ebony,0,0,99175.0,279.5,3.5,8,724.7777777777778
mercedes-benz,sl-class sl500 roadster,127000,gasoline,7-speed a/t,white,beige,0,1,14000.0,302.0,5.0,21,5772.727272727273
lexus,sc 430 base,89500,gasoline,a/t,black,black,0,1,15999.0,300.0,4.3,24,3580.0
chevrolet,silverado 1500 base,97000,gasoline,a/t,white,gray,0,1,27500.0,200.0,4.3,26,3592.5925925925926
buick,enclave avenir,31181,gasoline,9-speed automatic,rich garnet metallic,chestnut,1,1,42442.0,281.5,3.6,5,5196.833333333333
lexus,nx 300h base,16425,hybrid,automatic cvt,gray,black,1,0,33200.0,301.0,2.5,6,2346.4285714285716
lexus,rx 350 rx 350 f sport handling,11238,gasoline,automatic,atomic silver,black,0,0,54798.0,301.0,3.5,4,2247.6
chevrolet,avalanche 1500 ls,97146,e85 flex fuel,transmission overdrive switch,black,gray,1,1,7999.0,295.0,5.3,21,4415.727272727273
mercedes-benz,sl-class sl400,36670,gasoline,automatic,white,tan,0,0,39998.0,362.0,3.0,11,3055.8333333333335
chevrolet,suburban premier,44800,gasoline,6-speed a/t,black,black,0,1,52500.0,420.0,6.2,7,5600.0
ford,transit-350 base,150000,gasoline,a/t,black,gray,1,1,17100.0,310.0,3.5,11,12500.0
infiniti,qx60 luxe,38400,gasoline,a/t,blue,beige,0,1,32100.0,295.0,3.5,6,5485.714285714285
bentley,continental gtc base,7960,gasoline,6-speed a/t,white,white,0,1,81500.0,552.0,6.0,18,418.94736842105266
nissan,350z enthusiast,117000,gasoline,a/t,silver,black,1,1,9975.0,306.0,3.5,19,5850.0
rivian,r1s adventure package,159,missing,a/t,white,black,0,1,95500.0,533.0,3.5,3,39.75
mclaren,570s base,30200,gasoline,transmission w/dual shift mode,orange,black,0,1,99175.0,562.0,3.8,9,3020.0
nissan,altima 2.5 sl,91545,gasoline,cvt transmission,silver,black,0,1,8999.0,175.0,2.5,14,6103.0
land rover,range 5.0l supercharged,110000,e85 flex fuel,a/t,black,–,1,1,26499.0,510.0,5.0,11,9166.666666666666
bmw,x5 xdrive35i,105100,gasoline,8-speed a/t,gray,black,1,1,23300.0,300.0,3.0,9,10510.0
infiniti,qx56 base,110000,gasoline,transmission w/dual shift mode,white,beige,0,1,15600.0,400.0,5.6,14,7333.333333333333
ford,f-150 xlt,81778,gasoline,automatic,black,medium earth gray,0,1,32769.0,375.0,3.5,7,10222.25
lexus,rx 450h base,168422,hybrid,a/t,black,beige,1,1,10900.0,245.0,3.5,16,9907.176470588236
maserati,ghibli s q4 gransport,80500,gasoline,8-speed a/t,black,black,0,1,34900.0,424.0,3.0,8,8944.444444444445
volvo,xc90 t6 momentum,81200,gasoline,8-speed a/t,black,black,1,1,28825.0,316.0,2.0,8,9022.222222222223
lamborghini,huracan evo base,6246,gasoline,7-speed automatic with auto-shift,nero noctis,nero ade,0,1,99175.0,573.0,5.2,6,892.2857142857143
jeep,wrangler unlimited rubicon,20172,gasoline,transmission w/dual shift mode,gray,black,0,1,47500.0,285.0,3.6,9,2017.2
hummer,h2 base,145000,gasoline,4-speed a/t,green,black,0,1,22500.0,325.0,6.0,21,6590.909090909091
ford,flex limited,162000,gasoline,6-speed a/t,gray,black,1,1,7500.0,262.0,3.5,17,9000.0
porsche,718 cayman gt4,13554,gasoline,6-speed m/t,blue,black,0,1,99175.0,414.0,4.0,6,1936.2857142857142
toyota,camry xle,59700,gasoline,6-speed a/t,green,gray,0,1,9500.0,268.0,3.5,19,2985.0
mercedes-benz,a-class a 220 4matic,30930,gasoline,7-speed automatic with auto-shift,midnight black,black,0,0,28900.0,188.0,2.0,6,4418.571428571428
bmw,335 i,51983,gasoline,6-speed m/t,gray,white,0,1,19999.0,300.0,3.0,17,2887.9444444444443
chevrolet,camaro 2ss,22000,gasoline,6-speed m/t,blue,black,0,1,50000.0,455.0,6.2,4,4400.0
volkswagen,id.4 pro s,16800,missing,1-speed a/t,gray,black,0,1,45000.0,295.0,2.0,3,4200.0
chevrolet,silverado 2500 high country,16000,diesel,a/t,black,black,1,1,73995.0,445.0,6.6,4,3200.0
nissan,altima 2.5 sv,22295,gasoline,automatic cvt,scarlet ember,gray,0,0,23599.0,287.0,2.5,6,3185.0
bentley,continental gt v8,33000,gasoline,a/t,beige,beige,0,1,99175.0,542.0,4.0,6,4714.285714285715
toyota,sequoia platinum,1025,hybrid,10-speed a/t,black,black,0,1,85000.0,437.0,3.4,3,256.25
acura,tl technology,89190,gasoline,6-speed a/t,gray,white,1,1,15499.0,305.0,3.7,13,6370.714285714285
toyota,highlander limited,53550,gasoline,8-speed automatic,blue,gray,0,1,39687.0,270.0,3.5,6,7650.0
ford,edge sel,56946,gasoline,8-speed automatic,silver,ebony,0,1,26299.0,325.0,2.0,5,9491.0
jaguar,f-type r,11684,gasoline,8-speed a/t,black,black,0,1,54900.0,550.0,5.0,10,1062.1818181818182
gmc,yukon xl denali,45617,gasoline,a/t,white,gray,0,1,51000.0,420.0,6.2,8,5068.555555555556
chevrolet,suburban lt,75466,gasoline,6-speed a/t,gray,black,0,1,34500.0,355.0,5.3,8,8385.111111111111
maserati,levante gts,19513,gasoline,8-speed automatic,black,red / black,1,1,84645.0,405.0,3.8,5,3252.1666666666665
subaru,outback limited,15636,gasoline,automatic cvt,crystal black silica,black,0,0,33531.0,182.0,2.5,5,2606.0
mercedes-benz,s-class s 450,69600,gasoline,9-speed a/t,black,black,0,1,40888.0,362.0,3.0,8,7733.333333333333
mercedes-benz,gl-class gl 450,138050,gasoline,a/t,white,beige,0,1,16500.0,335.0,4.7,15,8628.125
ford,f-250 lariat,132269,e85 flex fuel,a/t,gray,black,0,1,35900.0,385.0,6.2,9,13226.9
hyundai,palisade limited,45815,gasoline,transmission w/dual shift mode,silver,black,0,1,37700.0,291.0,3.8,6,6545.0
ford,f-150 xlt,25352,gasoline,10-speed automatic,gray,black,0,1,48459.0,375.0,3.5,5,4225.333333333333
mercedes-benz,r-class r 350 4matic,120000,gasoline,7-speed a/t,silver,black,0,1,8995.0,268.0,3.5,18,6315.789473684211
chevrolet,camaro 2ss,75151,gasoline,6-speed m/t,gray,black,1,1,45000.0,455.0,6.2,8,8350.111111111111
jeep,wrangler sport,74139,gasoline,6-speed m/t,red,black,0,1,23000.0,285.0,3.6,10,6739.909090909091
chevrolet,1500 cheyenne,170443,missing,a/t,red,–,1,1,6000.0,355.0,5.3,32,5164.939393939394
jaguar,xj6 vanden plas,70000,missing,a/t,gold,–,0,1,19000.0,340.0,4.0,31,2187.5
bmw,550 i xdrive,68500,gasoline,transmission w/dual shift mode,black,black,0,1,17800.0,400.0,4.4,14,4566.666666666667
lexus,gx 460 luxury,37366,gasoline,6-speed automatic,white,–,0,0,51890.0,301.0,4.6,6,5338.0
tesla,model s long range,35315,missing,1-speed a/t,white,black,0,1,66900.0,670.0,3.5,5,5885.833333333333
volkswagen,jetta 1.4t se,61000,gasoline,a/t,white,black,0,1,15995.0,150.0,1.4,9,6100.0
jeep,grand cherokee limited,12050,gasoline,8-speed automatic,bright white clearcoat,global black,0,0,41599.0,293.0,3.6,4,2410.0
jaguar,xk8 base,150000,gasoline,5-speed a/t,green,white,1,1,9875.0,290.0,4.0,25,5769.2307692307695
porsche,macan s,46200,gasoline,transmission w/dual shift mode,gray,gray,1,1,41500.0,340.0,3.0,10,4200.0
mercedes-benz,e-class e 350,88000,gasoline,a/t,silver,black,0,1,15500.0,302.0,3.5,12,6769.2307692307695
mercedes-benz,gl-class gl 450 4matic,47000,gasoline,7-speed a/t,silver,black,0,1,30089.0,362.0,3.0,11,3916.6666666666665
land rover,range 3.0l supercharged hse,50340,gasoline,8-speed a/t,white,beige,1,1,47000.0,380.0,3.0,9,5034.0
mercedes-benz,e-class e 350 4matic,67800,gasoline,7-speed a/t,black,black,0,1,13999.0,268.0,3.5,16,3988.235294117647
dodge,dakota sport,150000,gasoline,5-speed m/t,black,gray,1,1,5500.0,175.0,3.9,24,6000.0
chevrolet,camaro zl1,13500,gasoline,6-speed m/t,black,black,1,1,54000.0,650.0,6.2,8,1500.0
hummer,h3 base,101750,gasoline,a/t,white,black,0,1,12900.0,242.0,3.7,19,5087.5
honda,odyssey ex-l,18385,gasoline,10-speed a/t,red,beige,0,1,37950.0,280.0,3.5,4,3677.0
nissan,350z touring,123500,gasoline,5-speed a/t,gray,beige,1,1,13500.0,306.0,3.5,18,6500.0
gmc,savana 2500 work van,117000,e85 flex fuel,6-speed a/t,silver,silver,0,1,38000.0,342.0,6.0,9,11700.0
mercedes-benz,e-class e 350 4matic,86121,gasoline,7-speed a/t,gray,black,0,1,13600.0,268.0,3.5,16,5065.941176470588
lexus,gx 460 premium,22466,gasoline,6-speed a/t,white,black,0,1,45900.0,301.0,4.6,6,3209.4285714285716
nissan,titan xd sv,80000,gasoline,7-speed a/t,silver,black,0,1,23800.0,390.0,5.6,9,8000.0
chrysler,300 touring,23152,gasoline,8-speed a/t,white,white,0,1,28250.0,292.0,3.6,6,3307.4285714285716
dodge,charger r/t,91300,gasoline,5-speed a/t,yellow,–,0,1,9200.0,350.0,5.7,20,4347.619047619048
nissan,pathfinder sl,45000,gasoline,cvt transmission,black,black,0,1,28999.0,284.0,3.5,6,6428.571428571428
rivian,r1s launch edition,1885,missing,1-speed a/t,green,white,0,1,93500.0,835.0,3.5,3,471.25
ford,explorer platinum,73049,gasoline,6-speed automatic,gray,ebony black,1,1,30510.0,325.0,3.5,8,8116.555555555556
nissan,titan sv,7250,gasoline,9-speed a/t,black,black,0,1,38000.0,400.0,5.6,5,1208.3333333333333
jaguar,e-pace s,44000,gasoline,a/t,black,black,0,1,29000.0,246.0,2.0,7,5500.0
ford,f-150 fx4,85500,gasoline,transmission w/dual shift mode,black,black,0,1,26900.0,411.0,6.2,12,6576.923076923077
gmc,acadia denali,18083,gasoline,9-speed automatic,ebony twilight metallic,jet black,0,1,43999.0,288.0,3.6,5,3013.8333333333335
lamborghini,murcielago base,22703,gasoline,m/t,black,black,0,1,99175.0,571.0,6.2,21,1031.9545454545455
chevrolet,camaro 1lt,111000,gasoline,a/t,blue,black,0,1,10900.0,312.0,3.6,15,6937.5
gmc,acadia slt-2,115000,gasoline,6-speed a/t,white,brown,0,1,14000.0,288.0,3.6,13,8214.285714285714
chevrolet,malibu premier,33400,gasoline,a/t,white,black,0,1,28000.0,250.0,2.0,5,5566.666666666667
toyota,sequoia sr5,136000,gasoline,a/t,black,beige,0,1,12500.0,273.0,4.7,19,6800.0
lexus,is 350 f sport,26800,gasoline,8-speed a/t,black,red,0,1,44000.0,311.0,3.5,5,4466.666666666667
tesla,model y performance,30000,missing,a/t,white,white,0,1,51999.0,455.0,3.5,4,6000.0
dodge,challenger srt8,251634,gasoline,a/t,silver,black,0,1,10500.0,425.0,6.1,18,13243.894736842105
chrysler,300 touring,119000,gasoline,a/t,blue,beige,0,1,3500.0,250.0,3.5,21,5409.090909090909
cadillac,escalade sport platinum,28121,gasoline,10-speed automatic,black raven,jet black,0,0,89000.0,420.0,6.2,5,4686.833333333333
chrysler,town & country touring,111000,gasoline,a/t,blue,gray,0,1,7900.0,197.0,3.8,17,6166.666666666667
mazda,cx-5 touring,116500,gasoline,6-speed automatic,blue reflex mica,black,0,1,14311.0,187.0,2.5,10,10590.90909090909
acura,tl 3.2,199296,gasoline,a/t,black,gray,0,1,4900.0,270.0,3.2,21,9058.90909090909
chevrolet,corvette z06 w/2lz,202,gasoline,transmission w/dual shift mode,white,red,0,1,99175.0,670.0,5.5,3,50.5
tesla,model y performance,11200,missing,1-speed a/t,white,black,0,1,47500.0,455.0,3.5,5,1866.6666666666667
volvo,xc40 t5 momentum,56536,gasoline,8-speed automatic,white,charcoal,0,0,26599.0,300.0,2.0,6,8076.571428571428
chevrolet,camaro 2ss,49600,gasoline,8-speed a/t,blue,black,0,1,32500.0,455.0,6.2,10,4509.090909090909
acura,tlx type s pmc edition,13600,gasoline,10-speed a/t,blue,white,0,1,65000.0,355.0,3.0,3,3400.0
volkswagen,eos 2.0t,59700,gasoline,6-speed a/t,blue,white,0,1,10000.0,200.0,2.0,19,2985.0
dodge,charger r/t scat pack,19000,gasoline,transmission w/dual shift mode,purple,gray,0,1,44888.0,485.0,6.4,8,2111.1111111111113
chevrolet,corvette z06,17300,gasoline,6-speed m/t,black,black,0,1,33999.0,405.0,5.7,24,692.0
mercedes-benz,cla-class cla 250,91140,gasoline,7-speed a/t,gray,black,0,1,13500.0,208.0,2.0,12,7010.7692307692305
bmw,m5 base,33000,gasoline,7-speed a/t,gray,black,0,1,65000.0,560.0,4.4,11,2750.0
jeep,wrangler unlimited sport,52775,gasoline,8-speed a/t,gray,black,0,1,39799.0,285.0,3.6,7,6596.875
mitsubishi,lancer sportback es,113000,gasoline,5-speed m/t,white,black,0,1,5800.0,148.0,2.0,15,7062.5
porsche,macan base,13000,gasoline,a/t,black,beige,0,1,60000.0,261.0,2.0,4,2600.0
mercedes-benz,clk-class clk 350,77925,gasoline,transmission w/dual shift mode,silver,black,0,1,16500.0,268.0,3.5,17,4329.166666666667
dodge,challenger srt8,106500,missing,5-speed a/t,white,white,1,1,22500.0,425.0,6.1,15,6656.25
mazda,mazda3 grand touring,15175,gasoline,6-speed automatic,snowflake white pearl metallic,parchment,1,0,19212.0,184.0,2.5,8,1686.111111111111
audi,a3 2.0t premium,137000,gasoline,7-speed a/t,white,gray,0,1,10995.0,186.0,2.0,9,13700.0
bmw,528 i,111000,gasoline,8-speed a/t,gray,–,1,1,15000.0,240.0,2.0,11,9250.0
land rover,range 3.0l v6 supercharged hse,49208,gasoline,transmission w/dual shift mode,black,black,0,1,62425.0,380.0,3.0,7,6151.0
audi,s5 3.0t prestige,44000,gasoline,8-speed a/t,gray,black,0,1,39000.0,354.0,3.0,8,4888.888888888889
porsche,718 boxster base,26000,gasoline,a/t,gray,black,0,1,45500.0,300.0,2.0,9,2600.0
chevrolet,corvette stingray w/2lt,1800,gasoline,8-speed a/t,blue,black,0,1,76000.0,490.0,6.2,6,257.14285714285717
lamborghini,urus pearl capsule,3771,gasoline,automatic,grigio nimbus,bianco polar,0,0,99175.0,573.0,4.0,5,628.5
maserati,quattroporte s,50000,gasoline,6-speed a/t,white,black,0,1,26497.0,425.0,4.7,14,3333.3333333333335
subaru,impreza 2.0i,93000,gasoline,cvt transmission,silver,black,1,1,16000.0,152.0,2.0,8,10333.333333333334
mercedes-benz,amg gt c,15000,gasoline,7-speed a/t,gray,black,0,1,99175.0,550.0,4.0,6,2142.8571428571427
mazda,mazda6 i touring,119500,gasoline,transmission w/dual shift mode,silver,black,0,1,15000.0,184.0,2.5,10,10863.636363636364
porsche,macan s,50000,gasoline,7-speed a/t,blue,red,0,1,36000.0,340.0,3.0,10,4545.454545454545
porsche,panamera 4,85000,gasoline,a/t,gray,beige,0,0,21500.0,300.0,3.6,15,5312.5
genesis,g70 3.3t advanced,48000,gasoline,8-speed a/t,black,black,0,1,29999.0,365.0,3.3,7,6000.0
jeep,wrangler sport,11756,gasoline,automatic,granite crystal metallic clearcoat,black,1,0,33400.0,243.5,2.0,5,1959.3333333333333
audi,q5 2.0t premium plus,50400,gasoline,transmission w/dual shift mode,white,beige,0,1,28500.0,252.0,2.0,8,5600.0
bmw,335 i xdrive,153600,gasoline,6-speed m/t,black,black,0,1,17500.0,300.0,3.0,14,10240.0
land rover,range p530 se,1869,gasoline,automatic,eiger grey,deep garnet,0,1,99175.0,380.0,4.4,3,467.25
dodge,durango srt 392,31917,gasoline,8-speed a/t,gray,black,0,1,64683.0,475.0,6.4,4,6383.4
bmw,m3 base,56235,gasoline,6-speed m/t,orange,orange,0,1,50500.0,425.0,3.0,10,5112.272727272727
ford,fiesta st,28724,gasoline,6-speed m/t,gray,black,1,1,18300.0,197.0,1.6,7,3590.5
lincoln,mks base,124400,gasoline,6-speed a/t,white,black,1,1,9500.0,305.0,3.7,11,10366.666666666666
chevrolet,tahoe premier,137000,gasoline,6-speed a/t,black,black,0,1,46000.0,355.0,5.3,6,19571.428571428572
ferrari,f430 berlinetta,38686,gasoline,transmission w/dual shift mode,white,red,0,1,99175.0,483.0,4.3,21,1758.4545454545455
ford,f-250 platinum,6600,gasoline,10-speed a/t,blue,black,1,1,72900.0,430.0,7.3,4,1320.0
mercedes-benz,slk-class slk280 roadster,67200,gasoline,a/t,silver,black,0,1,11500.0,228.0,3.0,19,3360.0
porsche,macan,16554,gasoline,automatic,white,beige,0,0,51698.0,364.5,2.0,5,2759.0
bmw,x5 phev xdrive45e,15736,plug-in hybrid,8-speed a/t,blue,brown,0,1,67900.0,389.0,3.0,3,3934.0
mercedes-benz,e-class e500,153460,gasoline,a/t,gold,gold,1,1,5800.0,302.0,5.0,21,6975.454545454545
acura,tl 3.7,70000,gasoline,a/t,black,black,1,1,15051.0,305.0,3.7,14,4666.666666666667
hyundai,equus signature,143898,gasoline,6-speed a/t,gray,brown,0,1,9950.0,378.0,4.6,15,8993.625
mercedes-benz,sl-class sl500 roadster,26190,gasoline,a/t,gold,beige,0,1,22000.0,302.0,5.0,23,1091.25
toyota,land cruiser base,209193,gasoline,a/t,black,beige,0,1,15900.0,230.0,4.7,26,7747.888888888889
ram,2500 big horn,27839,gasoline,6-speed automatic,granite crystal clearcoat metallic,diesel gray / black,0,1,41688.0,410.0,6.4,8,3093.222222222222
chevrolet,silverado 2500 wt,141195,e85 flex fuel,6-speed automatic,summit white,dark ash,0,0,28499.0,355.0,6.0,8,15688.333333333334
porsche,macan s,20250,gasoline,7-speed a/t,white,beige,0,1,68500.0,375.0,2.9,4,4050.0
jeep,grand cherokee l limited,18333,gasoline,8-speed automatic,velvet red pearlcoat,global black,0,0,41599.0,293.0,3.6,4,3666.6
mercedes-benz,e-class e 350,35000,gasoline,7-speed a/t,red,beige,0,1,29998.0,302.0,3.5,12,2692.3076923076924
dodge,magnum base,133255,gasoline,a/t,silver,gray,0,1,4000.0,250.0,3.5,20,6345.476190476191
porsche,macan turbo,14526,gasoline,automatic,black,–,0,0,79998.0,400.0,2.9,5,2421.0
mercedes-benz,e-class e 550,43690,gasoline,a/t,black,black,0,1,23500.0,402.0,4.7,12,3360.769230769231
porsche,macan s,29136,gasoline,automatic,white,red,0,0,58598.0,340.0,3.0,6,4162.285714285715
cadillac,xt5 luxury,72060,gasoline,8-speed automatic,stellar black metallic,shara beige,0,0,24590.0,401.5,3.6,9,7206.0
toyota,tundra platinum,8800,gasoline,a/t,silver,black,0,1,68500.0,389.0,3.4,3,2200.0
nissan,versa 1.6 sl,85768,gasoline,cvt transmission,white,black,1,1,8250.0,109.0,1.6,11,7147.333333333333
mercedes-benz,amg gt 53 base,2235,hybrid,transmission w/dual shift mode,gray,red,0,1,99175.0,429.0,3.0,4,447.0
buick,enclave avenir,121521,gasoline,9-speed automatic,dark slate metallic,ebony / ebony accents,0,1,26772.0,281.5,3.6,7,15190.125
porsche,911 gt3,23700,gasoline,transmission w/dual shift mode,black,black,0,1,99175.0,475.0,3.8,11,1975.0
bmw,328 i,124000,gasoline,a/t,white,beige,0,1,11900.0,230.0,3.0,13,8857.142857142857
acura,ilx premium package,32260,gasoline,a/t,black,black,0,1,20999.0,201.0,2.4,8,3584.4444444444443
lexus,gx 460 base,92000,gasoline,6-speed a/t,black,black,0,1,28000.0,301.0,4.6,11,7666.666666666667
toyota,land cruiser base,269885,gasoline,6-speed a/t,black,beige,1,1,22500.0,381.0,5.7,16,15875.588235294117
chevrolet,corvette base,51855,gasoline,6-speed a/t,red,red,0,1,35900.0,430.0,6.2,18,2729.2105263157896
mazda,mazda6 i touring,124000,gasoline,6-speed m/t,white,beige,1,1,12900.0,184.0,2.5,11,10333.333333333334
jaguar,f-type r,26000,gasoline,8-speed a/t,blue,red,0,1,52500.0,550.0,5.0,11,2166.6666666666665
audi,a3 2.0t premium,36500,gasoline,6-speed a/t,gray,silver,1,1,25500.0,220.0,2.0,8,4055.5555555555557
chevrolet,camaro 2ss,1400,gasoline,10-speed a/t,black,black,0,1,54900.0,455.0,6.2,4,280.0
jeep,wrangler unlimited sport s,17000,gasoline,a/t,black,black,0,1,38500.0,285.0,3.6,8,1888.888888888889
honda,civic sport,42750,gasoline,automatic cvt,black,black,0,1,25698.0,158.0,1.5,5,7125.0
porsche,cayman base,67998,gasoline,6-speed m/t,white,beige,0,1,30000.0,265.0,2.9,15,4249.875
ford,mustang gt,64500,gasoline,5-speed m/t,black,red,1,1,16000.0,300.0,4.6,18,3394.7368421052633
toyota,fj cruiser base,102000,gasoline,6-speed m/t,blue,black,0,1,24900.0,239.0,4.0,19,5100.0
land rover,discovery se,145000,gasoline,a/t,green,beige,0,1,15500.0,217.0,4.6,22,6304.347826086957
porsche,718 boxster s,50000,gasoline,a/t,blue,black,1,1,55000.0,350.0,2.5,8,5555.555555555556
chevrolet,corvette base,37622,gasoline,a/t,blue,beige,0,1,25500.0,350.0,5.7,22,1635.7391304347825
toyota,avalon limited,89987,gasoline,5-speed a/t,green,beige,0,1,9499.0,268.0,3.5,20,4285.0952380952385
infiniti,qx80 base,136390,gasoline,7-speed automatic,black obsidian,black,0,1,20470.0,400.0,5.6,11,11365.833333333334
cadillac,deville base,90000,missing,a/t,green,beige,1,1,2990.0,401.5,4.2,32,2727.2727272727275
chevrolet,camaro 2ss,27000,gasoline,transmission w/dual shift mode,black,beige,0,1,33000.0,426.0,6.2,11,2250.0
jeep,liberty renegade,144770,gasoline,4-speed a/t,beige,beige,1,1,6500.0,210.0,3.7,22,6294.347826086957
toyota,4runner trail,157000,gasoline,transmission w/dual shift mode,black,beige,0,1,23500.0,270.0,4.0,15,9812.5
bmw,328 i xdrive,132000,gasoline,transmission w/dual shift mode,silver,black,1,1,8500.0,230.0,3.0,16,7764.705882352941
ford,excursion limited ultimate,137000,diesel,4-speed a/t,gold,gold,0,1,15000.0,250.0,7.3,24,5480.0
lexus,is 300 base,50992,gasoline,a/t,white,gray,1,1,28000.0,260.0,3.5,8,5665.777777777777
cadillac,cts performance,105760,gasoline,6-speed a/t,black,black,0,1,12900.0,270.0,3.0,16,6221.176470588235
lexus,lc 500 base,29800,gasoline,10-speed a/t,black,black,0,1,68495.0,471.0,5.0,8,3311.1111111111113
bmw,540 i xdrive,21000,gasoline,transmission w/dual shift mode,blue,black,1,1,42000.0,335.0,3.0,7,2625.0
chevrolet,corvette base,152195,gasoline,a/t,black,black,0,1,9900.0,340.0,5.7,28,5248.103448275862
hummer,h2 base,169900,gasoline,a/t,orange,black,1,1,16900.0,325.0,6.0,20,8090.476190476191
volvo,xc90 3.2,196000,gasoline,a/t,black,beige,0,1,6499.0,235.0,3.2,18,10315.78947368421
jeep,wrangler unlimited sahara,180036,gasoline,a/t,black,black,1,1,9100.0,202.0,3.8,17,10002.0
land rover,discovery hse luxury,57918,gasoline,transmission w/dual shift mode,gray,gray,0,1,33500.0,340.0,3.0,9,5791.8
bmw,340 i,98600,gasoline,8-speed a/t,silver,black,0,1,26500.0,320.0,3.0,9,9860.0
ford,f-250 lariat,120000,diesel,6-speed a/t,silver,black,1,1,55000.0,450.0,6.7,8,13333.333333333334
bmw,m3 competition,14269,gasoline,8-speed a/t,gray,orange,0,1,80000.0,503.0,3.0,4,2853.8
lexus,lc 500 base,6875,gasoline,a/t,white,black,0,1,89000.0,471.0,5.0,4,1375.0
honda,cr-v touring,55100,gasoline,automatic cvt,white,gray,0,0,28324.0,200.5,1.5,7,6887.5
porsche,panamera s,49000,gasoline,7-speed a/t,white,black,0,0,41500.0,400.0,4.8,14,3266.6666666666665
bmw,750 i,74600,gasoline,a/t,white,brown,0,1,15000.0,400.0,4.4,17,4144.444444444444
audi,a7 3.0t premium,45900,hybrid,transmission w/dual shift mode,black,black,1,1,41500.0,335.0,3.0,7,5737.5
chrysler,200 limited,95271,e85 flex fuel,a/t,black,black,0,0,12468.0,184.0,2.4,11,7939.25
ford,f-150 xl,88883,gasoline,10-speed automatic,agate black metallic,black,0,1,33172.0,385.0,2.7,5,14813.833333333334
dodge,grand caravan r/t,43000,e85 flex fuel,6-speed a/t,red,black,0,1,35000.0,283.0,3.6,13,3071.4285714285716
ford,focus se,33700,e85 flex fuel,a/t,gray,black,1,1,12000.0,160.0,2.0,8,3744.4444444444443
ram,2500 big horn,95115,diesel,6-speed automatic,bright white clearcoat,diesel gray / black,0,1,43640.0,410.0,6.7,10,8646.818181818182
lotus,elise base,25250,gasoline,m/t,red,black,0,0,44000.0,190.0,1.8,21,1147.7272727272727
chevrolet,corvette base,20200,gasoline,6-speed a/t,red,red,0,1,27500.0,400.0,6.0,19,1010.0
audi,allroad 2.0t prestige,104457,gasoline,8-speed a/t,silver,black,0,1,17900.0,211.0,2.0,13,7461.214285714285
mclaren,570s spider,8984,gasoline,7-speed automatic with auto-shift,vega blue,black,0,0,99175.0,562.0,3.8,8,998.2222222222222
chevrolet,express 2500 work van,76000,gasoline,a/t,silver,–,0,1,41400.0,285.0,4.8,9,7600.0
chevrolet,traverse high country,56247,gasoline,9-speed automatic,stone gray metallic,jet black,0,1,39244.0,355.0,3.6,6,8035.285714285715
jeep,wrangler s,50750,missing,5-speed m/t,blue,gray,0,1,15000.0,285.0,3.6,32,1537.878787878788
acura,ilx technology plus package,61000,gasoline,a/t,black,black,1,1,21000.0,201.0,2.4,10,5545.454545454545
chevrolet,camaro 1lt,9111,gasoline,8-speed automatic,summit white,jet black,0,0,27599.0,323.0,3.6,7,1138.875
lexus,es 350 base,100900,gasoline,automatic,matador red mica,parchment,0,0,21998.0,272.0,3.5,11,8408.333333333334
ford,f-150 xlt,24207,gasoline,10-speed automatic,black,–,0,1,43430.0,375.0,2.7,5,4034.5
tesla,model y long range,9411,missing,automatic,silver,black,0,0,47998.0,425.0,3.5,4,1882.2
chevrolet,corvette z06,21000,gasoline,6-speed m/t,silver,black,0,1,47500.0,505.0,7.0,20,1000.0
cadillac,cts 3.6l premium luxury,136150,gasoline,transmission w/dual shift mode,silver,black,1,1,22500.0,335.0,3.6,7,17018.75
bmw,m3 base,78414,gasoline,7-speed a/t,silver,gray,1,1,28750.0,420.0,4.0,17,4356.333333333333
mazda,mazda3 fwd w/preferred package,60800,gasoline,6-speed a/t,red,beige,0,1,19900.0,186.0,2.5,7,7600.0
ford,maverick xlt,16400,hybrid,cvt transmission,gray,gray,0,1,34000.0,191.0,2.5,4,3280.0
toyota,highlander hybrid limited,62200,hybrid,cvt transmission,brown,beige,0,1,35707.0,306.0,3.5,8,6911.111111111111
bmw,x6 xdrive40i,72903,hybrid,scheduled for or in production,black sapphire metallic,black,1,0,53998.0,335.0,3.0,5,12150.5
lincoln,town car signature,142215,gasoline,4-speed a/t,gray,beige,0,1,5000.0,239.0,4.6,23,5925.625
mercedes-benz,sl-class sl550 roadster,150000,gasoline,a/t,black,black,0,1,8000.0,382.0,5.5,19,7500.0
ford,mustang gt,49170,gasoline,a/t,silver,black,0,1,12500.0,225.0,4.6,28,1695.5172413793102
chevrolet,suburban 1500 lt,167500,gasoline,6-speed a/t,silver,black,0,1,18000.0,355.0,5.3,11,13958.333333333334
ford,fusion se,110450,gasoline,6-speed a/t,silver,brown,0,1,11000.0,231.0,2.0,10,10040.90909090909
audi,s4 3.0t premium plus,106000,gasoline,6-speed m/t,gray,black,1,1,23000.0,333.0,3.0,12,8153.846153846154
chevrolet,suburban premier,92728,gasoline,6-speed a/t,white,black,0,1,34900.0,355.0,5.3,9,9272.8
ford,bronco big bend,17000,gasoline,a/t,gray,–,0,1,44000.0,275.0,2.3,4,3400.0
ford,f-250 xl,75200,e85 flex fuel,6-speed a/t,white,gray,0,1,22000.0,385.0,6.2,10,6836.363636363636
dodge,challenger srt hellcat,1800,gasoline,a/t,green,black,0,1,64990.0,707.0,6.2,11,150.0
toyota,tacoma trd sport,36283,gasoline,automatic,barcelona red,black,0,0,39598.0,270.0,3.5,7,4535.375
audi,q5 s line premium plus,6682,hybrid,automatic,mythos black metallic,rock gray,0,0,47798.0,333.0,2.0,3,1670.5
jeep,wrangler sport,23399,gasoline,8-speed automatic,black clearcoat,black,0,0,28999.0,243.5,2.0,8,2599.8888888888887
genesis,g80 3.8,29720,gasoline,8-speed a/t,brown,beige,0,1,29500.0,311.0,3.8,9,2972.0
mercedes-benz,sl-class sl63 amg roadster,56000,gasoline,a/t,black,black,0,1,44850.0,518.0,6.3,17,3111.1111111111113
lexus,lx 570 three-row,59419,gasoline,a/t,silver,beige,0,1,73000.0,383.0,5.7,6,8488.42857142857
kia,stinger gt2,69100,gasoline,8-speed a/t,red,black,0,1,32500.0,365.0,3.3,8,7677.777777777777
nissan,gt-r premium,22185,gasoline,6-speed automatic with auto-shift,bayside blue,gray,0,1,99175.0,515.0,3.8,5,3697.5
chevrolet,trailblazer ss,29586,gasoline,a/t,white,black,0,1,47900.0,390.0,6.0,18,1557.157894736842
chevrolet,silverado 2500 wt,63866,gasoline,automatic,silver ice metallic,jet black,0,1,41885.0,355.0,6.6,5,10644.333333333334
chevrolet,suburban ltz,135484,gasoline,6-speed automatic,tungsten metallic,cocoa / dune,0,0,29748.0,355.0,5.3,10,12316.727272727272
mercedes-benz,e-class e 350,78500,gasoline,7-speed a/t,silver,black,1,1,17900.0,302.0,3.5,12,6038.461538461538
bmw,m3 base,7982,gasoline,7-speed a/t,silver,red,0,0,51900.0,414.0,4.0,14,532.1333333333333
bentley,continental gt v8,1795,gasoline,automatic,onyx black,beluga,0,0,99175.0,542.0,4.0,4,359.0
volkswagen,golf r base,1067,gasoline,7-speed a/t,white,blue,0,1,48000.0,315.0,2.0,4,213.4
ford,explorer limited,152000,gasoline,6-speed a/t,gray,black,0,1,15499.0,290.0,3.5,9,15200.0
honda,odyssey lx,185000,gasoline,a/t,purple,–,0,1,8900.0,248.0,3.5,15,11562.5
dodge,ram 2500 slt mega cab,97724,diesel,a/t,red,gray,0,1,19998.0,350.0,6.7,19,4886.2
honda,civic sport,22227,gasoline,automatic cvt,red,black,0,0,25980.0,158.0,2.0,6,3175.285714285714
honda,civic lx,111000,gasoline,a/t,blue,black,0,1,13000.0,158.0,2.0,10,10090.90909090909
ford,f-250 xlt,32268,e85 flex fuel,6-speed a/t,white,gray,0,1,46500.0,385.0,6.2,7,4033.5
nissan,pathfinder sv,122009,gasoline,automatic,gray,black,0,0,18998.0,287.0,3.5,7,15251.125
land rover,range hse swb,57785,hybrid,a/t,black,black,0,1,63995.0,395.0,3.0,6,8255.0
bmw,m3 base,204884,gasoline,6-speed m/t,silver,black,1,1,21500.0,333.0,3.2,24,8195.36
hummer,h2 base,179400,gasoline,a/t,white,brown,1,1,15000.0,316.0,6.0,23,7475.0
mazda,rx-8 r3,57000,gasoline,6-speed m/t,red,black,0,1,14000.0,232.0,1.3,17,3166.6666666666665
lexus,lx 570 three-row,25997,gasoline,a/t,green,brown,0,1,87000.0,383.0,5.7,5,4332.833333333333
chevrolet,suburban z71,36555,gasoline,automatic,summit white,jet black,0,1,64288.0,420.0,5.3,4,7311.0
mercedes-benz,s-class s 580 4matic,989,gasoline,9-speed automatic,black,black,0,1,99175.0,496.0,4.0,3,247.25
chevrolet,corvette base,28514,gasoline,transmission w/dual shift mode,red,gray,0,1,32000.0,400.0,6.0,19,1425.7
ford,mustang gt premium,10400,gasoline,10-speed a/t,red,gray,0,1,40000.0,460.0,5.0,7,1300.0
chevrolet,equinox premier w/2lz,51133,gasoline,9-speed automatic,iridescent pearl tricoat,jet black,1,0,25800.0,355.0,2.0,6,7304.714285714285
chevrolet,camaro z28,58800,gasoline,a/t,white,white,0,1,15000.0,305.0,5.7,27,2100.0
land rover,discovery hse,85000,gasoline,8-speed a/t,gray,black,0,1,33000.0,340.0,3.0,8,9444.444444444445
jeep,wrangler se,95200,gasoline,5-speed m/t,black,black,0,1,11999.0,120.0,2.5,26,3525.925925925926
toyota,highlander xle,68575,gasoline,a/t,silver,gray,1,1,26000.0,270.0,3.5,11,5714.583333333333
chevrolet,corvette grand sport,12300,gasoline,6-speed a/t,red,black,0,1,45000.0,430.0,6.2,15,768.75
chevrolet,corvette stingray,13900,gasoline,8-speed a/t,white,red,0,1,54490.0,455.0,6.2,8,1544.4444444444443
mercedes-benz,slk-class slk230 kompressor,58800,gasoline,a/t,silver,black,0,1,9000.0,190.0,2.3,25,2261.5384615384614
nissan,juke nismo rs,30700,gasoline,6-speed m/t,black,black,1,1,21500.0,215.0,1.6,10,2790.909090909091
porsche,911 carrera c2s,104000,gasoline,6-speed m/t,silver,black,0,1,44800.0,355.0,3.8,21,4727.272727272727
chevrolet,colorado lt,139116,gasoline,automatic,red,jet black,1,1,24899.0,355.0,3.6,7,17389.5
porsche,macan s,36700,gasoline,7-speed a/t,blue,blue,1,1,48990.0,348.0,3.0,7,4587.5
mercedes-benz,gle 350 base 4matic,24500,gasoline,9-speed a/t,white,beige,0,1,82150.0,255.0,2.0,4,4900.0
toyota,land cruiser base,65000,gasoline,a/t,black,brown,1,1,65000.0,381.0,5.7,9,6500.0
bmw,x6 xdrive40i,27654,hybrid,automatic,mineral white,black,0,0,61998.0,335.0,3.0,5,4609.0
rivian,r1s adventure package,542,missing,a/t,black,black,0,1,92500.0,835.0,3.5,3,135.5
toyota,highlander platinum,41000,gasoline,8-speed a/t,blue,black,0,1,38700.0,295.0,3.5,6,5857.142857142857
mercedes-benz,sl-class sl 63 amg,47400,gasoline,7-speed a/t,white,black,1,1,41000.0,518.0,6.3,15,2962.5
ford,thunderbird deluxe,40110,gasoline,a/t,yellow,black,0,1,18500.0,252.0,3.9,24,1604.4
ram,2500 big horn,124700,gasoline,6-speed a/t,silver,–,0,1,30000.0,410.0,6.4,12,9592.307692307691
ford,f-350 xlt,31000,e85 flex fuel,a/t,black,gray,1,1,35000.0,316.0,6.2,13,2214.285714285714
toyota,rav4 prime xse,7100,plug-in hybrid,a/t,gray,black,0,1,49000.0,302.0,2.5,4,1420.0
jeep,grand cherokee limited,91677,gasoline,8-speed automatic,granite crystal clearcoat metallic,black,0,0,26816.0,293.0,3.6,8,10186.333333333334
ford,focus se,107500,gasoline,a/t,white,black,0,1,9500.0,132.0,2.0,17,5972.222222222223
porsche,911 carrera 4 gts,1518,gasoline,8-speed a/t,beige,brown,0,1,99175.0,473.0,3.0,3,379.5
chevrolet,corvette stingray w/2lt,5200,gasoline,8-speed a/t,white,red,0,1,88900.0,490.0,6.2,3,1300.0
ford,f-150 xlt supercab,48054,gasoline,a/t,white,gray,0,1,9500.0,220.0,4.6,27,1716.2142857142858
porsche,macan base,87500,gasoline,transmission w/dual shift mode,blue,beige,0,1,28000.0,252.0,2.0,8,9722.222222222223
acura,zdx base,106335,gasoline,6-speed a/t,white,gray,0,1,19000.0,300.0,3.7,14,7089.0
chevrolet,suburban premier,133598,gasoline,6-speed automatic,siren red tintcoat,jet black,1,1,29999.0,355.0,5.3,9,13359.8
chevrolet,traverse premier,68455,gasoline,9-speed automatic,silver ice metallic,jet black,0,1,30989.0,310.0,3.6,8,7606.111111111111
mercedes-benz,e-class e 400,28690,gasoline,a/t,white,beige,0,1,38880.0,329.0,3.0,8,3187.777777777778
bmw,m3 base,83000,gasoline,7-speed a/t,black,red,1,1,31000.0,414.0,4.0,14,5533.333333333333
ford,f-250 xlt,38600,diesel,6-speed a/t,blue,–,0,1,54500.0,450.0,6.7,7,4825.0
toyota,highlander se,92000,gasoline,a/t,red,beige,1,1,30000.0,295.0,3.5,7,11500.0
saturn,sky red line,134000,gasoline,5-speed m/t,blue,black,1,1,9500.0,260.0,2.0,17,7444.444444444444
lexus,ls 460 base,103000,gasoline,a/t,white,beige,0,1,20500.0,380.0,4.6,14,6866.666666666667
honda,cr-v lx,176261,gasoline,m/t,gray,gray,0,1,3750.0,160.0,2.4,22,7663.521739130435
ford,mustang gt premium,58500,gasoline,5-speed m/t,white,red,1,1,20000.0,315.0,4.6,16,3441.176470588235
ford,f-250 limited,64000,diesel,a/t,red,beige,0,1,64000.0,450.0,6.7,8,7111.111111111111
porsche,boxster black edition,24881,gasoline,transmission w/dual shift mode,black,black,1,1,49999.0,265.0,2.7,10,2261.909090909091
chevrolet,corvette base,134000,gasoline,a/t,red,beige,0,1,11500.0,340.0,5.7,28,4620.689655172414
ford,explorer xlt,82900,gasoline,6-speed a/t,white,gray,1,1,16000.0,290.0,3.5,13,5921.428571428572
bmw,z4 3.0si,59257,gasoline,6-speed m/t,gray,black,0,1,18200.0,255.0,3.0,18,3118.7894736842104
lexus,rx 350 f sport,81400,gasoline,8-speed a/t,gray,red,1,1,26000.0,295.0,3.5,10,7400.0
hyundai,accent sel,5100,gasoline,a/t,blue,black,0,1,19500.0,120.0,1.6,4,1020.0
ford,expedition max xlt,67072,gasoline,a/t,purple,black,0,1,38500.0,375.0,3.5,6,9581.714285714286
bmw,328 i xdrive,65000,gasoline,transmission w/dual shift mode,silver,black,0,1,19500.0,240.0,2.0,10,5909.090909090909
ford,fusion se,80800,gasoline,a/t,blue,beige,0,1,10000.0,175.0,2.5,12,6215.384615384615
ford,f-150 xlt,53401,gasoline,10-speed a/t,gray,black,0,1,39500.0,375.0,3.5,6,7628.714285714285
ford,f-150 platinum,15555,gasoline,10-speed automatic,blue,black,0,1,62890.0,370.0,5.0,5,2592.5
dodge,ram 1500 slt mega cab,201509,gasoline,5-speed a/t,gray,gray,1,1,11000.0,345.0,5.7,20,9595.666666666666
honda,civic ex,107000,gasoline,a/t,silver,black,0,1,14000.0,140.0,1.8,13,7642.857142857143
land rover,range velar p250 s r-dynamic,30500,gasoline,a/t,silver,beige,0,1,44000.0,247.0,2.0,6,4357.142857142857
toyota,tacoma base,36000,gasoline,5-speed m/t,gray,gray,0,1,20000.0,159.0,2.7,15,2250.0
ford,f-250 xlt,38514,e85 flex fuel,a/t,black,gray,1,1,45998.0,385.0,6.2,7,4814.25
mercedes-benz,sprinter 2500 standard roof,4590,gasoline,a/t,white,black,0,1,64000.0,188.0,2.0,4,918.0
ram,2500 big horn,97000,diesel,a/t,white,gray,1,1,45000.0,370.0,6.7,7,12125.0
bmw,328 i xdrive,110000,gasoline,6-speed a/t,black,beige,1,1,6000.0,230.0,3.0,15,6875.0
ford,explorer xlt,53000,e85 flex fuel,6-speed a/t,red,gray,1,1,25000.0,290.0,3.5,9,5300.0
chevrolet,suburban ltz,110000,e85 flex fuel,a/t,brown,brown,0,1,30999.0,355.0,5.3,10,10000.0
mazda,mx-5 miata sport,218000,gasoline,6-speed m/t,black,black,1,1,4999.0,170.0,2.0,20,10380.952380952382
infiniti,g35 base,106500,gasoline,6-speed m/t,red,beige,0,1,9500.0,280.0,3.5,23,4437.5
chevrolet,express 2500 work van,140500,e85 flex fuel,a/t,white,gray,0,1,11800.0,324.0,6.0,14,9366.666666666666
ford,explorer eddie bauer,144200,gasoline,5-speed a/t,black,beige,0,1,9999.0,210.0,4.0,16,8482.35294117647
chevrolet,suburban rst,21400,diesel,10-speed a/t,gray,black,0,1,69000.0,277.0,3.0,4,4280.0
mercedes-benz,gl-class gl 550 4matic,130000,gasoline,7-speed a/t,blue,black,0,1,24500.0,429.0,4.7,11,10833.333333333334
ford,focus se,108045,gasoline,6-speed a/t,blue,gray,0,1,6500.0,160.0,2.0,14,7203.0
subaru,crosstrek premium,10000,gasoline,cvt transmission,white,black,0,1,28000.0,152.0,2.0,4,2000.0
hyundai,genesis coupe 3.8 track,75000,gasoline,transmission w/dual shift mode,red,black,1,1,12000.0,306.0,3.8,15,4687.5
chrysler,town & country lx,73500,gasoline,a/t,silver,gray,1,1,7858.0,170.0,3.3,17,4083.3333333333335
porsche,panamera turbo,29850,gasoline,8-speed a/t,silver,red,0,1,89750.0,550.0,4.0,8,3316.6666666666665
honda,pilot ex-l,135350,gasoline,6-speed a/t,white,beige,1,1,19900.0,280.0,3.5,10,12304.545454545454
mercedes-benz,glc 300 glc 300,16983,gasoline,automatic,black,black,0,0,40998.0,362.0,2.0,4,3396.6
audi,a8 l 55,35580,hybrid,8-speed a/t,black,black,0,1,49500.0,335.0,3.0,7,4447.5
ford,edge se,71200,gasoline,8-speed a/t,white,beige,0,1,18900.0,250.0,2.0,6,10171.42857142857
dodge,durango gt,24778,gasoline,8-speed automatic,octane red pearlcoat,black,1,0,36599.0,295.0,3.6,4,4955.6
bmw,328 i,109330,gasoline,a/t,black,beige,0,1,13349.0,240.0,2.0,11,9110.833333333334
alfa romeo,romeo stelvio ti,6645,gasoline,8-speed automatic,alfa white,black,0,0,43900.0,280.0,2.0,3,1661.25
mercedes-benz,gl-class gl 450 4matic,90400,gasoline,7-speed a/t,silver,beige,0,1,10199.0,335.0,4.7,19,4520.0
ford,ranger xlt supercab,192100,gasoline,5-speed a/t,gold,beige,1,1,6450.0,207.0,4.0,24,7684.0
bmw,m3 cs,32000,gasoline,transmission w/dual shift mode,white,black,0,1,70000.0,453.0,3.0,8,3555.5555555555557
volkswagen,golf gti 2.0t autobahn,6400,gasoline,a/t,green,black,0,1,41500.0,241.0,2.0,4,1280.0
toyota,4runner sr5 premium,36180,gasoline,a/t,black,–,0,1,36990.0,270.0,4.0,5,6030.0
gmc,yukon slt,142400,e85 flex fuel,a/t,black,black,1,1,13500.0,320.0,5.3,12,10953.846153846154
cadillac,ats 2.0l turbo luxury,83000,gasoline,8-speed a/t,red,beige,0,1,16500.0,272.0,2.0,10,7545.454545454545
nissan,xterra s,80000,gasoline,a/t,black,gray,0,1,14800.0,261.0,4.0,14,5333.333333333333
ford,bronco badlands,32437,gasoline,10-speed a/t,gray,black,0,1,51000.0,315.0,2.7,5,5406.166666666667
bmw,328 i,67500,gasoline,6-speed a/t,white,beige,0,1,18000.0,230.0,3.0,15,4218.75
toyota,4runner limited,25882,gasoline,automatic,midnight black metallic,–,0,0,43837.0,270.0,4.0,5,4313.666666666667
porsche,911 turbo,12088,gasoline,a/t,gray,black,0,1,99175.0,540.0,3.8,8,1343.111111111111
toyota,tundra sr5 double cab,170000,gasoline,a/t,silver,beige,1,1,11200.0,282.0,4.7,21,7727.272727272727
ford,f-250 lariat,3763,diesel,10-speed a/t,red,black,0,1,92000.0,475.0,6.7,3,940.75
land rover,range velar p380 s,46000,gasoline,a/t,red,beige,0,1,40000.0,380.0,3.0,8,5111.111111111111
ford,f-250 xlt crew cab super duty,190321,diesel,a/t,white,beige,0,1,15900.0,350.0,6.4,18,10016.894736842105
porsche,macan s,40950,gasoline,7-speed a/t,black,black,0,1,39750.0,340.0,3.0,8,4550.0
mercedes-benz,c-class c 63 amg,42000,gasoline,7-speed a/t,gray,black,0,1,45000.0,451.0,6.2,12,3230.769230769231
nissan,pathfinder s,135000,gasoline,a/t,white,brown,0,1,8500.0,260.0,3.5,12,10384.615384615385
jeep,gladiator overland,20655,gasoline,8-speed automatic,firecracker red clearcoat,black,0,0,42850.0,285.0,3.6,6,2950.714285714286
porsche,911 carrera s,1877,gasoline,8-speed a/t,red,red,0,1,99175.0,443.0,3.0,3,469.25
ford,f-250 xlt,33000,diesel,6-speed a/t,black,gray,0,1,59000.0,450.0,6.7,7,4125.0
ford,fusion se,68000,gasoline,a/t,black,black,0,1,12500.0,175.0,2.5,10,6181.818181818182
honda,accord sport,405000,gasoline,cvt transmission,black,black,0,1,6000.0,185.0,2.4,13,28928.571428571428
bmw,330 i xdrive,117000,gasoline,8-speed a/t,black,beige,0,1,17000.0,248.0,2.0,8,13000.0
acura,mdx sport,183455,gasoline,5-speed a/t,white,beige,1,1,7700.0,300.0,3.7,19,9172.75
chevrolet,suburban premier,51890,gasoline,10-speed automatic,shadow gray metallic,jet black,0,1,59980.0,355.0,5.3,5,8648.333333333334
chevrolet,suburban high country,59528,gasoline,10-speed automatic,satin steel metallic,jet black,0,1,68995.0,420.0,6.2,5,9921.333333333334
cadillac,cts-v base,123000,gasoline,6-speed m/t,black,black,0,1,15000.0,400.0,6.0,20,5857.142857142857
kia,niro ev ex,20000,missing,1-speed a/t,silver,black,0,1,29998.0,201.0,2.4,4,4000.0
bmw,x3 xdrive30i,38352,gasoline,8-speed automatic,phytonic blue metallic,canberra beige,0,0,37400.0,248.0,2.0,5,6392.0
porsche,taycan base,13344,missing,2-speed a/t,black,beige,1,1,83499.0,321.0,3.45,5,2224.0
honda,s2000 cr,44300,gasoline,m/t,yellow,black,0,1,62000.0,237.0,2.2,18,2331.5789473684213
lexus,hs 250h premium,123500,hybrid,a/t,red,black,1,1,9500.0,147.0,2.4,16,7264.705882352941
lincoln,navigator base,134000,e85 flex fuel,6-speed a/t,red,black,0,1,21500.0,310.0,5.4,13,9571.42857142857
ford,f-150 xlt,57000,gasoline,10-speed a/t,gray,gray,1,1,37500.0,375.0,3.5,6,8142.857142857143
kia,k5 gt-line,100312,gasoline,8-speed automatic,wolf gray,black,0,0,19980.0,201.0,1.6,5,16718.666666666668
bentley,continental gt w12,16146,gasoline,automatic,fountain blue,linen,0,0,99175.0,582.0,6.0,5,2691.0
tesla,model s performance,61000,missing,a/t,green,black,0,1,29000.0,416.0,3.5,14,4066.6666666666665
bmw,z4 sdrive28i,15889,gasoline,8-speed a/t,blue,beige,0,1,34500.0,240.0,2.0,12,1222.2307692307693
bmw,528 i xdrive,125500,gasoline,a/t,black,black,1,1,12950.0,240.0,2.0,11,10458.333333333334
ford,expedition limited,163500,e85 flex fuel,a/t,gray,black,0,1,16490.0,310.0,5.4,13,11678.57142857143
buick,enclave leather,89726,gasoline,a/t,white,brown,0,1,16000.0,288.0,3.6,11,7477.166666666667
mercedes-benz,sl-class sl600 roadster,93000,gasoline,a/t,black,black,0,1,22500.0,493.0,5.5,21,4227.272727272727
mini,cooper s base,128000,gasoline,6-speed a/t,black,black,0,1,8500.0,181.0,1.6,14,8533.333333333334
porsche,cayenne turbo,70800,gasoline,transmission w/dual shift mode,white,black,0,1,52999.0,520.0,4.8,9,7080.0
saturn,vue hybrid base,115000,hybrid,a/t,blue,beige,0,1,4400.0,172.0,2.4,17,6388.888888888889
ram,2500 laramie,98650,diesel,6-speed a/t,black,black,0,1,56750.0,350.0,6.7,8,10961.111111111111
ram,1500 limited,87768,hybrid,a/t,silver,black,0,1,44000.0,395.0,5.7,7,10971.0
chevrolet,traverse rs,6000,gasoline,9-speed a/t,gray,black,0,1,48500.0,310.0,3.6,3,1500.0
lexus,rx 350 f sport appearance,28262,gasoline,automatic,obsidian,–,0,0,49998.0,301.0,3.5,5,4710.333333333333
mazda,cx-50 2.5 turbo premium package,16200,gasoline,6-speed a/t,blue,beige,0,1,36900.0,227.0,2.5,3,4050.0
cadillac,srx luxury collection,87500,e85 flex fuel,a/t,white,beige,0,1,11499.0,308.0,3.6,14,5833.333333333333
fiat,500 lounge,85458,gasoline,a/t,white,beige,0,1,9000.0,101.0,1.4,13,6104.142857142857
mercedes-benz,eqs 450+ base,16500,missing,a/t,blue,white,0,1,69500.0,329.0,3.5,4,3300.0
mini,cooper s clubman base,83853,gasoline,6-speed m/t,gray,black,1,1,6950.0,172.0,1.6,17,4658.5
bmw,x6 m50i,22500,gasoline,transmission w/dual shift mode,black,–,1,1,74999.0,523.0,4.4,4,4500.0
lexus,ls 460 base,99524,gasoline,8-speed a/t,gray,black,1,1,24900.0,386.0,4.6,13,7108.857142857143
genesis,gv80 2.5t,8100,gasoline,transmission w/dual shift mode,silver,beige,0,1,57300.0,300.0,2.5,3,2025.0
mini,hardtop cooper s,43073,gasoline,6-speed automatic,volcanic orange,carbon black,0,0,17999.0,189.0,2.0,10,3915.7272727272725
land rover,range velar r-dynamic s,12425,gasoline,automatic,firenze red,ebony,0,0,57619.0,380.0,3.0,3,3106.25
bmw,530 i xdrive,23195,gasoline,8-speed automatic,dark graphite metallic,black,0,0,38900.0,335.0,2.0,6,3313.5714285714284
jeep,grand cherokee laredo,118000,gasoline,a/t,gold,black,1,1,12500.0,360.0,5.7,15,7375.0
toyota,tacoma sr5,65290,gasoline,6-speed a/t,blue,black,1,1,26450.0,278.0,3.5,8,7254.444444444444
porsche,911 carrera cabriolet,47885,gasoline,6-speed m/t,gray,black,0,0,31995.0,300.0,3.4,25,1841.7307692307693
jeep,gladiator sport s,13000,gasoline,8-speed a/t,gray,–,0,1,39500.0,285.0,3.6,6,1857.142857142857
dodge,challenger srt hellcat,29475,gasoline,8-speed a/t,orange,black,0,1,62999.0,707.0,6.2,8,3275.0
jeep,renegade trailhawk,78717,gasoline,a/t,black,black,0,1,17500.0,180.0,2.4,9,7871.7
ford,f-150 lariat,9142,hybrid,10-speed a/t,black,gray,0,1,61500.0,430.0,3.5,5,1523.6666666666667
jaguar,xf premium,106000,gasoline,6-speed a/t,brown,beige,1,1,9400.0,385.0,5.0,15,6625.0
ram,1500 laramie,3521,gasoline,automatic,diamond black,black,0,1,51074.0,395.0,5.7,4,704.2
volkswagen,golf gti 2.0t se 4-door,90000,gasoline,6-speed a/t,gray,black,0,1,16750.0,210.0,2.0,10,8181.818181818182
porsche,macan turbo,46000,gasoline,transmission w/dual shift mode,gray,–,0,1,38000.0,400.0,3.6,10,4181.818181818182
bmw,x4 m competition,18362,gasoline,a/t,black,orange,0,1,60000.0,503.0,3.0,6,2623.1428571428573
lexus,rx 350 base,164500,gasoline,6-speed a/t,white,black,1,1,16500.0,270.0,3.5,13,11750.0
gmc,terrain slt,55018,gasoline,9-speed a/t,black,black,1,1,25500.0,170.0,1.5,6,7859.714285714285
nissan,maxima sv,36466,gasoline,automatic cvt,brilliant silver metallic,charcoal,0,0,24980.0,290.0,3.5,4,7293.2
volvo,s60 b5 inscription,14280,hybrid,a/t,blue,black,0,1,36500.0,247.0,2.0,4,2856.0
subaru,outback 2.5i premium,116000,gasoline,a/t,blue,beige,1,1,12500.0,173.0,2.5,13,8285.714285714286
ram,1500 laramie,16184,gasoline,8-speed automatic,granite crystal clearcoat metallic,black,0,0,46999.0,395.0,5.7,4,3236.8
porsche,boxster base,132800,gasoline,5-speed m/t,red,beige,0,0,8500.0,201.0,2.5,29,4426.666666666667
ford,explorer xlt,45000,gasoline,10-speed a/t,silver,black,0,1,33500.0,300.0,2.3,6,6428.571428571428
ford,f-150 lariat,102000,gasoline,6-speed a/t,white,black,0,1,23000.0,365.0,3.5,13,7285.714285714285
ford,excursion xls,163000,diesel,5-speed a/t,silver,gray,1,1,18000.0,325.0,6.0,22,7086.95652173913
bmw,m8 competition,3500,gasoline,8-speed a/t,gray,gray,0,1,99175.0,617.0,4.4,3,875.0
porsche,panamera gts,42526,gasoline,7-speed a/t,blue,black,0,1,66200.0,440.0,4.8,10,3866.0
mazda,mazda3 i touring,144900,gasoline,transmission w/dual shift mode,black,–,0,1,6000.0,155.0,2.0,14,9660.0
gmc,sierra 1500 slt,85000,gasoline,a/t,white,black,0,1,32750.0,355.0,5.3,10,7727.272727272727
mercedes-benz,sprinter 2500 standard roof,16113,diesel,a/t,gray,black,0,1,99175.0,188.0,3.0,4,3222.6
mercedes-benz,gl-class gl 450,93000,gasoline,a/t,gray,beige,1,1,11900.0,335.0,4.7,15,5812.5
ram,1500 big horn,11468,gasoline,automatic,bright white clearcoat,black,0,1,50204.0,395.0,5.7,4,2293.6
lexus,nx 300 base,25470,gasoline,transmission w/dual shift mode,silver,red,0,1,32500.0,235.0,2.0,7,3183.75
bmw,435 i xdrive,90347,gasoline,8-speed a/t,silver,black,0,1,21800.0,300.0,3.0,12,6949.7692307692305
gmc,yukon sle,96000,gasoline,a/t,gray,black,0,1,34000.0,355.0,5.3,9,9600.0
honda,pilot ex-l,80500,gasoline,6-speed a/t,gray,black,0,1,23000.0,280.0,3.5,10,7318.181818181818
audi,a5 sportback s line premium plus,35000,hybrid,7-speed a/t,black,black,0,1,37499.0,261.0,2.0,5,5833.333333333333
porsche,911 carrera,49900,missing,6-speed m/t,silver,gray,1,1,97993.0,364.5,3.0,31,1559.375
honda,civic sport,121212,gasoline,automatic cvt,white,sport,1,1,18387.0,158.0,1.5,6,17316.0
mercedes-benz,g 550 4x4 squared base,14381,gasoline,7-speed automatic,designo magno matte,black,0,0,99175.0,416.0,4.0,8,1597.888888888889
porsche,panamera platinum edition,13500,gasoline,8-speed a/t,green,black,0,1,86999.0,325.0,2.9,4,2700.0
bmw,740e xdrive iperformance,33214,plug-in hybrid,a/t,white,black,0,1,43500.0,322.0,2.0,7,4151.75
ford,f-250 xlt,29719,e85 flex fuel,a/t,white,gray,0,1,31000.0,385.0,6.2,9,2971.9
lincoln,corsair standard,4520,gasoline,8-speed a/t,beige,beige,0,1,38500.0,250.0,2.0,4,904.0
hyundai,sonata sport,84129,gasoline,6-speed automatic,phantom black,graphite,0,0,14599.0,240.0,2.4,9,8412.9
nissan,maxima 3.5 sr,72150,gasoline,cvt transmission,white,black,1,1,26999.0,300.0,3.5,7,9018.75
gmc,yukon slt,94500,gasoline,a/t,white,beige,1,1,30000.0,355.0,5.3,11,7875.0
mercedes-benz,gls 550 base 4matic,88454,gasoline,9-speed a/t,white,beige,0,1,39999.0,449.0,4.7,9,8845.4
cadillac,cts base,81696,gasoline,6-speed a/t,silver,beige,1,1,9499.0,270.0,3.0,16,4805.64705882353
cadillac,cts base,94100,gasoline,6-speed m/t,white,beige,0,1,6099.0,255.0,3.6,21,4277.272727272727
ford,explorer limited,17500,hybrid,10-speed a/t,white,black,0,1,46000.0,318.0,3.3,4,3500.0
acura,rdx,132252,gasoline,automatic,crystal black,black,0,0,18998.0,279.5,3.5,10,12022.90909090909
toyota,highlander xle,4437,gasoline,transmission w/dual shift mode,gray,black,0,1,42000.0,295.0,3.5,4,887.4
volkswagen,golf gti 2.0t se 4-door,70500,gasoline,transmission w/dual shift mode,white,black,0,1,23000.0,220.0,2.0,8,7833.333333333333
nissan,pickup truck xe,89144,missing,a/t,red,gray,0,1,5899.0,287.0,3.5,32,2701.3333333333335
toyota,corolla ce,170000,gasoline,a/t,gray,gray,0,1,5199.0,126.0,1.8,18,8947.368421052632
honda,element ex,122000,gasoline,a/t,blue,gray,0,1,10500.0,166.0,2.4,18,6421.0526315789475
toyota,camry solara se,57852,gasoline,a/t,silver,gray,0,0,13900.0,210.0,3.3,18,3044.842105263158
hyundai,genesis 4.6,120321,gasoline,transmission w/dual shift mode,white,beige,0,1,10500.0,378.0,4.6,16,7077.705882352941
bmw,325 ci,178000,gasoline,5-speed a/t,blue,brown,0,1,5750.0,184.0,2.5,22,7739.130434782609
bmw,m3 base,60255,gasoline,6-speed m/t,yellow,black,0,1,28750.0,333.0,3.2,24,2410.2
land rover,range sport hse dynamic,77690,gasoline,8-speed a/t,white,beige,0,1,43500.0,380.0,3.0,7,9711.25
chevrolet,corvette zr-1,18000,gasoline,6-speed m/t,gray,black,0,1,78000.0,638.0,6.2,17,1000.0
honda,prelude type sh,125000,gasoline,5-speed m/t,red,black,0,1,18000.0,200.0,2.2,25,4807.692307692308
lexus,nx 300 base,6449,gasoline,6-speed automatic,silver,black,1,0,35999.0,235.0,2.0,5,1074.8333333333333
volkswagen,golf gti 2.0t se 4-door,33000,gasoline,6-speed m/t,black,black,0,1,27500.0,228.0,2.0,7,4125.0
nissan,armada le,87130,gasoline,a/t,brown,black,0,1,20000.0,317.0,5.6,17,4840.555555555556
lexus,sc 300 base,165000,gasoline,a/t,purple,beige,0,1,8700.0,225.0,3.0,28,5689.6551724137935
toyota,camry solara sle,73000,gasoline,5-speed a/t,blue,beige,1,1,11500.0,210.0,3.3,18,3842.1052631578946
porsche,macan s,22354,gasoline,7-speed automatic with auto-shift,black,black,0,0,54900.0,340.0,3.0,6,3193.4285714285716
tesla,model y performance,6188,missing,a/t,gray,white,0,1,53900.0,455.0,3.5,3,1547.0
gmc,terrain slt,60807,gasoline,9-speed automatic,red quartz tintcoat,medium ash gray,1,1,25925.0,176.0,2.0,7,7600.875
jeep,compass latitude,105000,gasoline,a/t,black,black,0,1,10950.0,158.0,2.0,12,8076.923076923077
audi,q7 3.0t prestige,63400,gasoline,a/t,black,black,0,1,29900.0,333.0,3.0,8,7044.444444444444
ford,f-250 platinum,4500,gasoline,10-speed a/t,black,black,0,1,86500.0,430.0,7.3,4,900.0
jeep,gladiator overland,8025,gasoline,8-speed automatic,firecracker red clearcoat,black,0,1,42433.0,285.0,3.6,6,1146.4285714285713
lincoln,navigator l reserve,49131,gasoline,10-speed automatic,tan,–,0,0,55460.0,450.0,3.5,7,6141.375
tesla,model x p100d,100346,missing,1-speed a/t,silver,white,0,1,45999.0,455.0,3.5,9,10034.6
mercedes-benz,cls-class cls 400 4matic,62285,gasoline,7-speed a/t,black,black,1,1,29950.0,329.0,3.0,10,5662.272727272727
lexus,rx 350 base,5040,gasoline,8-speed a/t,beige,beige,1,1,48900.0,295.0,3.5,5,840.0
ram,1500 laramie,12940,gasoline,8-speed automatic,bright white clearcoat,black,1,0,46999.0,395.0,5.7,4,2588.0
mitsubishi,outlander sport es,98385,gasoline,cvt transmission,silver,black,1,1,10500.0,166.0,2.4,11,8198.75
hyundai,sonata se,43903,gasoline,a/t,red,black,1,1,12500.0,200.0,2.4,13,3135.9285714285716
ford,mustang ecoboost premium,41650,gasoline,a/t,blue,black,0,1,23600.0,310.0,2.3,9,4165.0
bmw,x5 phev xdrive45e,31850,plug-in hybrid,transmission w/dual shift mode,white,black,0,1,60500.0,389.0,3.0,4,6370.0
hyundai,sonata hybrid limited,96419,hybrid,6-speed a/t,black,gray,1,1,14999.0,199.0,2.4,13,6887.071428571428
honda,odyssey ex-l,170000,gasoline,a/t,black,beige,0,1,7700.0,244.0,3.5,19,8500.0
chevrolet,colorado lt crew cab,139000,gasoline,a/t,black,black,0,1,14500.0,300.0,5.3,17,7722.222222222223
buick,enclave premium,134655,gasoline,6-speed automatic,ebony twilight metallic,ebony,0,1,18051.0,288.0,3.6,10,12241.363636363636
bmw,m235 i,81000,gasoline,6-speed m/t,white,red,0,1,27890.0,320.0,3.0,11,6750.0
mclaren,720s performance,9989,gasoline,7-speed a/t,black,black,0,1,99175.0,710.0,4.0,6,1427.0
kia,telluride sx,46347,gasoline,8-speed automatic,glacial white pearl,black,0,0,46120.0,291.0,3.8,4,9269.4
chevrolet,corvette base,4048,gasoline,6-speed m/t,yellow,gray,0,1,38000.0,400.0,6.0,19,202.4
mercedes-benz,s-class s 63 amg,79876,gasoline,7-speed a/t,black,white,0,1,45750.0,577.0,5.5,11,6656.333333333333
toyota,mirai limited,44000,missing,a/t,gray,black,0,1,18500.0,182.0,3.5,5,7333.333333333333
alfa romeo,romeo giulia ti,56910,gasoline,transmission w/dual shift mode,blue,black,0,0,23000.0,280.0,2.0,9,5691.0
land rover,range sport hse,65019,gasoline,a/t,black,beige,0,1,40500.0,340.0,3.0,7,8127.375
nissan,370z touring,133409,gasoline,6-speed m/t,silver,gray,1,1,14999.0,332.0,3.7,17,7411.611111111111
bmw,330 i xdrive,74381,gasoline,8-speed a/t,white,brown,1,1,22995.0,248.0,2.0,8,8264.555555555555
porsche,macan,2925,gasoline,7-speed automatic with auto-shift,carrara white metallic,black,0,1,73300.0,364.5,2.0,3,731.25
bmw,128 i,67874,gasoline,6-speed a/t,gray,black,0,1,18000.0,230.0,3.0,13,4848.142857142857
mercedes-benz,amg gle 63 s coupe 4matic,71500,gasoline,7-speed a/t,white,white,0,1,61000.0,577.0,5.5,8,7944.444444444444
jeep,wrangler sport,71000,gasoline,5-speed a/t,gray,black,0,1,22000.0,285.0,3.6,12,5461.538461538462
ford,f-150 raptor,64517,gasoline,10-speed a/t,black,black,0,1,47995.0,450.0,3.5,8,7168.555555555556
dodge,sprinter 2500 high roof,55000,diesel,a/t,white,gray,0,1,24000.0,154.0,2.7,22,2391.304347826087
bmw,m550 i xdrive,7580,gasoline,transmission w/dual shift mode,black,black,0,1,51500.0,456.0,4.4,7,947.5
hyundai,sonata gls,135000,gasoline,transmission w/dual shift mode,blue,gray,0,1,3999.0,168.0,2.4,16,7941.176470588235
honda,accord ex-l,62200,gasoline,a/t,white,black,1,1,21500.0,192.0,1.5,7,7775.0
cadillac,cts 3.6l premium,69001,gasoline,6-speed a/t,red,black,0,1,19500.0,321.0,3.6,12,5307.7692307692305
toyota,4runner venture special edition,28567,gasoline,automatic,–,black/graphite,0,0,44775.0,270.0,4.0,5,4761.166666666667
jaguar,xj8 l,78049,gasoline,6-speed a/t,white,beige,0,1,13980.0,300.0,4.2,20,3716.6190476190477
ford,f-150 lariat,36821,gasoline,automatic,agate black metallic,black,0,0,49273.0,370.0,3.5,5,6136.833333333333
chevrolet,suburban high country,23292,gasoline,10-speed a/t,brown,black,0,1,73500.0,420.0,6.2,5,3882.0
chevrolet,suburban 1500 ltz,162671,e85 flex fuel,a/t,black,black,0,1,12000.0,320.0,5.3,16,9568.882352941177
land rover,lr2 hse,100472,gasoline,6-speed a/t,gray,beige,0,1,9975.0,230.0,3.2,16,5910.117647058823
subaru,wrx limited,73120,gasoline,cvt transmission,white,black,1,1,19950.0,268.0,2.0,9,7312.0
ford,expedition timberline,23300,gasoline,10-speed a/t,green,green,0,1,67500.0,440.0,3.5,4,4660.0
honda,clarity plug-in hybrid base,71000,plug-in hybrid,a/t,red,beige,1,1,17500.0,212.0,1.5,8,7888.888888888889
ram,3500 laramie,16648,diesel,6-speed automatic,flame red clearcoat,black,0,0,70999.0,385.0,6.7,4,3329.6
chevrolet,silverado 2500 lt,240000,diesel,6-speed a/t,white,black,0,1,18500.0,335.0,6.6,15,15000.0
lexus,rx 450h base,119755,hybrid,transmission w/dual shift mode,silver,black,0,1,19500.0,295.0,3.5,13,8553.92857142857
mercedes-benz,m-class ml 350 4matic,88000,e85 flex fuel,a/t,silver,gray,0,1,19500.0,302.0,3.5,11,7333.333333333333
bmw,x5 xdrive40i,41000,hybrid,8-speed a/t,white,black,0,1,50000.0,335.0,3.0,5,6833.333333333333
chevrolet,camaro 2ss,7458,gasoline,6-speed m/t,red,black,0,1,47500.0,455.0,6.2,4,1491.6
jeep,gladiator sport s,23000,gasoline,a/t,green,black,0,1,43000.0,285.0,3.6,4,4600.0
land rover,discovery lse,149437,gasoline,a/t,green,beige,0,1,9995.0,182.0,4.0,28,5153.0
ford,f-250 xlt,244000,diesel,6-speed a/t,red,beige,0,1,35500.0,440.0,6.7,9,24400.0
ram,1500 rebel,46000,hybrid,8-speed a/t,white,–,0,1,37900.0,305.0,3.6,7,5750.0
audi,q5 s line premium plus,13133,hybrid,automatic,silver,black,0,0,42998.0,333.0,2.0,4,2626.6
ram,1500 slt,45000,gasoline,a/t,black,gray,0,1,29999.0,395.0,5.7,9,4500.0
mazda,cx-30 premium package,18385,gasoline,6-speed automatic,soul red crystal metallic,white / brown,0,1,29255.0,184.0,2.5,5,3064.1666666666665
bmw,840 gran coupe i xdrive,25793,gasoline,8-speed automatic,black sapphire metallic,black,0,0,52999.0,335.0,3.0,6,3684.714285714286
porsche,boxster s,44400,gasoline,6-speed m/t,silver,black,0,1,29800.0,280.0,3.2,21,2018.1818181818182
chevrolet,malibu limited lt,104000,gasoline,6-speed a/t,silver,gray,0,1,10500.0,355.0,2.5,10,9454.545454545454
cadillac,escalade premium luxury,600,gasoline,a/t,black,black,0,1,99175.0,420.0,6.2,3,150.0
mini,cooper s base,45000,gasoline,6-speed m/t,yellow,black,0,1,7900.0,172.0,1.6,19,2250.0
jeep,gladiator mojave,24500,gasoline,8-speed a/t,blue,black,0,1,64000.0,285.0,3.6,4,4900.0
buick,encore gx essence,35569,gasoline,automatic cvt,satin steel metallic,ebony,0,0,21999.0,281.5,1.3,6,5081.285714285715
toyota,highlander xle,35000,gasoline,a/t,silver,black,0,1,36999.0,295.0,3.5,6,5000.0
acura,mdx touring,165000,gasoline,a/t,silver,black,1,1,4000.0,260.0,3.5,23,6875.0
land rover,range sport se mhev,15000,hybrid,a/t,black,black,0,1,69000.0,355.0,3.0,5,2500.0
bmw,535 i xdrive,119750,gasoline,8-speed a/t,white,beige,0,1,15499.0,300.0,3.0,12,9211.538461538461
nissan,350z touring,90000,gasoline,m/t,white,green,1,1,12000.0,306.0,3.5,19,4500.0
ford,transit connect xlt,112000,gasoline,a/t,white,black,1,1,14500.0,169.0,2.5,11,9333.333333333334
mercedes-benz,sl-class sl550 roadster,150000,gasoline,7-speed a/t,black,beige,0,1,16800.0,382.0,5.5,18,7894.736842105263
porsche,911 turbo s,1912,gasoline,8-speed a/t,silver,black,0,1,99175.0,640.0,3.8,5,318.6666666666667
hyundai,sonata sport 2.0t,82900,gasoline,a/t,black,black,1,1,13995.0,245.0,2.0,11,6908.333333333333
audi,tt 1.8t,79500,gasoline,a/t,silver,black,0,1,12000.0,180.0,1.8,22,3456.521739130435
volvo,xc90 t6 inscription,60000,gasoline,8-speed a/t,white,black,0,1,37000.0,316.0,2.0,7,7500.0
ram,1500 big horn,41800,diesel,8-speed a/t,white,black,0,1,44900.0,260.0,3.0,5,6966.666666666667
chevrolet,tahoe lt,71536,gasoline,10-speed automatic,black,jet black,0,1,49685.0,337.5,5.3,5,11922.666666666666
ford,explorer xlt,127558,gasoline,6-speed automatic,green,charcoal black,0,1,13715.0,290.0,3.5,12,9812.153846153846
ford,mustang mach-e premium,13232,missing,1-speed a/t,gray,black,0,1,45000.0,346.0,3.5,3,3308.0
chevrolet,camaro 1ss,39000,gasoline,8-speed a/t,yellow,black,0,1,31500.0,455.0,6.2,9,3900.0
ford,bronco big bend advanced,11500,gasoline,10-speed a/t,gray,black,0,1,54490.0,315.0,2.7,3,2875.0
chrysler,pacifica launch edition,22200,gasoline,9-speed a/t,black,black,0,1,36800.0,287.0,3.6,6,3171.4285714285716
tesla,model y long range,7414,missing,a/t,black,white,0,1,56515.0,425.0,3.5,3,1853.5
lamborghini,huracan lp580-2,14586,gasoline,automatic,blue caelum,nero ade,0,0,99175.0,573.0,5.2,9,1458.6
ram,1500 rebel,32000,hybrid,8-speed a/t,white,black,0,1,50927.0,395.0,5.7,5,5333.333333333333
toyota,86 base,14700,gasoline,a/t,white,black,0,1,27350.0,200.0,2.0,6,2100.0
bmw,x5 xdrive50i,79995,gasoline,transmission w/dual shift mode,black,black,0,1,23995.0,445.0,4.4,10,7272.272727272727
gmc,yukon denali,76000,gasoline,a/t,black,black,0,1,44500.0,420.0,6.2,8,8444.444444444445
honda,accord ex-l,62000,gasoline,cvt transmission,gray,black,1,1,18987.0,185.0,2.4,12,4769.2307692307695
maserati,ghibli s q4,53500,gasoline,8-speed a/t,gray,black,0,1,28700.0,404.0,3.0,9,5350.0
hyundai,kona ev sel,9400,missing,1-speed a/t,red,black,0,1,31999.0,201.0,2.4,4,1880.0
bmw,435 i,86500,gasoline,a/t,silver,black,0,1,20900.0,300.0,3.0,12,6653.846153846154
mercedes-benz,gl-class gl 450,148000,gasoline,a/t,black,black,1,1,9900.0,335.0,4.7,15,9250.0
gmc,sierra 1500 sle,100080,e85 flex fuel,6-speed a/t,white,gray,0,1,22989.0,285.0,4.3,12,7698.461538461538
dodge,challenger srt demon,2620,gasoline,8-speed a/t,black,black,0,0,99175.0,808.0,6.2,8,291.1111111111111
bmw,x5 phev xdrive45e,3099,plug-in hybrid,8-speed a/t,black,black,0,1,74995.0,389.0,3.0,3,774.75
dodge,durango r/t,78000,gasoline,8-speed a/t,black,red,1,1,29500.0,360.0,5.7,6,11142.857142857143
ferrari,488 spider base,9005,gasoline,7-speed automatic with auto-shift,white,–,0,0,99175.0,660.0,3.9,7,1125.625
ford,bronco sport big bend,16700,gasoline,8-speed a/t,blue,black,0,1,31000.0,181.0,1.5,4,3340.0
honda,civic lx,51300,gasoline,5-speed m/t,black,black,0,1,17500.0,143.0,1.8,11,4275.0
ford,shelby gt350 base,8237,gasoline,6-speed m/t,gray,black,0,1,62900.0,526.0,5.2,8,915.2222222222222
volkswagen,jetta s,99000,gasoline,a/t,gray,black,1,1,6000.0,170.0,2.5,16,5823.529411764706
mazda,cx-5 grand touring,62377,gasoline,6-speed automatic,jet black mica,black,0,1,26288.0,184.0,2.5,5,10396.166666666666
jeep,wrangler rubicon,130000,gasoline,6-speed m/t,black,gray,0,1,15500.0,202.0,3.8,17,7222.222222222223
ford,f-250 xlt,94300,e85 flex fuel,6-speed a/t,silver,gray,1,1,28999.0,385.0,6.2,10,8572.727272727272
tesla,model y performance,24115,missing,a/t,gray,white,0,1,46500.0,455.0,3.5,4,4823.0
bmw,528 i,82000,gasoline,8-speed a/t,silver,black,1,1,16995.0,240.0,2.0,10,7454.545454545455
kia,rio s,67686,gasoline,a/t,silver,black,0,1,15700.0,120.0,1.6,5,11281.0
tesla,model s 85,96800,missing,a/t,blue,black,0,1,28450.0,362.0,3.5,12,7446.153846153846
jeep,wrangler sport,131000,gasoline,5-speed m/t,green,gray,1,1,5500.0,181.0,4.0,29,4366.666666666667
tesla,model 3 standard range,23097,missing,a/t,black,black,0,1,29900.0,271.0,3.5,6,3299.5714285714284
ferrari,gtc4lusso t,31000,gasoline,a/t,white,red,0,1,99175.0,602.0,3.9,8,3444.4444444444443
bmw,x5 m50i,28898,gasoline,a/t,black,orange,0,1,71000.0,523.0,4.4,5,4816.333333333333
mazda,mx-5 miata rf club,7250,gasoline,6-speed m/t,gray,black,0,1,35619.0,181.0,2.0,4,1450.0
ford,f-250 xlt,59459,diesel,6-speed a/t,black,silver,1,1,40999.0,400.0,6.7,12,4573.7692307692305
jeep,wrangler sahara,78000,gasoline,5-speed a/t,beige,black,1,1,22000.0,285.0,3.6,14,5200.0
ram,1500 laramie,24213,gasoline,8-speed a/t,white,black,0,1,46500.0,395.0,5.7,5,4035.5
ram,1500 laramie,21165,gasoline,8-speed automatic,bright white clearcoat,black,0,0,46105.0,395.0,5.7,6,3023.5714285714284
gmc,yukon denali,107750,gasoline,8-speed a/t,black,black,0,1,35500.0,420.0,6.2,10,9795.454545454546
ford,f-150 lariat,117000,gasoline,a/t,white,black,0,1,26500.0,365.0,3.5,10,10636.363636363636
chevrolet,corvette base,39132,gasoline,transmission w/dual shift mode,red,beige,0,1,35000.0,400.0,6.0,20,1863.4285714285713
bmw,z4 2.5i,94500,gasoline,5-speed m/t,gray,black,0,1,9000.0,184.0,2.5,22,4108.695652173913
subaru,crosstrek 2.0i premium,50011,gasoline,a/t,red,beige,1,1,21495.0,148.0,2.0,9,5001.1
lexus,gx 470 base,215000,gasoline,5-speed a/t,white,beige,1,1,7350.0,235.0,4.7,22,9347.826086956522
ram,1500 laramie,16616,gasoline,8-speed automatic,diamond black,black,0,0,45999.0,395.0,5.7,4,3323.2
ford,f-150 xlt,33818,gasoline,automatic,agate black metallic,black,0,1,46552.0,375.0,5.0,4,6763.6
jeep,wagoneer series iii,9099,gasoline,8-speed automatic,velvet red pearlcoat,global black,0,1,68362.0,285.0,5.7,4,1819.8
volkswagen,gti base,95798,gasoline,6-speed m/t,white,black,0,1,9850.0,200.0,2.0,18,5042.0
mercedes-benz,amg gle amg gle 63 s-model 4matic,35943,gasoline,7-speed a/t,black,white,0,1,51700.0,577.0,5.5,10,3267.5454545454545
mazda,mazda6 isport ve,106000,gasoline,5-speed a/t,black,beige,0,1,4300.0,156.0,2.3,18,5578.9473684210525
kia,telluride ex x-line,10400,gasoline,8-speed a/t,green,green,0,1,48000.0,291.0,3.8,3,2600.0
chevrolet,tahoe lt,2894,gasoline,10-speed a/t,blue,beige,0,1,63900.0,355.0,5.3,4,578.8
dodge,durango gt,15592,gasoline,8-speed automatic,db black clearcoat,black,0,1,39985.0,295.0,3.6,4,3118.4
mercedes-benz,amg c 63 base,33548,gasoline,9-speed a/t,silver,black,0,1,57999.0,469.0,4.0,6,4792.571428571428
bmw,320 i xdrive,185000,gasoline,8-speed a/t,black,beige,1,1,7500.0,180.0,2.0,10,16818.18181818182
porsche,macan gts,6483,gasoline,7-speed automatic with auto-shift,chalk,black,0,0,96900.0,364.5,2.9,3,1620.75
honda,pilot ex-l,28886,gasoline,6-speed automatic,gray,gray,0,0,35645.0,280.0,3.5,6,4126.571428571428
mercedes-benz,gle 350 base,26293,gasoline,automatic,designo diamond white bright,macchiato/magmagrey,0,0,49998.0,362.0,2.0,6,3756.1428571428573
chevrolet,camaro 2ss,62000,gasoline,transmission w/dual shift mode,blue,black,0,1,34500.0,455.0,6.2,9,6200.0
jaguar,xf 35t prestige,101453,gasoline,a/t,white,beige,1,1,18500.0,340.0,3.0,9,10145.3
ram,3500 laramie,106385,diesel,6-speed a/t,white,black,1,1,42900.0,385.0,6.7,13,7598.928571428572
bmw,335 is,86629,gasoline,7-speed a/t,white,red,0,1,20995.0,320.0,3.0,14,5775.266666666666
audi,s6 4.0t premium plus,61258,gasoline,7-speed a/t,white,black,0,1,49999.0,450.0,4.0,8,6806.444444444444
chrysler,300 s,121500,gasoline,5-speed a/t,blue,black,0,1,15999.0,363.0,5.7,12,9346.153846153846
gmc,sierra 1500 at4,100,diesel,10-speed a/t,white,black,0,1,62499.0,277.0,3.0,4,20.0
chrysler,200 c,170000,e85 flex fuel,9-speed a/t,silver,black,1,1,5995.0,295.0,3.6,11,14166.666666666666
ford,f-150 xlt supercab,232000,gasoline,a/t,blue,gray,0,1,3000.0,292.0,4.6,16,13647.058823529413
mini,cooper s base,95000,gasoline,6-speed m/t,gray,–,0,1,12500.0,168.0,1.6,20,4523.809523809524
toyota,venza xle,103466,gasoline,a/t,white,gray,1,1,14200.0,268.0,3.5,13,7390.428571428572
toyota,camry hybrid base,133121,hybrid,a/t,white,white,1,1,7900.0,147.0,2.4,15,8320.0625
chevrolet,tahoe lt,162731,e85 flex fuel,a/t,brown,gray,0,1,14500.0,320.0,5.3,14,10848.733333333334
mercedes-benz,cls-class cls 63 amg s-model 4matic,64500,gasoline,7-speed a/t,silver,black,0,0,37500.0,577.0,5.5,12,4961.538461538462
ford,shelby gt500 base,568,gasoline,7-speed a/t,orange,black,0,1,90788.0,760.0,5.2,5,94.66666666666667
lexus,rx 300 4wd,249083,gasoline,a/t,red,beige,1,1,3500.0,220.0,3.0,27,8895.82142857143
porsche,macan s,80300,gasoline,7-speed a/t,gray,beige,0,1,23999.0,340.0,3.0,11,6691.666666666667
ford,f-150 xlt supercab,187000,gasoline,a/t,beige,beige,0,1,6299.0,300.0,5.4,22,8130.434782608696
subaru,outback 2.5 i special edition,181870,gasoline,a/t,black,black,0,1,6500.0,169.0,2.5,17,10103.888888888889
gmc,sierra 2500 at4,22600,diesel,automatic,ebony twilight metallic,jet black,0,0,76740.0,445.0,6.6,4,4520.0
bmw,x5 xdrive40i,37000,gasoline,8-speed a/t,black,black,1,1,50000.0,335.0,3.0,6,5285.714285714285
porsche,taycan base,9728,missing,a/t,white,beige,0,1,89000.0,375.0,3.45,4,1945.6
lexus,gx 470 base,152000,gasoline,a/t,blue,gray,1,1,13995.0,263.0,4.7,20,7238.0952380952385
ford,f-150 heritage xl supercab flareside,60260,gasoline,4-speed a/t,blue,gray,1,1,30500.0,380.0,5.4,22,2620.0
mazda,mazdaspeed miata mx-5 base,33362,gasoline,6-speed m/t,silver,black,1,1,17599.0,178.0,1.8,22,1450.5217391304348
gmc,acadia denali,47907,gasoline,9-speed automatic,ebony twilight metallic,jet black,0,1,38436.0,288.0,3.6,5,7984.5
mercedes-benz,metris base,17340,gasoline,a/t,white,black,0,1,29000.0,208.0,2.0,10,1576.3636363636363
cadillac,deville base,85000,missing,a/t,white,blue,0,1,7900.0,401.5,4.2,32,2575.757575757576
ford,expedition el xlt,195500,e85 flex fuel,6-speed a/t,white,beige,0,1,8999.0,310.0,5.4,15,12218.75
chevrolet,monte carlo ss,74000,gasoline,4-speed a/t,red,–,0,1,4700.0,200.0,3.8,26,2740.740740740741
ram,1500 big horn,140500,gasoline,8-speed a/t,red,gray,1,1,14000.0,395.0,5.7,11,11708.333333333334
jeep,commander base,212500,gasoline,a/t,black,gray,0,1,6500.0,210.0,3.7,20,10119.047619047618
lexus,is-f base,77400,gasoline,8-speed a/t,white,red,1,1,34500.0,416.0,5.0,16,4552.941176470588
ford,utility police interceptor base,118000,gasoline,6-speed a/t,black,black,0,1,15000.0,365.0,3.5,9,11800.0
porsche,carrera gt base,4400,gasoline,6-speed m/t,gray,black,0,1,99175.0,605.0,5.7,21,200.0
cadillac,escalade esv luxury,146200,gasoline,8-speed a/t,white,beige,0,1,24500.0,420.0,6.2,10,13290.90909090909
tesla,model y performance,39000,missing,1-speed a/t,silver,black,0,1,43000.0,455.0,3.5,6,5571.428571428572
chevrolet,avalanche 1500 ls,130000,e85 flex fuel,a/t,red,gray,0,1,7200.0,295.0,5.3,21,5909.090909090909
ford,f-150 lariat,33080,gasoline,10-speed a/t,white,black,0,1,47850.0,325.0,2.7,5,5513.333333333333
mercedes-benz,glb 250 base 4matic,1219,gasoline,automatic,midnight black,classic red,0,0,46479.0,362.0,2.0,3,304.75
jeep,wrangler sport,41000,gasoline,5-speed a/t,white,black,0,1,25000.0,285.0,3.6,10,3727.2727272727275
nissan,350z touring,110897,gasoline,6-speed m/t,black,orange,1,1,11500.0,287.0,3.5,22,4821.608695652174
chevrolet,corvette z06,49000,gasoline,7-speed m/t,orange,–,0,1,75000.0,650.0,6.2,10,4454.545454545455
pontiac,solstice gxp,47000,gasoline,5-speed m/t,black,black,0,1,13300.0,260.0,2.0,19,2350.0
hyundai,sonata se,57690,gasoline,a/t,gray,gray,1,1,15900.0,185.0,2.4,8,6410.0
mercedes-benz,sls amg base,17941,gasoline,7-speed automatic with auto-shift,iridium silver metallic,red,0,1,99175.0,362.0,6.2,14,1196.0666666666666
lincoln,navigator reserve,54000,gasoline,10-speed a/t,brown,orange,1,1,46500.0,450.0,3.5,8,6000.0
nissan,maxima sl,101600,gasoline,a/t,silver,black,0,1,6700.0,255.0,3.5,19,5080.0
ford,ranger xlt,89000,gasoline,10-speed a/t,black,black,0,1,34000.0,270.0,2.3,5,14833.333333333334
tesla,model 3 long range,18000,missing,a/t,black,black,0,1,42500.0,271.0,3.5,5,3000.0
jaguar,xe 35t premium,55000,gasoline,a/t,gray,black,0,1,25000.0,340.0,3.0,9,5500.0
lincoln,mkz reserve,71964,gasoline,6-speed a/t,blue,black,0,1,18750.0,240.0,2.0,9,7196.4
cadillac,escalade esv platinum,92000,gasoline,a/t,black,black,0,1,50000.0,420.0,6.2,6,13142.857142857143
ford,fusion se,160000,e85 flex fuel,a/t,gray,black,0,1,4500.0,240.0,3.0,14,10666.666666666666
mercedes-benz,e-class e 350,95816,gasoline,7-speed a/t,white,beige,0,1,12000.0,302.0,3.5,14,6387.733333333334
jeep,wrangler unlimited sport,132600,gasoline,5-speed a/t,white,–,1,1,17000.0,285.0,3.6,12,10200.0
cadillac,deville base,47000,missing,a/t,white,blue,0,1,5990.0,401.5,4.2,32,1424.2424242424242
jeep,wrangler sport,149460,gasoline,4-speed a/t,black,black,0,1,10700.0,202.0,3.8,16,8791.764705882353
jeep,wrangler sport,109646,gasoline,4-speed automatic,mango tango pearlcoat,black,0,0,16998.0,243.5,3.8,15,6852.875
acura,mdx 3.5l w/technology package,90605,gasoline,automatic,white,parchment,0,0,27698.0,279.5,3.5,7,11325.625
volkswagen,jetta 1.4t s,59000,gasoline,a/t,gray,black,0,1,17000.0,147.0,1.4,7,7375.0
chevrolet,camaro z28,48000,gasoline,a/t,white,black,0,1,21999.0,310.0,5.7,24,1920.0
chevrolet,corvette z06,41500,gasoline,7-speed m/t,white,black,0,1,66000.0,650.0,6.2,10,3772.7272727272725
porsche,cayman r,54000,gasoline,7-speed a/t,black,gray,0,1,75000.0,330.0,3.4,14,3600.0
porsche,cayenne base,70455,gasoline,8-speed a/t,white,black,0,1,45855.0,300.0,3.6,8,7828.333333333333
subaru,crosstrek 2.0i limited,84054,gasoline,cvt transmission,gray,black,0,1,21499.0,152.0,2.0,8,9339.333333333334
bmw,750 li,114528,gasoline,a/t,black,black,0,1,9000.0,360.0,4.8,19,5726.4
jeep,wrangler sahara,111850,gasoline,a/t,red,black,1,1,26500.0,285.0,3.6,13,7989.285714285715
gmc,sierra 2500 at4,52673,diesel,6-speed a/t,black,beige,0,1,69500.0,445.0,6.6,6,7524.714285714285
bmw,x3 m awd,31500,gasoline,8-speed a/t,black,black,0,1,54500.0,473.0,3.0,5,5250.0
bmw,335 i,73000,gasoline,transmission w/dual shift mode,red,beige,0,1,16000.0,300.0,3.0,15,4562.5
jeep,wrangler unlimited sahara,59692,gasoline,8-speed a/t,gray,black,0,1,35900.0,285.0,3.6,7,7461.5
toyota,corolla s plus,68364,gasoline,transmission w/dual shift mode,white,black,0,1,16000.0,132.0,1.8,10,6214.909090909091
land rover,discovery hse luxury,47200,gasoline,8-speed a/t,black,beige,1,1,29000.0,340.0,3.0,9,4720.0
mercedes-benz,e-class e 450 4matic,18000,hybrid,9-speed a/t,gray,black,1,1,62000.0,362.0,3.0,5,3000.0
ford,fusion hybrid base,158366,hybrid,a/t,gray,black,1,1,8250.0,191.0,2.5,14,10557.733333333334
bmw,x1 xdrive 28i,49700,gasoline,8-speed a/t,blue,black,0,1,26000.0,228.0,2.0,9,4970.0
gmc,terrain sle,81500,gasoline,a/t,brown,gray,0,1,12250.0,182.0,2.4,16,4794.117647058823
bmw,i3 120ah w/range extender,16975,missing,a/t,black,black,0,1,26990.0,170.0,0.65,7,2121.875
porsche,911 gt3,5989,gasoline,"manual, 6-spd",gt silver,black,0,0,99175.0,475.0,4.0,8,665.4444444444445
ford,mustang svt cobra,16100,gasoline,m/t,red,beige,0,1,35500.0,390.0,4.6,23,670.8333333333334
land rover,range supercharged lwb,54225,gasoline,a/t,white,white,0,1,67500.0,518.0,5.0,6,7746.428571428572
ram,2500 big horn,89500,gasoline,a/t,black,gray,0,1,35000.0,410.0,6.4,10,8136.363636363636
ford,e250 cargo,87501,e85 flex fuel,4-speed a/t,white,gray,1,1,17777.0,225.0,4.6,13,6250.071428571428
mini,countryman cooper s all4,12370,gasoline,8-speed a/t,blue,black,0,1,28900.0,189.0,2.0,8,1374.4444444444443
ram,1500 classic tradesman,12466,gasoline,8-speed a/t,gray,gray,0,1,28995.0,395.0,5.7,7,1558.25
volvo,c70 t5,199000,gasoline,transmission w/dual shift mode,red,beige,1,1,5500.0,227.0,2.5,15,12437.5
mercedes-benz,sl-class sl600 roadster,78200,gasoline,5-speed a/t,black,brown,1,1,22999.0,510.0,5.5,19,3910.0
toyota,camry hybrid xle,22000,hybrid,a/t,white,beige,0,1,29500.0,208.0,2.5,8,2444.4444444444443
gmc,acadia sle-2,100795,gasoline,6-speed automatic,white frost tri-coat,ebony,1,1,12995.0,281.0,3.6,10,9163.181818181818
chevrolet,impala 1lt,99941,gasoline,6-speed automatic,silver ice metallic,jet black,0,1,17816.0,305.0,3.6,7,12492.625
jeep,grand cherokee l laredo,23588,gasoline,8-speed automatic,metallic,global black,0,0,38633.0,285.0,3.6,5,3931.3333333333335
jeep,liberty sport,103000,gasoline,a/t,black,gray,0,1,5200.0,210.0,3.7,23,4291.666666666667
jaguar,xf luxury,91491,gasoline,6-speed a/t,blue,beige,0,1,7000.0,300.0,4.2,17,5082.833333333333
honda,civic sport,23131,gasoline,automatic cvt,crystal black pearl,black,1,0,23739.0,158.0,2.0,6,3304.4285714285716
subaru,outback 2.5i premium,77000,gasoline,cvt transmission,gray,gray,1,1,18749.0,175.0,2.5,7,9625.0
land rover,range sport hse dynamic,20500,gasoline,a/t,white,white,0,1,76000.0,380.0,3.0,7,2562.5
tesla,model y long range,500,missing,a/t,white,black,0,1,45900.0,425.0,3.5,4,100.0
lexus,es 350 base,49810,gasoline,8-speed a/t,gray,black,1,1,33900.0,302.0,3.5,7,6226.25
honda,cr-v touring,20229,gasoline,automatic cvt,black,black,0,0,36727.0,200.5,1.5,4,4045.8
alfa romeo,romeo giulia quadrifoglio,10558,gasoline,8-speed a/t,white,black,0,1,75000.0,505.0,2.9,5,1759.6666666666667
bmw,330 i,59300,gasoline,m/t,red,black,0,1,30900.0,225.0,3.0,21,2695.4545454545455
maybach,type 57 base,34254,gasoline,5-speed a/t,brown,–,0,1,64250.0,543.0,5.5,22,1489.304347826087
lexus,es 250 base,24364,gasoline,automatic,eminent white pearl,chateau,0,0,37998.0,301.0,2.5,5,4060.6666666666665
mercedes-benz,sprinter 2500,139200,diesel,a/t,white,black,1,1,22000.0,161.0,2.1,10,12654.545454545454
mercedes-benz,e-class e 350,82046,gasoline,7-speed a/t,black,beige,0,1,13999.0,302.0,3.5,14,5469.733333333334
dodge,dakota sport,285000,gasoline,4-speed a/t,white,gray,0,1,6399.0,230.0,5.2,29,9500.0
ram,1500 tradesman/express,26269,e85 flex fuel,8-speed automatic,bright white clearcoat,black,1,0,25307.0,395.0,3.6,9,2626.9
mazda,cx-9 touring,127131,gasoline,a/t,brown,–,1,1,16770.0,227.0,2.5,10,11557.363636363636
porsche,911 turbo s,31000,gasoline,transmission w/dual shift mode,white,black,0,1,99175.0,580.0,3.8,7,3875.0
bmw,x3 xdrive30i,27000,gasoline,8-speed a/t,black,brown,0,1,38400.0,248.0,2.0,5,4500.0
jeep,grand cherokee limited,93400,e85 flex fuel,a/t,white,black,0,1,18900.0,290.0,3.6,11,7783.333333333333
bmw,x7 xdrive40i,9200,hybrid,8-speed a/t,white,brown,1,1,71200.0,335.0,3.0,5,1533.3333333333333
mercedes-benz,sl-class sl 550,76850,gasoline,7-speed a/t,brown,beige,1,1,32999.0,429.0,4.7,12,5911.538461538462
bentley,continental gt w12,61160,gasoline,a/t,black,black,1,1,98000.0,582.0,6.0,10,5560.0
jeep,wrangler unlimited,146000,gasoline,a/t,red,black,1,1,15900.0,190.0,4.0,21,6636.363636363636
tesla,model s 100d,38957,missing,1-speed a/t,silver,beige,0,1,46750.0,518.0,3.5,9,3895.7
volkswagen,golf sportwagen tsi se,33850,gasoline,6-speed a/t,blue,beige,0,1,16500.0,170.0,1.8,9,3385.0
jeep,wrangler unlimited sahara,61830,gasoline,8-speed automatic,granite crystal clearcoat metallic,black,1,0,39860.0,285.0,2.0,6,8832.857142857143
kia,sorento sxl,108559,gasoline,6-speed automatic,titanium silver,satin black,0,0,15998.0,290.0,3.3,9,10855.9
lexus,ls 430 base,192000,gasoline,6-speed a/t,silver,gray,1,1,7390.0,278.0,4.3,20,9142.857142857143
mercedes-benz,e-class e 350 4matic,83112,gasoline,7-speed a/t,black,black,0,1,15500.0,302.0,3.5,12,6393.2307692307695
tesla,model x 75d,52000,missing,a/t,black,beige,0,1,52000.0,518.0,3.5,10,4727.272727272727
ram,1500 rebel,57300,gasoline,8-speed a/t,black,black,0,1,43500.0,395.0,5.7,6,8185.714285714285
mini,cooper base,104500,gasoline,6-speed a/t,red,black,1,1,4100.0,118.0,1.6,18,5500.0
jeep,cherokee sport,170552,gasoline,4-speed a/t,black,gray,1,1,6500.0,190.0,4.0,30,5501.677419354839
ford,mustang gt premium,18000,gasoline,6-speed a/t,silver,black,0,1,29000.0,412.0,5.0,13,1285.7142857142858
lincoln,navigator reserve,39000,gasoline,10-speed a/t,black,black,0,1,51999.0,450.0,3.5,7,4875.0
jeep,gladiator rubicon,38000,gasoline,8-speed a/t,black,black,0,1,45000.0,285.0,3.6,6,5428.571428571428
porsche,cayman gt4,15168,gasoline,6-speed m/t,white,black,0,1,99175.0,385.0,3.8,10,1378.909090909091
honda,civic ex,167506,gasoline,a/t,black,–,0,1,6500.0,140.0,1.8,14,11167.066666666668
jeep,grand cherokee laredo,166000,e85 flex fuel,a/t,white,gray,1,1,13000.0,290.0,3.6,14,11066.666666666666
ford,shelby gt500 base,19200,gasoline,transmission w/dual shift mode,black,black,0,1,82950.0,760.0,5.2,5,3200.0
land rover,defender se,46000,hybrid,8-speed a/t,green,beige,0,1,75000.0,395.0,3.0,4,9200.0
hummer,h3 base,201000,gasoline,a/t,white,black,1,1,7200.0,242.0,3.7,19,10050.0
kia,sportage lx,87000,gasoline,a/t,black,black,1,1,8900.0,182.0,2.4,12,6692.307692307692
gmc,yukon xl 1500 slt,145000,gasoline,6-speed a/t,white,beige,0,1,24950.0,355.0,5.3,11,12083.333333333334
jeep,wrangler unlimited sport,33060,gasoline,8-speed a/t,white,black,0,1,36500.0,285.0,3.6,6,4722.857142857143
ford,bronco xlt,195000,missing,a/t,blue,gray,0,1,15000.0,325.0,3.5,31,6093.75
tesla,model s long range plus,10550,missing,a/t,gray,black,0,1,67800.0,557.0,3.5,5,1758.3333333333333
audi,a6 3.0t prestige,89500,gasoline,transmission w/dual shift mode,gray,black,0,1,18000.0,310.0,3.0,12,6884.615384615385
jeep,wrangler 80th anniversary,27000,hybrid,8-speed a/t,red,black,0,1,37500.0,285.0,3.6,5,4500.0
jeep,wrangler sport,87250,gasoline,6-speed m/t,blue,black,0,1,18500.0,202.0,3.8,16,5132.35294117647
volkswagen,cc 2.0t sport,76495,gasoline,a/t,white,black,1,1,13000.0,200.0,2.0,10,6954.090909090909
cadillac,srx luxury collection,70503,gasoline,6-speed a/t,silver,beige,0,1,15500.0,308.0,3.6,10,6409.363636363636
porsche,cayenne turbo,41965,gasoline,transmission w/dual shift mode,black,beige,1,1,35000.0,500.0,4.8,17,2331.3888888888887
toyota,4runner 4wd,267000,gasoline,5-speed m/t,silver,beige,1,1,8000.0,150.0,2.7,27,9535.714285714286
mitsubishi,eclipse gt,146000,gasoline,4-speed a/t,gray,black,1,1,4200.0,200.0,3.0,23,6083.333333333333
chevrolet,corvette stingray w/1lt,9000,gasoline,8-speed a/t,white,white,0,1,82500.0,490.0,6.2,3,2250.0
toyota,gr86 premium,1050,gasoline,6-speed a/t,gray,black,0,1,40000.0,228.0,2.4,4,210.0
land rover,range p525 westminster,22270,gasoline,8-speed automatic,gray,ebony,0,0,89900.0,380.0,5.0,5,3711.6666666666665
ford,mustang gt premium,19900,gasoline,6-speed a/t,white,black,0,1,26500.0,412.0,5.0,14,1326.6666666666667
tesla,model y long range,19800,missing,1-speed a/t,white,white,0,1,44990.0,425.0,3.5,6,2828.5714285714284
ram,1500 sport,113500,gasoline,a/t,black,black,0,1,17900.0,390.0,5.7,14,7566.666666666667
lamborghini,gallardo lp550-2,22000,gasoline,6-speed a/t,black,black,0,1,99175.0,550.0,5.2,13,1571.4285714285713
infiniti,q60 3.0t red sport 400,3300,gasoline,transmission w/dual shift mode,red,black,0,1,54000.0,400.0,3.0,4,660.0
volkswagen,e-golf se,41615,missing,1-speed a/t,blue,gray,0,1,12000.0,115.0,2.0,10,3783.181818181818
tesla,model x long range,11860,missing,a/t,white,white,0,1,92500.0,670.0,3.5,4,2372.0
bmw,m5 base,27000,gasoline,7-speed a/t,black,black,0,1,52500.0,560.0,4.4,11,2250.0
kia,k5 gt-line,22101,gasoline,8-speed automatic,glacial white pearl,black,1,1,29430.0,201.0,1.6,4,4420.2
chevrolet,caprice classic base,60000,gasoline,a/t,purple,gray,0,0,18500.0,260.0,5.7,30,1935.483870967742
subaru,brz limited,46452,gasoline,6-speed m/t,gray,black,0,1,22888.0,200.0,2.0,13,3318.0
lincoln,mkz reserve i,36000,gasoline,6-speed a/t,white,beige,0,1,26500.0,245.0,2.0,7,4500.0
chevrolet,corvette grand sport,13100,gasoline,7-speed m/t,silver,red,0,1,61950.0,460.0,6.2,7,1637.5
audi,q5 2.0t premium plus,50000,gasoline,7-speed a/t,white,beige,1,1,27000.0,248.0,2.0,7,6250.0
mazda,cx-9 signature,19500,gasoline,transmission w/dual shift mode,white,brown,0,1,32250.0,227.0,2.5,8,2166.6666666666665
ford,mustang gt,36000,gasoline,6-speed m/t,orange,black,1,1,31000.0,435.0,5.0,10,3272.7272727272725
rolls-royce,wraith base,21000,gasoline,a/t,brown,black,0,0,99175.0,624.0,6.6,10,1909.090909090909
chevrolet,camaro 1ss,6640,gasoline,a/t,orange,black,0,1,51999.0,455.0,6.2,4,1328.0
bmw,x5 xdrive35i,74850,gasoline,a/t,white,brown,1,1,21900.0,300.0,3.0,10,6804.545454545455
nissan,maxima sv,117000,gasoline,transmission w/dual shift mode,white,black,1,1,10900.0,290.0,3.5,12,9000.0
toyota,tundra trd pro,51400,e85 flex fuel,6-speed a/t,black,black,0,0,39900.0,381.0,5.7,10,4672.727272727273
infiniti,qx60 autograph,6000,gasoline,9-speed a/t,gold,brown,0,1,57999.0,295.0,3.5,4,1200.0
mitsubishi,lancer evolution mr,128000,gasoline,6-speed m/t,silver,black,0,1,37999.0,286.0,2.0,20,6095.238095238095
bmw,x3 xdrive30i,15000,gasoline,transmission w/dual shift mode,white,brown,0,1,39995.0,248.0,2.0,5,2500.0
toyota,tundra sr5,119000,gasoline,6-speed a/t,red,black,0,1,29950.0,381.0,5.7,10,10818.181818181818
lincoln,mark lt base,87500,gasoline,a/t,silver,black,1,1,12999.0,300.0,5.4,20,4166.666666666667
ford,flex sel,149000,gasoline,6-speed a/t,black,beige,0,1,7999.0,262.0,3.5,15,9312.5
audi,q5 2.0t premium plus,54700,e85 flex fuel,8-speed a/t,gray,brown,1,1,20995.0,220.0,2.0,11,4558.333333333333
ford,f-150 xl,45979,gasoline,10-speed automatic,agate black metallic,black,0,1,38532.0,385.0,3.5,5,7663.166666666667
lincoln,continental reserve,56846,gasoline,transmission w/dual shift mode,white,beige,0,1,29000.0,335.0,2.7,9,5684.6
tesla,model x 75d,94100,missing,a/t,black,orange,1,1,49900.0,518.0,3.5,9,9410.0
jeep,grand cherokee limited,80150,gasoline,8-speed a/t,blue,black,1,1,22500.0,293.0,3.6,9,8015.0
gmc,terrain slt-1,11563,gasoline,a/t,blue,black,1,1,12300.0,182.0,2.4,13,825.9285714285714
tesla,model x long range,7500,missing,a/t,silver,black,0,1,84000.0,670.0,3.5,4,1500.0
mercedes-benz,amg e 53 base 4matic,15615,hybrid,9-speed a/t,gray,black,0,1,78000.0,429.0,3.0,5,2602.5
subaru,impreza wrx base,113000,gasoline,5-speed m/t,blue,black,1,1,16000.0,265.0,2.5,13,8071.428571428572
kia,optima s,74000,gasoline,6-speed a/t,white,black,0,1,15000.0,185.0,2.4,8,8222.222222222223
mercedes-benz,m-class ml 350,99200,gasoline,a/t,black,black,0,1,11900.0,268.0,3.5,15,6200.0
volkswagen,beetle 2.0t s,36824,gasoline,6-speed a/t,red,red,0,1,23999.0,174.0,2.0,8,4091.5555555555557
acura,rsx base,186040,gasoline,a/t,gray,beige,1,1,6700.0,160.0,2.0,21,8456.363636363636
gmc,acadia sle,58000,gasoline,9-speed a/t,black,black,0,1,27700.0,310.0,3.6,6,8285.714285714286
ford,f-150 lariat,31250,gasoline,a/t,blue,gray,0,1,42500.0,325.0,2.7,6,4464.285714285715
jeep,gladiator overland,43000,gasoline,a/t,white,beige,0,1,46500.0,285.0,3.6,6,6142.857142857143
toyota,tacoma trd sport,41199,gasoline,6 speed mt,black,black/gun metal,0,0,41598.0,270.0,3.5,6,5885.571428571428
kia,ev6 gt-line,22000,missing,1-speed a/t,gray,black,0,1,45000.0,320.0,2.4,4,4400.0
genesis,gv70 3.5t sport,12900,gasoline,8-speed a/t,gray,white,0,1,53000.0,375.0,3.5,4,2580.0
ford,explorer st,10500,gasoline,transmission w/dual shift mode,black,black,0,0,50000.0,400.0,3.0,4,2100.0
mini,countryman cooper,74725,gasoline,7-speed automatic with auto-shift,black,black,0,1,21612.0,181.0,1.5,6,10675.0
mazda,cx-5 grand touring,61117,gasoline,6-speed automatic,sonic silver metallic,black,0,1,26485.0,184.0,2.5,5,10186.166666666666
bmw,325 i,142000,gasoline,5-speed m/t,silver,black,1,1,4800.0,184.0,2.5,23,5916.666666666667
ford,mustang ecoboost premium,31000,missing,6-speed m/t,gray,black,0,1,34700.0,310.0,2.3,7,3875.0
toyota,yaris l,129355,gasoline,4-speed a/t,black,gray,1,1,7950.0,106.0,1.5,14,8623.666666666666
chevrolet,express 1500 base,204000,e85 flex fuel,4-speed a/t,white,gray,1,1,4900.0,310.0,5.3,16,12000.0
lincoln,navigator l select,115600,gasoline,6-speed a/t,black,black,0,1,22500.0,380.0,3.5,10,10509.09090909091
jeep,wrangler sahara altitude,1563,hybrid,a/t,gray,black,0,1,62500.0,285.0,3.6,3,390.75
bentley,continental gt base,72166,gasoline,a/t,black,black,1,1,35995.0,552.0,6.0,19,3608.3
lexus,rx 350 f sport,26100,gasoline,8-speed a/t,gray,red,0,1,37899.0,295.0,3.5,8,2900.0
bmw,430 i,58880,gasoline,8-speed a/t,white,brown,0,1,21000.0,248.0,2.0,9,5888.0
cadillac,escalade sport platinum,26000,gasoline,10-speed a/t,black,black,0,1,99175.0,420.0,6.2,5,4333.333333333333
honda,civic ex,190640,gasoline,5-speed m/t,silver,silver,1,1,5500.0,140.0,1.8,18,10033.684210526315
porsche,cayenne awd,37500,gasoline,8-speed a/t,white,black,0,1,59900.0,335.0,3.0,6,5357.142857142857
ford,mustang mach-e gt,13856,missing,1-speed a/t,white,black,0,1,54000.0,480.0,3.5,4,2771.2
cadillac,ats 2.5l luxury,225000,gasoline,6-speed a/t,blue,black,0,1,13600.0,202.0,2.5,13,16071.42857142857
lexus,ls 460 base,123256,gasoline,8-speed a/t,white,beige,0,1,24995.0,386.0,4.6,12,9481.23076923077
cadillac,escalade premium luxury,11459,gasoline,10-speed a/t,white,brown,0,1,88900.0,420.0,6.2,5,1909.8333333333333
mercedes-benz,c-class c 300 4matic sport,67289,gasoline,7-speed a/t,white,gray,0,1,20490.0,241.0,2.0,10,6117.181818181818
hyundai,veloster base,56837,gasoline,transmission w/dual shift mode,silver,black,1,1,10500.0,132.0,1.6,13,4059.785714285714
chevrolet,corvette base,44168,gasoline,4-speed a/t,orange,black,0,1,30000.0,350.0,5.7,24,1766.72
mercedes-benz,c-class c 300 4matic,59766,gasoline,9-speed automatic,lunar blue metallic,macchiato,0,0,26900.0,255.0,2.0,7,7470.75
kia,stinger gt,56300,gasoline,a/t,silver,black,0,1,29950.0,365.0,3.3,8,6255.555555555556
volvo,s60 r,167000,gasoline,6-speed m/t,black,beige,0,1,8000.0,300.0,2.5,22,7260.869565217391
chevrolet,silverado 2500 lt,122770,e85 flex fuel,a/t,brown,black,0,1,27499.0,360.0,6.0,11,10230.833333333334
land rover,range 3.0l v6 supercharged hse,59271,gasoline,a/t,black,black,0,1,54995.0,380.0,3.0,7,7408.875
gmc,sierra 1500 sle,102000,gasoline,6-speed a/t,silver,black,1,1,24500.0,355.0,5.3,11,8500.0
chevrolet,silverado 1500 rst,40929,gasoline,automatic,cajun red tintcoat,jet black,1,1,44800.0,355.0,5.3,6,5847.0
porsche,911 turbo s,22000,gasoline,7-speed a/t,white,beige,0,1,99175.0,580.0,3.8,7,2750.0
chevrolet,suburban z71,19200,gasoline,10-speed a/t,white,black,0,1,69790.0,420.0,6.2,4,3840.0
mercedes-benz,g-class g 550 4matic,32376,gasoline,a/t,black,black,0,1,99175.0,416.0,4.0,7,4047.0
porsche,911 carrera,19800,gasoline,8-speed a/t,silver,black,0,1,99175.0,379.0,3.0,3,4950.0
land rover,range sport hse,105000,gasoline,a/t,black,black,0,1,10000.0,375.0,5.0,15,6562.5
ford,f-250 lariat,122650,diesel,6-speed a/t,gray,black,0,1,38900.0,440.0,6.7,10,11150.0
subaru,brz limited,14000,gasoline,6-speed m/t,white,black,0,1,34999.0,228.0,2.4,4,2800.0
lexus,ls 460 base,100868,gasoline,8-speed a/t,black,beige,0,1,15397.0,380.0,4.6,18,5308.8421052631575
land rover,range sport hse,111000,gasoline,6-speed a/t,black,black,1,1,15000.0,375.0,5.0,13,7928.571428571428
cadillac,escalade sport platinum,38500,gasoline,a/t,white,black,1,1,94995.0,420.0,6.2,5,6416.666666666667
nissan,pathfinder s,41250,gasoline,cvt transmission,white,–,0,1,21865.0,284.0,3.5,6,5892.857142857143
mini,cooper s base,99600,gasoline,6-speed a/t,orange,black,0,1,5500.0,168.0,1.6,20,4742.857142857143
acura,ilx 2.0l w/premium package,198000,gasoline,transmission w/dual shift mode,white,black,1,1,11000.0,150.0,2.0,13,14142.857142857143
lexus,rx 350 base,20598,gasoline,8-speed automatic,atomic silver,gray,1,0,42599.0,275.0,3.5,5,3433.0
porsche,911 carrera s,52044,gasoline,7-speed m/t,white,gray,0,1,76500.0,400.0,3.8,13,3717.4285714285716
mini,hardtop cooper s,23777,gasoline,6-speed m/t,gray,black,0,1,30000.0,189.0,2.0,4,4755.4
ford,f-150 platinum,60660,gasoline,a/t,gold,black,1,1,46900.0,375.0,3.5,8,6740.0
bmw,i3 base,26000,missing,1-speed a/t,white,beige,0,1,14999.0,170.0,0.65,11,2166.6666666666665
mazda,cx-5 touring,61000,gasoline,transmission w/dual shift mode,gray,black,0,1,21800.0,187.0,2.5,8,6777.777777777777
lexus,rx 350 f sport performance,53750,gasoline,a/t,black,red,0,1,32600.0,295.0,3.5,6,7678.571428571428
bmw,x5 m50i,13735,gasoline,8-speed automatic,black sapphire metallic,black,0,0,77897.0,523.0,4.4,3,3433.75
mercedes-benz,e-class e 300,32580,gasoline,automatic,obsidian black metallic,beige,0,0,33998.0,362.0,2.0,7,4072.5
porsche,911 carrera cabriolet,96275,gasoline,6-speed m/t,silver,black,1,1,52500.0,325.0,3.6,20,4584.523809523809
ford,f-350 lariat,162000,diesel,transmission w/dual shift mode,red,beige,0,1,32000.0,440.0,6.7,11,13500.0
bmw,x3 xdrive30i,92040,gasoline,8-speed automatic,alpine white,black,0,1,24999.0,248.0,2.0,7,11505.0
ram,1500 slt,73690,gasoline,8-speed a/t,blue,gray,1,1,27000.0,395.0,5.7,9,7369.0
toyota,tacoma base,48750,gasoline,m/t,brown,silver,0,1,17900.0,159.0,2.7,17,2708.3333333333335
cadillac,srx performance collection,124542,gasoline,6-speed a/t,gray,beige,0,1,8450.0,265.0,3.0,15,7783.875
ford,mustang gt premium,69000,gasoline,5-speed a/t,white,black,0,1,20000.0,315.0,4.6,16,4058.823529411765
dodge,ram 2500 laramie quad cab,148000,diesel,4-speed a/t,black,beige,0,1,19000.0,250.0,5.9,22,6434.782608695652
bmw,650 i,122141,gasoline,6-speed m/t,silver,black,0,1,10500.0,360.0,4.8,20,5816.238095238095
subaru,impreza wrx,106000,gasoline,m/t,black,black,0,1,15000.0,265.0,2.5,14,7066.666666666667
ford,edge titanium,113294,gasoline,6-speed a/t,gray,black,1,1,16500.0,245.0,2.0,9,11329.4
kia,telluride sx,24423,gasoline,8-speed automatic,black,black,0,0,44315.0,291.0,3.8,5,4070.5
tesla,model s long range,28000,missing,1-speed a/t,gray,white,0,1,68750.0,670.0,3.5,4,5600.0
ram,1500 rebel,54800,gasoline,a/t,white,black,1,1,37050.0,395.0,5.7,8,6088.888888888889
ford,explorer xlt,161000,gasoline,6-speed a/t,gray,black,0,1,17500.0,290.0,3.5,9,16100.0
mercedes-benz,amg gle 43 4matic coupe,28755,gasoline,9-speed a/t,black,black,0,1,61350.0,385.0,3.0,7,3594.375
audi,q5 2.0t premium plus,52105,e85 flex fuel,a/t,white,beige,1,1,20499.0,220.0,2.0,10,4736.818181818182
nissan,armada platinum,119950,gasoline,transmission w/dual shift mode,black,black,0,1,20999.0,390.0,5.6,8,13327.777777777777
mercedes-benz,sl-class sl500 roadster,80081,gasoline,5-speed a/t,white,beige,0,1,12500.0,302.0,5.0,23,3336.7083333333335
bentley,bentayga v8,24500,gasoline,8-speed a/t,white,white,0,1,99175.0,542.0,4.0,5,4083.3333333333335
jeep,gladiator overland,4100,gasoline,a/t,black,black,0,1,55000.0,285.0,3.6,5,683.3333333333334
bmw,m2 cs,9670,gasoline,transmission w/dual shift mode,blue,black,0,1,99175.0,444.0,3.0,6,1381.4285714285713
dodge,charger se,63250,gasoline,a/t,red,black,0,1,18650.0,292.0,3.6,9,6325.0
lincoln,mkx black label,69431,gasoline,6-speed a/t,silver,black,0,1,26500.0,335.0,2.7,9,6943.1
toyota,tundra sr5,108044,gasoline,6-speed automatic,black,–,0,1,31380.0,381.0,5.7,11,9003.666666666666
bmw,335 i,98000,gasoline,transmission w/dual shift mode,black,brown,0,1,13998.0,300.0,3.0,18,5157.894736842105
bmw,x1 xdrive28i,52253,gasoline,transmission w/dual shift mode,white,black,0,1,34500.0,228.0,2.0,7,6531.625
ford,f-350 platinum,23850,diesel,10-speed a/t,silver,black,0,1,99175.0,475.0,6.7,4,4770.0
mercedes-benz,sprinter high roof,1500,diesel,a/t,white,gray,0,1,39500.0,188.0,3.0,11,125.0
dodge,challenger gt,40000,gasoline,a/t,black,black,0,1,32500.0,303.0,3.6,5,6666.666666666667
audi,s4 3.0 prestige,38718,gasoline,7-speed a/t,black,black,0,1,31000.0,333.0,3.0,14,2581.2
toyota,tacoma trd sport,84184,gasoline,automatic,magnetic gray metallic,graphite w/gun metal,0,0,35998.0,270.0,3.5,8,9353.777777777777
mercedes-benz,sprinter 2500 standard roof,13344,diesel,7-speed a/t,red,black,0,1,56500.0,188.0,3.0,5,2224.0
infiniti,q50 3.0t red sport 400,51850,gasoline,transmission w/dual shift mode,black,black,0,1,28900.0,400.0,3.0,8,5761.111111111111
porsche,911 carrera 4s,119500,gasoline,6-speed m/t,black,black,1,1,36995.0,320.0,3.6,24,4780.0
ford,expedition max limited,30918,gasoline,10-speed a/t,white,beige,0,1,51999.0,375.0,3.5,5,5153.0
chevrolet,corvette stingray w/3lt,1100,gasoline,8-speed a/t,gray,beige,0,1,92000.0,490.0,6.2,3,275.0
mercedes-benz,c-class c 300,40000,gasoline,a/t,blue,black,0,1,27900.0,255.0,2.0,7,5000.0
jeep,grand cherokee limited,100500,gasoline,a/t,black,gray,0,1,9998.0,325.0,5.7,21,4568.181818181818
dodge,charger srt hellcat,54320,gasoline,8-speed a/t,gray,black,1,1,67000.0,707.0,6.2,6,7760.0
mercedes-benz,c-class c 300 4matic,49000,gasoline,a/t,black,black,0,1,23450.0,241.0,2.0,8,5444.444444444444
porsche,911 carrera s,28000,gasoline,8-speed a/t,gray,black,0,1,99175.0,443.0,3.0,6,4000.0
porsche,911 gt3,1750,gasoline,7-speed a/t,white,black,0,1,99175.0,502.0,4.0,4,350.0
cadillac,dts luxury,130000,gasoline,a/t,gold,beige,1,1,3499.0,275.0,4.6,19,6500.0
maserati,grecale modena,3721,gasoline,8-speed automatic,white,red,0,1,69645.0,325.0,2.0,3,930.25
mercedes-benz,s-class s 550,78101,gasoline,7-speed a/t,black,black,0,1,34500.0,449.0,4.7,10,7100.090909090909
chevrolet,malibu 1lt,54000,gasoline,a/t,gray,gray,1,1,16000.0,160.0,1.5,9,5400.0
nissan,quest sl,185000,gasoline,a/t,white,gray,1,1,7500.0,260.0,3.5,15,11562.5
mercedes-benz,slk-class slk 250,49000,gasoline,7-speed a/t,blue,beige,0,1,23500.0,201.0,1.8,11,4083.3333333333335
gmc,sierra 2500 denali,2043,gasoline,10-speed a/t,white,black,0,1,81500.0,401.0,6.6,2,681.0
lexus,rx 350 base,71750,gasoline,8-speed a/t,black,brown,0,1,28000.0,295.0,3.5,10,6522.727272727273
chevrolet,corvette stingray w/3lt,5194,gasoline,8-speed automatic with auto-shift,arctic white,tension,0,0,87500.0,490.0,6.2,6,742.0
bmw,330 i,42200,gasoline,8-speed a/t,white,black,0,1,27500.0,255.0,2.0,7,5275.0
mercedes-benz,glc 300 base,42717,gasoline,a/t,gold,beige,0,1,33500.0,255.0,2.0,6,6102.428571428572
tesla,model s 75d,102260,missing,1-speed a/t,white,black,0,1,31300.0,518.0,3.5,10,9296.363636363636
chevrolet,corvette stingray w/2lt,11089,gasoline,8-speed manual,silver flare metallic,adrenaline red,0,0,80900.0,490.0,6.2,4,2217.8
jaguar,xf 25t prestige,37777,gasoline,transmission w/dual shift mode,black,black,0,1,32500.0,247.0,2.0,8,4197.444444444444
ford,f-150 xlt,35921,gasoline,10-speed automatic,antimatter blue metallic,black,0,0,42995.0,375.0,2.7,5,5986.833333333333
ford,bronco outer banks,1800,gasoline,10-speed a/t,gray,blue,0,0,54900.0,275.0,2.3,3,450.0
scion,fr-s monogram,163019,gasoline,6-speed m/t,black,black,1,1,8900.0,200.0,2.0,12,12539.923076923076
mercedes-benz,c-class c 300 4matic,14220,gasoline,9-speed a/t,blue,beige,0,1,35500.0,255.0,2.0,6,2031.4285714285713
chevrolet,tahoe premier,48879,gasoline,automatic,silver ice metallic,jet black,0,0,49573.0,355.0,5.3,7,6109.875
bmw,m3 base,117200,gasoline,6-speed a/t,black,black,0,1,15000.0,333.0,3.2,24,4688.0
ford,f-150 lariat,25000,e85 flex fuel,6-speed a/t,gray,black,0,1,65000.0,385.0,5.0,10,2272.7272727272725
bmw,i3 base w/range extender,74500,missing,a/t,white,gray,0,1,11499.0,170.0,0.65,12,5730.7692307692305
infiniti,g37 journey,33300,gasoline,a/t,gray,black,0,1,21990.0,328.0,3.7,13,2378.5714285714284
ford,expedition xlt,123921,gasoline,6-speed a/t,white,beige,0,1,6900.0,300.0,5.4,19,6196.05
bmw,x3 sdrive30i,12800,gasoline,a/t,blue,blue,0,1,39990.0,248.0,2.0,5,2133.3333333333335
aston martin,vantage gt base,21100,gasoline,6-speed m/t,black,black,0,1,80000.0,430.0,4.7,11,1758.3333333333333
chevrolet,tahoe lt,104733,e85 flex fuel,6-speed a/t,black,black,0,1,15000.0,320.0,5.3,17,5818.5
ford,transit-250 base,53000,gasoline,a/t,white,black,1,1,38500.0,310.0,3.5,6,7571.428571428572
lexus,es 250 base,17570,gasoline,automatic,emin white,black,0,0,39998.0,301.0,2.5,5,2928.3333333333335
ram,1500 rebel,63875,hybrid,8-speed a/t,gray,black,1,1,41900.0,395.0,5.7,6,9125.0
ford,maverick xl,12500,hybrid,a/t,silver,black,0,1,29999.0,191.0,2.5,3,3125.0
bmw,z3 3.0i roadster,103990,gasoline,5-speed m/t,black,beige,0,1,10500.0,225.0,3.0,25,3999.6153846153848
chevrolet,camaro 1ss,7000,gasoline,6-speed m/t,blue,black,0,1,50000.0,455.0,6.2,4,1400.0
chevrolet,corvette stingray w/3lt,9000,gasoline,8-speed a/t,blue,black,0,1,92000.0,490.0,6.2,3,2250.0
pontiac,solstice gxp,7800,gasoline,5-speed a/t,silver,black,0,1,19000.0,260.0,2.0,19,390.0
cadillac,xts luxury,69289,gasoline,6-speed a/t,gray,black,1,1,20997.0,304.0,3.6,9,6928.9
toyota,highlander limited,106000,gasoline,5-speed a/t,white,gray,1,1,16600.0,270.0,3.5,15,6625.0
lincoln,navigator reserve,68000,gasoline,10-speed a/t,black,gray,1,1,55999.0,450.0,3.5,6,9714.285714285714
toyota,highlander hybrid limited platinum,13828,hybrid,cvt transmission,blue,black,0,1,43000.0,306.0,3.5,7,1728.5
audi,a3 2.0t tech premium,39600,gasoline,transmission w/dual shift mode,white,black,0,1,26999.0,220.0,2.0,8,4400.0
jeep,wrangler se,92000,gasoline,m/t,gold,black,0,1,12500.0,150.0,2.4,23,3833.3333333333335
toyota,tacoma sr,5020,gasoline,a/t,black,gray,0,1,36500.0,278.0,3.5,4,1004.0
chevrolet,trailblazer ss,107800,gasoline,a/t,black,black,1,1,15000.0,395.0,6.0,19,5390.0
audi,a5 2.0t premium plus,23827,gasoline,7-speed a/t,gray,black,0,1,34995.0,248.0,2.0,7,2978.375
audi,a6 55 premium,25300,hybrid,7-speed a/t,white,beige,0,1,39900.0,335.0,3.0,6,3614.285714285714
mercedes-benz,sprinter 2500,399000,diesel,5-speed a/t,silver,–,1,1,24500.0,188.0,3.0,10,36272.72727272727
porsche,911 carrera,46200,gasoline,6-speed m/t,silver,black,0,1,49999.0,325.0,3.6,21,2100.0
chevrolet,corvette stingray w/2lt,3158,gasoline,8-speed a/t,red,red,0,1,85989.0,490.0,6.2,4,631.6
gmc,acadia sle,26000,gasoline,a/t,white,black,0,1,30900.0,228.0,2.0,5,4333.333333333333
porsche,911 carrera,12758,gasoline,8-speed a/t,silver,black,0,1,99175.0,379.0,3.0,6,1822.5714285714287
chevrolet,corvette base,123500,gasoline,transmission w/dual shift mode,red,beige,1,1,27000.0,400.0,6.0,19,6175.0
ford,mustang gt premium,26840,gasoline,6-speed m/t,white,black,0,1,42500.0,460.0,5.0,8,2982.222222222222
ford,edge sel,17836,gasoline,8-speed automatic,silver,ebony,0,1,31933.0,325.0,2.0,5,2972.6666666666665
cadillac,escalade luxury,114500,e85 flex fuel,a/t,black,black,0,1,16100.0,403.0,6.2,14,7633.333333333333
chevrolet,corvette stingray w/3lt,5400,gasoline,8-speed a/t,white,black,0,1,89900.0,490.0,6.2,4,1080.0
toyota,corolla le,17500,gasoline,a/t,red,gray,0,1,15100.0,132.0,1.8,10,1590.909090909091
chevrolet,express 2500 work van,56000,gasoline,a/t,blue,–,0,1,44600.0,285.0,4.8,9,5600.0
chevrolet,trax ls,20800,gasoline,6-speed a/t,black,beige,0,1,19000.0,138.0,1.4,6,2971.4285714285716
volkswagen,golf auto tsi s,107543,gasoline,transmission w/dual shift mode,black,black,0,1,13200.0,170.0,1.8,11,8961.916666666666
nissan,pathfinder silver,206000,gasoline,transmission w/dual shift mode,black,black,0,1,5000.0,266.0,4.0,14,13733.333333333334
ford,f-150 platinum,37100,e85 flex fuel,10-speed a/t,black,black,0,1,46000.0,395.0,5.0,8,4122.222222222223
land rover,range velar p380 se r-dynamic,19813,gasoline,8-speed a/t,silver,beige,0,1,51900.0,380.0,3.0,7,2476.625
kia,sportage lx,208321,gasoline,a/t,white,beige,0,1,3500.0,173.0,2.7,16,12254.176470588236
lexus,ls 460 base,200000,gasoline,transmission w/dual shift mode,white,beige,1,1,9995.0,380.0,4.6,14,13333.333333333334
mini,cooper s base,66000,gasoline,6-speed a/t,white,black,0,1,10999.0,181.0,1.6,14,4400.0
bentley,bentayga activity edition,41000,gasoline,8-speed a/t,gray,gray,0,1,99175.0,600.0,6.0,8,4555.555555555556
volvo,xc60 t6 inscription,20623,gasoline,a/t,silver,black,0,1,36800.0,330.0,2.0,7,2577.875
ford,explorer limited,86000,gasoline,transmission w/dual shift mode,black,black,0,1,26900.0,290.0,3.5,8,9555.555555555555
porsche,cayenne turbo gt,1766,gasoline,automatic,custom color,black,0,0,99175.0,364.5,4.0,4,353.2
mercedes-benz,g-class g 550 4matic,51354,gasoline,7-speed a/t,blue,black,0,1,73000.0,416.0,4.0,10,4668.545454545455
jeep,wrangler unlimited rubicon 392,38000,gasoline,transmission w/dual shift mode,gray,black,0,1,72980.0,470.0,6.4,5,6333.333333333333
toyota,avalon hybrid xle premium,161000,hybrid,cvt transmission,blue,gray,0,1,11500.0,200.0,2.5,11,13416.666666666666
nissan,juke sl,74750,gasoline,cvt transmission,black,black,0,1,12500.0,188.0,1.6,14,4983.333333333333
porsche,911 carrera 4,67522,gasoline,7-speed a/t,gray,black,1,1,59500.0,350.0,3.4,13,4823.0
mini,cooper s base,152000,gasoline,6-speed a/t,white,black,0,1,9000.0,181.0,1.6,14,10133.333333333334
subaru,ascent touring 7-passenger,71273,gasoline,cvt transmission,black,brown,0,1,23900.0,260.0,2.4,7,8909.125
subaru,wrx sti base,37800,gasoline,6-speed m/t,blue,black,0,1,32500.0,305.0,2.5,9,3780.0
land rover,range sport hse,42000,gasoline,transmission w/dual shift mode,white,black,0,1,48990.0,340.0,3.0,7,5250.0
kia,sorento plug-in hybrid sx prestige,10101,plug-in hybrid,6-speed a/t,white,–,0,1,44990.0,261.0,1.6,4,2020.2
chevrolet,corvette stingray w/2lt,7900,gasoline,8-speed a/t,white,red,0,1,92500.0,490.0,6.2,4,1580.0
tesla,model 3 performance,45468,missing,1-speed a/t,silver,white,0,1,45999.0,455.0,3.5,6,6495.428571428572
nissan,armada sv,187141,gasoline,a/t,black,black,0,1,16995.0,390.0,5.6,9,18714.1
porsche,cayenne turbo s,99100,gasoline,8-speed a/t,white,black,0,1,32000.0,550.0,4.8,12,7623.076923076923
subaru,outback touring xt,33500,gasoline,cvt transmission,blue,brown,0,1,34000.0,260.0,2.4,5,5583.333333333333
acura,rlx advance package,102665,gasoline,6-speed a/t,black,black,0,1,15450.0,310.0,3.5,10,9333.181818181818
ford,mustang gt,52675,gasoline,5-speed m/t,black,black,0,1,16995.0,260.0,4.6,25,2025.9615384615386
bmw,330 i xdrive,59203,gasoline,a/t,white,–,0,1,23000.0,248.0,2.0,9,5920.3
mercedes-benz,sl-class sl550 roadster,60100,gasoline,7-speed a/t,black,black,0,1,27000.0,382.0,5.5,17,3338.8888888888887
audi,sq8 4.0t premium plus,43238,gasoline,transmission w/dual shift mode,black,red,0,1,76400.0,500.0,4.0,5,7206.333333333333
mini,cooper s base,118000,gasoline,a/t,beige,black,0,1,3600.0,172.0,1.6,19,5900.0
ford,mustang ecoboost,17300,gasoline,10-speed a/t,yellow,black,0,1,31000.0,310.0,2.3,5,2883.3333333333335
audi,rs 7 4.0t prestige,64800,gasoline,8-speed a/t,white,brown,0,1,50000.0,560.0,4.0,10,5890.909090909091
mercedes-benz,glc 300 glc 300,1408,gasoline,automatic,lunar blue metallic,–,0,0,46798.0,362.0,2.0,4,281.6
volkswagen,touareg tdi lux,15167,diesel,8-speed a/t,gold,black,0,1,35000.0,240.0,3.0,11,1263.9166666666667
porsche,cayenne gts,64600,gasoline,8-speed a/t,white,red,0,1,41000.0,440.0,3.6,10,5872.727272727273
jeep,grand wagoneer series iii,31112,gasoline,8-speed a/t,black,black,0,1,83000.0,471.0,6.4,4,6222.4
tesla,model x 100d,23250,missing,1-speed a/t,gray,white,0,1,57000.0,518.0,3.5,8,2583.3333333333335
mini,cooper s base,63500,gasoline,6-speed m/t,silver,black,0,1,10500.0,181.0,1.6,15,3968.75
ram,1500 laramie,13464,gasoline,8-speed automatic,diamond black,black,0,0,46999.0,395.0,5.7,4,2692.8
chevrolet,camaro base,64776,gasoline,a/t,black,gray,0,1,7500.0,200.0,3.8,25,2491.3846153846152
jeep,cherokee x,9601,gasoline,automatic,sting gray clearcoat,black,0,0,33498.0,285.0,3.2,4,1920.2
bmw,alpina b7 xdrive,135000,gasoline,a/t,black,black,1,1,14000.0,445.0,4.4,13,9642.857142857143
volvo,xc90 3.2 premier plus,208864,gasoline,6-speed a/t,white,beige,1,1,7500.0,240.0,3.2,13,14918.857142857143
infiniti,q50 3.0t premium,49872,gasoline,7-speed a/t,gray,black,1,1,21500.0,300.0,3.0,10,4533.818181818182
mini,cooper base,90367,gasoline,6-speed m/t,red,black,0,1,9250.0,118.0,1.6,17,5020.388888888889
porsche,911 carrera 4s,36670,gasoline,transmission w/dual shift mode,white,black,0,1,82499.0,400.0,3.8,12,2820.769230769231
jeep,grand wagoneer base,3752,gasoline,8-speed automatic,ember pearlcoat,global black,0,1,84620.0,285.0,6.4,3,938.0
lexus,rx 350 base,30761,gasoline,8-speed automatic,eminent white pearl,black,0,0,44950.0,275.0,3.5,5,5126.833333333333
ram,1500 laramie,13438,gasoline,8-speed automatic,diamond black,black,0,0,46599.0,395.0,5.7,4,2687.6
jeep,gladiator overland,9100,gasoline,8-speed a/t,red,black,0,1,49895.0,285.0,3.6,6,1300.0
chrysler,200 limited,100600,missing,a/t,black,black,0,1,10000.0,184.0,2.4,9,10060.0
ford,fusion hybrid base,223824,hybrid,a/t,white,brown,1,1,4500.0,156.0,2.5,15,13989.0
audi,a6 2.0t premium plus,96000,gasoline,8-speed a/t,black,black,0,1,21990.0,252.0,2.0,10,8727.272727272728
chevrolet,silverado 1500 z71 extended cab,185000,gasoline,4-speed a/t,red,gray,1,1,10500.0,295.0,5.3,22,8043.478260869565
porsche,taycan base,6900,missing,2-speed a/t,white,beige,0,1,79999.0,375.0,3.45,5,1150.0
honda,accord hybrid touring,96400,hybrid,cvt transmission,white,beige,1,1,18500.0,212.0,2.0,9,9640.0
ram,2500 slt,67865,gasoline,6-speed a/t,white,gray,0,1,36500.0,410.0,6.4,8,7540.555555555556
land rover,range sport supercharged,64300,e85 flex fuel,transmission w/dual shift mode,blue,black,0,1,44850.0,550.0,5.0,11,5358.333333333333
chevrolet,colorado zr2,76500,gasoline,8-speed a/t,white,black,0,1,33500.0,308.0,3.6,8,8500.0
gmc,sierra 2500 denali,96343,diesel,6-speed a/t,blue,beige,1,1,53000.0,445.0,6.6,9,9634.3
subaru,crosstrek 2.0i limited,74600,gasoline,transmission w/dual shift mode,blue,black,0,1,24000.0,152.0,2.0,8,8288.888888888889
subaru,outback 2.5i limited,157530,gasoline,automatic cvt,twilight blue metallic,black,1,1,9995.0,174.0,2.5,12,12117.692307692309
tesla,model x plaid,15000,missing,a/t,white,white,0,1,95999.0,1020.0,3.5,4,3000.0
jeep,wrangler unlimited rubicon,80000,gasoline,a/t,orange,black,0,1,30000.0,285.0,3.6,14,5333.333333333333
tesla,model s 100d,83424,missing,1-speed a/t,gray,beige,0,1,45000.0,518.0,3.5,8,9269.333333333334
mercedes-benz,c-class c 300 4matic,19000,gasoline,a/t,blue,beige,0,1,37999.0,255.0,2.0,5,3166.6666666666665
porsche,911 carrera s,64000,gasoline,7-speed a/t,gray,black,1,1,67000.0,400.0,3.8,13,4571.428571428572
mercedes-benz,gls 450 base 4matic,34068,gasoline,9-speed a/t,white,beige,0,1,46900.0,362.0,3.0,7,4258.5
buick,envision preferred,20104,gasoline,9-speed automatic,burnished bronze metallic,ebony,0,1,33295.0,197.0,2.0,5,3350.6666666666665
nissan,armada platinum,8400,gasoline,7-speed a/t,red,beige,0,1,59950.0,400.0,5.6,4,1680.0
porsche,911 turbo,11938,gasoline,transmission w/dual shift mode,black,–,0,0,99175.0,572.0,3.8,5,1989.6666666666667
chevrolet,corvette stingray w/2lt,24670,gasoline,transmission w/dual shift mode,white,brown,0,1,72500.0,490.0,6.2,5,4111.666666666667
ford,mustang shelby gt500,16478,gasoline,6-speed m/t,white,black,0,1,66400.0,650.0,5.8,13,1177.0
ford,f-150 xl,52500,e85 flex fuel,a/t,gray,gray,0,1,35000.0,395.0,5.0,8,5833.333333333333
porsche,cayenne turbo,92500,gasoline,transmission w/dual shift mode,silver,black,0,1,12000.0,450.0,4.5,22,4021.7391304347825
mitsubishi,eclipse spyder gt,62930,gasoline,a/t,gray,black,1,1,10000.0,260.0,3.8,18,3312.1052631578946
lexus,gx 470 base,116600,gasoline,5-speed a/t,white,gray,0,1,19975.0,263.0,4.7,19,5830.0
dodge,dakota big horn/lone star,172024,gasoline,4-speed a/t,red,brown,1,1,7500.0,210.0,3.7,16,10119.058823529413
jeep,wrangler sport,57237,gasoline,a/t,black,black,0,1,22500.0,285.0,3.6,14,3815.8
subaru,outback limited,44600,gasoline,cvt transmission,silver,gray,0,1,28300.0,182.0,2.5,6,6371.428571428572
jeep,wrangler unlimited rubicon,181830,gasoline,6-speed m/t,black,black,0,1,21000.0,285.0,3.6,13,12987.857142857143
subaru,ascent touring 7-passenger,39948,gasoline,automatic cvt,ice silver metallic,black,0,1,36791.0,260.0,2.4,5,6658.0
ford,f-350 xl,156453,diesel,6-speed a/t,white,beige,0,1,40000.0,440.0,6.7,9,15645.3
porsche,cayenne turbo s,156193,gasoline,8-speed a/t,silver,black,0,1,36000.0,550.0,4.8,12,12014.846153846154
bmw,x1 xdrive28i,27989,gasoline,a/t,gray,black,0,1,29000.0,228.0,2.0,6,3998.4285714285716
toyota,4runner limited,146700,gasoline,5-speed a/t,blue,black,1,1,24999.0,270.0,4.0,12,11284.615384615385
gmc,yukon denali,88450,gasoline,10-speed a/t,black,beige,1,1,42900.0,420.0,6.2,7,11056.25
toyota,c-hr le,14065,gasoline,automatic cvt,gray,black,1,1,27671.0,270.0,2.0,6,2009.2857142857142
subaru,outback limited xt,36844,gasoline,automatic cvt,magnetite gray metallic,black,1,0,30427.0,224.0,2.4,6,5263.428571428572
chevrolet,silverado 1500 lt trail boss,49000,gasoline,a/t,white,black,0,1,44900.0,355.0,5.3,6,7000.0
bmw,x5 xdrive50i,58000,gasoline,8-speed a/t,white,black,0,1,17900.0,400.0,4.4,13,4142.857142857143
audi,a6 55 prestige,22800,hybrid,a/t,blue,brown,0,1,52000.0,335.0,3.0,5,3800.0
subaru,outback 2.5i limited,78007,gasoline,a/t,blue,black,0,1,14750.0,173.0,2.5,12,6000.538461538462
ford,f-250 king ranch,36500,diesel,10-speed a/t,gray,brown,0,1,69900.0,475.0,6.7,6,5214.285714285715
honda,cr-v ex,156350,gasoline,a/t,brown,beige,1,1,3990.0,160.0,2.4,22,6797.826086956522
lexus,gx 460 luxury,17710,gasoline,a/t,white,red,0,1,59000.0,301.0,4.6,5,2951.6666666666665
ford,explorer xlt,149000,gasoline,a/t,brown,beige,1,1,7850.0,290.0,3.5,13,10642.857142857143
subaru,forester 2.5i limited,90000,gasoline,cvt transmission,silver,gray,0,1,16000.0,170.0,2.5,11,7500.0
ford,bronco wildtrak advanced,9990,gasoline,transmission w/dual shift mode,silver,black,0,1,64500.0,315.0,2.7,4,1998.0
mercedes-benz,a-class a 220 4matic,28663,gasoline,7-speed automatic with auto-shift,jupiter red,black,0,0,29500.0,188.0,2.0,7,3582.875
lexus,nx 200t base,124250,gasoline,a/t,gray,orange,1,1,17900.0,235.0,2.0,11,10354.166666666666
ford,f-250 lariat,50780,diesel,6-speed a/t,white,black,0,1,61000.0,440.0,6.7,9,5078.0
porsche,911 carrera c4s,65000,gasoline,6-speed m/t,blue,gray,0,0,43000.0,355.0,3.8,20,3095.2380952380954
tesla,model 3 long range,22457,missing,automatic,midnight silver metallic,black,0,0,40036.0,271.0,3.5,4,4491.4
toyota,camry xse,19361,gasoline,automatic,red,black,0,0,38298.0,270.0,3.5,4,3872.2
bmw,i3 94 ah,43000,missing,1-speed a/t,black,–,0,1,16500.0,170.0,0.65,9,4300.0
ford,f-250 xl supercab h/d,115000,missing,a/t,red,gray,0,1,21900.0,325.0,3.5,33,3382.3529411764707
porsche,taycan turbo,2076,missing,automatic,gray,red,0,0,99175.0,616.0,3.45,6,296.57142857142856
porsche,911 gt3,9712,gasoline,7-speed automatic with auto-shift,red,black,0,0,99175.0,475.0,4.0,8,1079.111111111111
mercedes-benz,e-class e55 amg,131000,gasoline,5-speed a/t,gray,black,0,1,16500.0,469.0,5.4,21,5954.545454545455
toyota,highlander xle,31000,gasoline,transmission w/dual shift mode,gray,gray,0,1,43000.0,295.0,3.5,4,6200.0
volvo,s60 recharge plug-in hybrid t8 inscription,24158,plug-in hybrid,8-speed a/t,gray,black,0,1,44900.0,400.0,2.0,5,4026.3333333333335
audi,a6 3.0t premium plus,72865,gasoline,a/t,black,black,1,1,22000.0,333.0,3.0,10,6624.090909090909
mercedes-benz,e-class e 350 4matic,89563,gasoline,7-speed a/t,blue,black,0,1,18995.0,302.0,3.5,12,6889.461538461538
nissan,juke sl,72639,gasoline,cvt transmission,black,black,1,1,15000.0,188.0,1.6,14,4842.6
mercedes-benz,cls-class cls 550,79000,gasoline,7-speed a/t,black,black,0,1,19999.0,402.0,4.6,14,5266.666666666667
audi,a3 2.0t premium,111564,gasoline,6-speed a/t,white,black,0,1,11200.0,200.0,2.0,14,7437.6
lexus,gx 460 base,75000,gasoline,6-speed a/t,white,beige,1,1,38095.0,301.0,4.6,8,8333.333333333334
ford,mustang premium,169613,gasoline,a/t,black,black,1,1,5900.0,210.0,4.0,19,8480.65
honda,pilot ex-l,175000,gasoline,5-speed a/t,black,gray,0,1,9000.0,250.0,3.5,15,10937.5
bmw,540 i,98500,gasoline,8-speed a/t,black,black,0,1,24500.0,335.0,3.0,9,9850.0
chrysler,300 s,53000,gasoline,transmission w/dual shift mode,black,black,1,1,13750.0,292.0,3.6,14,3533.3333333333335
ram,2500 longhorn,72200,diesel,6-speed a/t,black,black,0,1,52500.0,370.0,6.7,11,6016.666666666667
acura,tsx base,151600,gasoline,6-speed m/t,black,black,0,1,7899.0,200.0,2.4,21,6890.909090909091
lotus,evora 2+2,20000,gasoline,6-speed m/t,white,red,0,1,51000.0,276.0,3.5,15,1250.0
chevrolet,avalanche 1500 lt,170000,e85 flex fuel,a/t,black,black,1,1,9000.0,320.0,5.3,16,10000.0
ford,f-150 xlt,69800,e85 flex fuel,10-speed a/t,silver,gray,0,1,34600.0,395.0,5.0,7,8725.0
toyota,tundra sr5,26300,gasoline,6-speed a/t,gray,gray,1,1,46199.0,381.0,5.7,6,3757.1428571428573
honda,fit sport,156111,gasoline,transmission w/dual shift mode,red,black,1,1,5200.0,109.0,1.5,19,7805.55
chevrolet,silverado 2500 ltz,172600,diesel,a/t,red,black,1,1,32500.0,397.0,6.6,10,15690.90909090909
honda,accord crosstour ex-l,145000,gasoline,a/t,green,black,0,1,9000.0,271.0,3.5,16,8529.411764705883
ford,f-250 xlt super duty,64309,gasoline,a/t,white,gray,0,1,7500.0,260.0,5.4,25,2473.423076923077
ram,1500 trx,15183,gasoline,8-speed a/t,black,black,0,1,90000.0,702.0,6.2,5,2530.5
buick,envision essence,28548,gasoline,6-speed automatic,ebony twilight metallic,ebony,0,0,32063.0,281.5,2.5,6,4078.285714285714
volkswagen,atlas 3.6l sel premium r-line,14000,gasoline,8-speed a/t,gray,black,0,1,46900.0,276.0,3.6,4,2800.0
mercedes-benz,cls 450 base,67000,hybrid,transmission w/dual shift mode,yellow,black,0,1,44500.0,369.0,3.0,7,8375.0
jeep,wrangler unlimited sport,84786,gasoline,5-speed a/t,gray,black,0,1,23500.0,285.0,3.6,9,8478.6
mercedes-benz,s-class s 63 amg,93000,gasoline,a/t,black,black,0,1,17800.0,518.0,6.2,18,4894.736842105263
hyundai,genesis coupe 3.8 track,127500,gasoline,6-speed m/t,blue,black,1,1,6000.0,306.0,3.8,16,7500.0
ford,mustang mach-e gt,8000,missing,1-speed a/t,blue,black,0,1,60999.0,480.0,3.5,4,1600.0
gmc,canyon elevation standard,16500,gasoline,8-speed a/t,gray,gray,0,1,32900.0,308.0,3.6,4,3300.0
jaguar,xk base,55700,gasoline,6-speed a/t,black,black,0,1,27200.0,385.0,5.0,13,3978.5714285714284
ford,f-250 lariat,42245,diesel,automatic,agate black metallic,black,0,0,76598.0,325.0,3.5,5,7040.833333333333
toyota,rav4 base,78500,gasoline,4-speed a/t,silver,–,0,1,12000.0,179.0,2.5,17,4361.111111111111
ford,expedition platinum,48619,gasoline,10-speed a/t,gray,white,0,1,51499.0,400.0,3.5,8,5402.111111111111
jeep,wrangler unlimited 4xe sahara,51105,hybrid,8-speed automatic,black clearcoat,black,0,1,42700.0,375.0,2.0,5,8517.5
ford,f-150 xlt,25880,e85 flex fuel,6-speed a/t,red,gray,0,1,25500.0,282.0,3.5,10,2352.7272727272725
tesla,model s plaid,20100,missing,a/t,red,black,0,1,69995.0,1020.0,3.5,5,3350.0
toyota,tacoma sr5,25083,gasoline,6-speed automatic,red,gray,1,1,34955.0,278.0,3.5,8,2787.0
audi,tt roadster quattro,69300,gasoline,6-speed m/t,gray,black,1,1,9995.0,225.0,1.8,24,2772.0
toyota,highlander hybrid limited platinum,46000,hybrid,cvt transmission,silver,black,0,1,40000.0,306.0,3.5,7,5750.0
jeep,liberty sport,141485,gasoline,a/t,black,gray,1,1,6500.0,210.0,3.7,18,7446.578947368421
toyota,sequoia limited,63990,gasoline,6-speed a/t,white,gray,1,1,48000.0,381.0,5.7,8,7110.0
ford,transit-350 base,19400,gasoline,a/t,white,black,0,1,58000.0,310.0,3.5,6,2771.4285714285716
subaru,brz limited,129858,gasoline,6-speed a/t,silver,black,1,1,13490.0,200.0,2.0,13,9275.57142857143
volvo,xc60 3.2,102000,gasoline,6-speed a/t,blue,beige,0,1,10800.0,240.0,3.2,14,6800.0
subaru,impreza wrx sti special edition,8700,gasoline,6-speed m/t,gray,black,0,1,39900.0,305.0,2.5,16,511.7647058823529
chevrolet,bolt ev lt,49279,missing,1-speed a/t,red,gray,0,1,17500.0,200.0,5.3,8,5475.444444444444
chevrolet,monte carlo supercharged ss,148800,gasoline,a/t,red,black,0,1,6500.0,240.0,3.8,22,6469.565217391304
cadillac,escalade platinum edition,160249,e85 flex fuel,a/t,black,black,0,1,12900.0,403.0,6.2,14,10683.266666666666
chrysler,300m base,45000,gasoline,a/t,gray,gray,0,1,6000.0,250.0,3.5,22,1956.5217391304348
chevrolet,silverado 2500 lt h/d extended cab,169000,diesel,6-speed a/t,white,gray,0,1,19500.0,360.0,6.6,20,8047.619047619048
mercedes-benz,amg c 63 s,46000,gasoline,7-speed a/t,gray,black,0,1,56000.0,503.0,4.0,9,4600.0
ferrari,488 spider base,13900,gasoline,transmission w/dual shift mode,red,black,0,1,99175.0,660.0,3.9,7,1737.5
acura,tlx v6 tech,38000,gasoline,9-speed a/t,white,black,0,1,21900.0,290.0,3.5,11,3166.6666666666665
chevrolet,corvette z06,42000,gasoline,6-speed m/t,orange,black,0,1,42000.0,505.0,7.0,20,2000.0
lexus,nx 350h premium,300,hybrid,a/t,black,black,0,1,50999.0,240.0,2.5,2,100.0
mercedes-benz,slk-class slk 350,120800,gasoline,7-speed a/t,red,beige,0,1,13900.0,268.0,3.5,18,6357.894736842105
jeep,wrangler unlimited sahara,76313,gasoline,8-speed automatic,hellayella clearcoat,black,0,1,35234.0,285.0,2.0,6,10901.857142857143
chevrolet,silverado 1500 lt,104000,e85 flex fuel,6-speed a/t,blue,gray,1,1,16500.0,315.0,5.3,14,6933.333333333333
lexus,gx 460 base,97097,gasoline,a/t,red,beige,1,1,22000.0,301.0,4.6,16,5711.588235294118
jeep,wrangler unlimited x,136731,gasoline,a/t,yellow,gray,0,1,15900.0,202.0,3.8,18,7196.368421052632
ram,1500 tradesman/express,40200,gasoline,a/t,blue,gray,1,1,24000.0,395.0,5.7,9,4020.0
ford,explorer st,39105,gasoline,10-speed automatic,black,–,0,1,44605.0,400.0,3.0,5,6517.5
mercedes-benz,g 550 4x4 squared base,23567,gasoline,transmission w/dual shift mode,white,black,1,1,99175.0,416.0,4.0,9,2356.7
bmw,m4 competition,12500,gasoline,8-speed a/t,gray,blue,1,1,90000.0,503.0,3.0,5,2083.3333333333335
chevrolet,colorado zr2,38900,gasoline,8-speed a/t,white,black,0,1,34700.0,308.0,3.6,7,4862.5
lincoln,navigator l select,84272,gasoline,6-speed a/t,black,black,1,1,25221.0,380.0,3.5,10,7661.090909090909
mercedes-benz,e-class e 350,58375,gasoline,a/t,white,beige,0,1,24999.0,302.0,3.5,10,5306.818181818182
ford,mustang shelby gt500,7346,gasoline,6-speed m/t,red,black,0,1,40999.0,500.0,5.4,19,367.3
dodge,charger srt8,98231,gasoline,5-speed a/t,blue,black,1,1,15500.0,425.0,6.1,18,5170.0526315789475
jaguar,xk base,56000,gasoline,a/t,white,beige,0,1,18000.0,300.0,4.2,19,2800.0
honda,civic ex,13935,gasoline,cvt transmission,gray,black,0,1,26000.0,174.0,1.5,6,1990.7142857142858
subaru,impreza 2.0i,30000,gasoline,cvt transmission,gray,black,1,1,21250.0,152.0,2.0,7,3750.0
saab,9-3 aero,106000,gasoline,6-speed a/t,red,black,0,1,12950.0,280.0,2.8,17,5888.888888888889
bmw,650 gran coupe i xdrive,82978,gasoline,8-speed a/t,black,white,0,1,18700.0,445.0,4.4,12,6382.923076923077
jeep,wrangler unlimited sport,58500,gasoline,8-speed a/t,black,black,0,1,35000.0,285.0,3.6,8,6500.0
ford,f-350 king ranch,92421,diesel,6-speed a/t,white,brown,0,1,51900.0,440.0,6.7,11,7701.75
mazda,cx-30 preferred,9927,gasoline,6-speed automatic,snowflake white pearl,black,0,1,27518.0,184.0,2.5,6,1418.142857142857
jeep,wrangler sport,122945,gasoline,5-speed m/t,beige,brown,0,1,13900.0,181.0,4.0,26,4553.518518518518
lexus,rx 330 base,110250,gasoline,a/t,white,beige,0,1,11000.0,230.0,3.3,20,5250.0
infiniti,qx56 base,103010,gasoline,7-speed a/t,black,beige,0,1,13500.0,400.0,5.6,15,6438.125
hyundai,veloster value edition,55359,gasoline,6-speed automatic with auto-shift,ironman silver,black,0,0,15599.0,240.0,1.6,9,5535.9
chevrolet,silverado 1500 lt extended cab,118500,gasoline,a/t,silver,black,1,1,5900.0,285.0,5.3,24,4740.0
rivian,r1s launch edition,7800,missing,1-speed a/t,green,black,0,1,92500.0,835.0,3.5,4,1560.0
land rover,range hse swb,41500,hybrid,8-speed a/t,gray,gray,0,1,68000.0,395.0,3.0,6,5928.571428571428
bmw,m4 base,28000,gasoline,7-speed a/t,white,white,0,1,59900.0,425.0,3.0,6,4000.0
mercedes-benz,e-class e 350,53500,gasoline,a/t,black,brown,0,1,24500.0,302.0,3.5,12,4115.384615384615
honda,accord hybrid base,33523,hybrid,automatic cvt,lunar silver metallic,gray,0,0,28748.0,200.5,2.0,5,5587.166666666667
toyota,prius v three,86300,hybrid,a/t,gray,black,1,1,18000.0,134.0,1.8,10,7845.454545454545
subaru,wrx premium,7738,gasoline,transmission w/dual shift mode,orange,black,1,1,33000.0,271.0,2.4,4,1547.6
bentley,bentayga speed,22001,gasoline,8-speed automatic,beluga black,hotspur hide,0,1,99175.0,552.0,6.0,6,3143.0
ford,explorer st,14361,gasoline,10-speed a/t,black,black,0,1,51500.0,400.0,3.0,4,2872.2
chevrolet,suburban lt,98000,e85 flex fuel,transmission overdrive switch,gray,gray,1,1,30000.0,355.0,5.3,10,8909.09090909091
chevrolet,silverado 1500 limited custom,30455,gasoline,automatic,summit white,jet black,0,0,37698.0,355.0,2.7,4,6091.0
ford,explorer platinum,64552,gasoline,10-speed automatic,iconic silver metallic,ebony,1,1,36750.0,325.0,3.0,6,9221.714285714286
lexus,rx 350 base,103866,gasoline,8-speed a/t,beige,beige,1,1,24700.0,295.0,3.5,9,10386.6
land rover,range 3.0l v6 supercharged hse,35650,gasoline,8-speed a/t,black,black,1,1,57999.0,380.0,3.0,7,4456.25
ford,explorer platinum,64957,gasoline,10-speed automatic,black,light slate,0,1,39979.0,325.0,3.0,5,10826.166666666666
dodge,challenger srt8 392,33700,missing,6-speed m/t,black,black,0,1,33500.0,345.0,5.7,14,2246.6666666666665
chevrolet,equinox 2lt,96653,gasoline,6-speed a/t,black,brown,1,1,7500.0,264.0,3.0,14,6443.533333333334
dodge,challenger sxt,29500,gasoline,8-speed a/t,gray,black,0,1,31000.0,303.0,3.6,4,5900.0
porsche,911 carrera,7400,gasoline,8-speed a/t,red,black,0,0,99175.0,379.0,3.0,5,1233.3333333333333
volvo,xc70 t6 platinum,69000,gasoline,a/t,silver,black,1,1,15900.0,300.0,3.0,14,4600.0
lexus,gx 470 base,198000,gasoline,5-speed a/t,gray,gray,1,1,15500.0,270.0,4.7,21,9000.0
porsche,911 carrera gts,23600,gasoline,7-speed m/t,red,black,0,1,99175.0,430.0,3.8,11,1966.6666666666667
volvo,xc70 3.2,170000,gasoline,6-speed a/t,white,beige,0,1,7000.0,235.0,3.2,18,8947.368421052632
nissan,350z nismo,76500,gasoline,6-speed m/t,silver,red,1,1,28000.0,306.0,3.5,18,4026.315789473684
porsche,911 turbo,73500,gasoline,5-speed a/t,black,black,0,1,75499.0,480.0,3.6,19,3675.0
land rover,range swb,29000,hybrid,a/t,black,black,0,1,70000.0,355.0,3.0,6,4142.857142857143
porsche,cayenne e-hybrid s platinum edition,69404,plug-in hybrid,8-speed a/t,black,beige,1,1,29500.0,416.0,3.0,9,6940.4
lexus,is 350 base,103000,gasoline,6-speed a/t,red,beige,1,1,12900.0,306.0,3.5,19,5150.0
porsche,macan s,70500,gasoline,transmission w/dual shift mode,silver,black,1,1,26500.0,340.0,3.0,11,5875.0
land rover,range 5.0l supercharged,64000,gasoline,transmission w/dual shift mode,white,white,0,1,36995.0,510.0,5.0,10,5818.181818181818
gmc,savana 2500 work van,63460,e85 flex fuel,a/t,white,beige,0,1,33000.0,341.0,6.0,8,7051.111111111111
toyota,4runner sr5,32199,gasoline,a/t,silver,black,0,1,35500.0,270.0,4.0,8,3577.6666666666665
hyundai,palisade sel,69487,gasoline,a/t,white,black,0,1,32000.0,291.0,3.8,6,9926.714285714286
gmc,sierra 2500 denali,86000,diesel,a/t,gray,brown,0,1,49000.0,397.0,6.6,11,7166.666666666667
genesis,gv70 3.5t sport,8730,gasoline,8-speed automatic,alta white,red,0,0,48219.0,375.0,3.5,4,1746.0
dodge,ram van 1500,70000,gasoline,a/t,red,beige,1,1,8000.0,175.0,3.9,24,2800.0
chevrolet,impala 1lt,70000,gasoline,6-speed a/t,white,gray,1,1,17900.0,305.0,3.6,9,7000.0
audi,a4 2.0t premium plus,83420,e85 flex fuel,8-speed a/t,red,gray,1,1,16000.0,220.0,2.0,11,6951.666666666667
nissan,altima 2.5 s,189000,gasoline,a/t,silver,beige,1,1,2899.0,175.0,2.5,23,7875.0
porsche,911 carrera 4s,31500,gasoline,7-speed a/t,blue,red,0,1,97555.0,420.0,3.0,9,3150.0
bmw,x1 xdrive 28i,85766,gasoline,a/t,gray,black,0,1,13000.0,240.0,2.0,11,7147.166666666667
gmc,yukon denali,92800,gasoline,10-speed a/t,white,black,0,1,34000.0,420.0,6.2,8,10311.111111111111
land rover,defender se,13970,hybrid,a/t,gray,black,0,1,75500.0,395.0,3.0,5,2328.3333333333335
porsche,911 turbo s,154,gasoline,8-speed automatic with auto-shift,python green,black,0,0,99175.0,580.0,3.8,3,38.5
toyota,land cruiser base,265000,gasoline,4-speed a/t,black,beige,0,1,15500.0,230.0,4.7,26,9814.814814814816
scion,xb base,95426,gasoline,a/t,green,gray,0,1,8000.0,158.0,2.4,15,5964.125
honda,s2000 base,119900,gasoline,6-speed m/t,black,red,1,1,18000.0,240.0,2.0,25,4611.538461538462
mazda,cx-30 select,23162,gasoline,6-speed automatic,soul red crystal metallic,black,0,1,25495.0,184.0,2.5,6,3308.8571428571427
bmw,m4 competition,3950,gasoline,a/t,white,blue,0,1,83500.0,503.0,3.0,3,987.5
porsche,911 carrera 4s,80000,gasoline,6-speed m/t,black,beige,0,1,43000.0,355.0,3.8,20,3809.5238095238096
ford,f-250 lariat,94634,e85 flex fuel,a/t,white,black,1,1,32500.0,385.0,6.2,11,7886.166666666667
chevrolet,corvette base,65000,gasoline,6-speed a/t,silver,beige,1,1,33885.0,400.0,6.0,19,3250.0
lexus,ls 460 l,100000,gasoline,a/t,black,black,1,1,11500.0,380.0,4.6,18,5263.1578947368425
toyota,sienna xse 25th anniversary,500,hybrid,a/t,white,black,0,1,59500.0,245.0,2.5,3,125.0
mercedes-benz,amg g 63 base,7856,gasoline,9-speed automatic,china blue,black,0,1,99175.0,563.0,4.0,5,1309.3333333333333
audi,a4 2.0t premium quattro,181000,gasoline,a/t,white,black,0,1,5500.0,211.0,2.0,15,11312.5
mercedes-benz,glc 300 base 4matic,48700,gasoline,9-speed a/t,blue,brown,0,1,27900.0,241.0,2.0,8,5411.111111111111
porsche,911 turbo cabriolet,13500,gasoline,6-speed m/t,gray,black,0,1,99175.0,480.0,3.6,17,750.0
toyota,86 860 special edition,87500,gasoline,6-speed a/t,silver,black,0,1,20000.0,200.0,2.0,9,8750.0
jaguar,xj8 l,45000,gasoline,a/t,silver,beige,0,1,12500.0,290.0,4.0,26,1666.6666666666667
chevrolet,corvette base,85760,gasoline,4-speed a/t,silver,black,0,1,14500.0,300.0,5.7,30,2766.451612903226
tesla,model 3 long range,36187,missing,1-speed a/t,white,black,0,1,28895.0,271.0,3.5,8,4020.777777777778
hyundai,tucson sel,13666,gasoline,8-speed automatic,portofino gray,black,0,0,27999.0,240.0,2.5,4,2733.2
porsche,911 carrera s,50500,gasoline,6-speed m/t,silver,black,0,1,56000.0,355.0,3.8,19,2525.0
lincoln,nautilus reserve,19291,gasoline,8-speed automatic,black,ebony,0,0,44340.0,335.0,2.0,5,3215.1666666666665
ford,mustang boss 302,1295,gasoline,m/t,silver,black,0,1,49990.0,444.0,5.0,14,86.33333333333333
cadillac,escalade premium luxury,55000,gasoline,8-speed a/t,white,beige,1,1,49900.0,420.0,6.2,9,5500.0
mini,cooper base,74000,gasoline,6-speed m/t,yellow,black,0,1,9650.0,118.0,1.6,16,4352.941176470588
dodge,durango r/t,14976,gasoline,8-speed automatic,white knuckle clearcoat,black,0,1,49999.0,360.0,5.7,4,2995.2
bmw,x5 xdrive35i,25348,gasoline,8-speed automatic,imperial blue metallic,black,1,0,33889.0,300.0,3.0,8,2816.4444444444443
chevrolet,corvette base,23133,gasoline,6-speed m/t,white,black,0,1,35000.0,430.0,6.2,16,1360.764705882353
jaguar,xe 20d prestige,34322,diesel,automatic,blue,beige,0,0,29998.0,340.0,2.0,8,3813.5555555555557
dodge,challenger r/t,39960,gasoline,8-speed a/t,white,gray,1,1,28500.0,375.0,5.7,5,6660.0
bmw,550 i xdrive,76400,gasoline,8-speed a/t,black,black,1,1,31300.0,445.0,4.4,10,6945.454545454545
ford,explorer xlt,18533,gasoline,10-speed automatic,white,ebony,0,1,38978.0,290.0,2.3,4,3706.6
gmc,yukon xl denali,7500,gasoline,10-speed a/t,gray,black,0,1,92888.0,420.0,6.2,3,1875.0
infiniti,qx80 sensory,26520,gasoline,7-speed a/t,blue,brown,1,1,64000.0,400.0,5.6,4,5304.0
land rover,range 3.0l supercharged,59500,e85 flex fuel,a/t,red,black,0,1,33800.0,340.0,3.0,12,4576.923076923077
honda,pilot ex-l,44000,gasoline,a/t,white,black,0,1,34999.0,280.0,3.5,6,6285.714285714285
pontiac,firebird base,111000,gasoline,a/t,white,gray,0,1,11000.0,200.0,3.8,25,4269.2307692307695
toyota,4runner limited,82260,gasoline,5-speed automatic,nautical blue pearl,black,0,1,31906.0,270.0,4.0,10,7478.181818181818
porsche,911 carrera cabriolet,52744,gasoline,transmission w/dual shift mode,gray,black,1,1,37500.0,325.0,3.6,20,2511.6190476190477
bmw,i8 base,28200,plug-in hybrid,transmission w/dual shift mode,gray,beige,1,1,79950.0,369.0,1.5,7,3525.0
nissan,maxima gle,194277,gasoline,a/t,blue,beige,1,1,2300.0,222.0,3.0,26,7195.444444444444
pontiac,firebird trans am,91812,gasoline,a/t,green,black,0,1,12850.0,310.0,5.7,25,3531.230769230769
chevrolet,suburban premier,84224,gasoline,6-speed automatic,tungsten metallic,jet black,0,1,43775.0,355.0,5.3,8,9358.222222222223
bmw,x2 xdrive28i,66690,gasoline,transmission w/dual shift mode,gray,black,1,1,24900.0,228.0,2.0,8,7410.0
mercedes-benz,amg c 43 base 4matic,41500,gasoline,9-speed a/t,white,brown,1,1,39848.0,362.0,3.0,8,4611.111111111111
bmw,750 i xdrive,85095,gasoline,8-speed a/t,black,brown,1,1,24900.0,445.0,4.4,12,6545.7692307692305
volvo,s60 t5 premier plus,39000,gasoline,transmission w/dual shift mode,silver,gray,1,1,17900.0,250.0,2.5,11,3250.0
tesla,model y long range,20500,missing,1-speed a/t,gray,black,0,1,46500.0,425.0,3.5,4,4100.0
ford,f-350 platinum,112000,diesel,6-speed a/t,black,black,0,1,61995.0,450.0,6.7,7,14000.0
volkswagen,id.4 pro s,1716,missing,automatic,gray,gray w/blue bolsters,0,0,39998.0,295.0,2.0,3,429.0
audi,a3 2.0t premium,90360,gasoline,a/t,black,black,1,1,15499.0,220.0,2.0,10,8214.545454545454
ford,explorer limited,82146,gasoline,10-speed automatic,gray,ebony,0,1,30825.0,290.0,2.3,6,11735.142857142857
ford,mustang gt premium,16850,gasoline,10-speed a/t,blue,black,1,1,41000.0,460.0,5.0,6,2407.1428571428573
honda,s2000 base,101000,gasoline,6-speed m/t,silver,black,0,1,28000.0,240.0,2.0,23,4208.333333333333
bmw,m235 i,68750,gasoline,6-speed m/t,red,black,0,1,25999.0,320.0,3.0,11,5729.166666666667
lamborghini,aventador s base,5858,gasoline,7-speed a/t,white,gray,0,1,99175.0,729.0,6.5,8,650.8888888888889
dodge,durango slt,143000,gasoline,a/t,beige,beige,0,1,3200.0,335.0,5.7,22,6217.391304347826
nissan,armada le,152270,gasoline,a/t,green,beige,1,1,6900.0,305.0,5.6,21,6921.363636363636
kia,sorento s,19605,gasoline,8-speed automatic,glacial white pearl,black,0,0,33591.0,201.0,2.5,5,3267.5
chevrolet,silverado 1500 rst,19200,gasoline,10-speed a/t,gray,black,0,1,69999.0,355.0,5.3,6,2742.8571428571427
chevrolet,impala base,64500,gasoline,a/t,beige,beige,0,1,5900.0,180.0,3.4,22,2804.3478260869565
toyota,tacoma prerunner,149000,gasoline,a/t,black,beige,0,1,18995.0,236.0,4.0,15,9312.5
mclaren,570s spider,5918,gasoline,7-speed automatic with auto-shift,silician yellow,jet black,0,0,99175.0,562.0,3.8,8,657.5555555555555
pontiac,firebird trans am,134033,gasoline,a/t,red,beige,1,1,7200.0,285.0,5.7,29,4467.766666666666
kia,stinger gt1,37226,gasoline,automatic,snow white pearl,black,0,0,34998.0,365.0,3.3,7,4653.25
ford,escape se,71924,gasoline,a/t,beige,beige,0,1,13700.0,179.0,1.5,9,7192.4
lamborghini,huracan evo coupe,5718,gasoline,automatic,arancio borealis,nero ade,0,0,99175.0,573.0,5.2,5,953.0
jeep,wrangler unlimited sport,122200,gasoline,a/t,orange,black,1,1,21500.0,285.0,3.6,12,9400.0
land rover,range sport hst mhev,37248,hybrid,8-speed a/t,silver,black,0,1,54500.0,395.0,3.0,6,5321.142857142857
chevrolet,silverado 1500 base,88750,gasoline,a/t,white,gray,0,1,6800.0,255.0,4.8,27,3169.6428571428573
cadillac,xlr v,64800,gasoline,6-speed a/t,black,black,0,0,24700.0,443.0,4.4,18,3410.5263157894738
ford,fusion hybrid titanium,112180,hybrid,automatic cvt,white,charcoal black,0,0,12599.0,325.0,2.0,12,8629.23076923077
ram,2500 slt,149130,diesel,6-speed a/t,white,black,1,1,35000.0,350.0,6.7,11,12427.5
tesla,model y long range,88000,missing,1-speed a/t,gray,white,0,1,35500.0,425.0,3.5,6,12571.42857142857
toyota,highlander xle,74000,gasoline,8-speed a/t,white,black,0,1,27950.0,295.0,3.5,8,8222.222222222223
ford,f-150 xlt,44460,gasoline,10-speed a/t,red,gray,0,1,34500.0,325.0,2.7,7,5557.5
gmc,acadia sle-2,96000,gasoline,6-speed a/t,blue,beige,0,1,17000.0,281.0,3.6,11,8000.0
porsche,boxster base,75000,gasoline,5-speed m/t,silver,black,0,0,17500.0,240.0,2.7,21,3409.090909090909
dodge,charger r/t,95000,gasoline,transmission w/dual shift mode,black,black,0,1,17900.0,370.0,5.7,12,7307.692307692308
land rover,range sport supercharged hse,49799,gasoline,a/t,brown,brown,0,1,37500.0,340.0,3.0,10,4527.181818181818
ford,mustang gt,27407,gasoline,5-speed m/t,silver,red,0,1,21750.0,300.0,4.6,20,1305.095238095238
alfa romeo,romeo giulia ti,23339,gasoline,8-speed automatic,rosso,black,0,0,34645.0,280.0,2.0,6,3334.1428571428573
tesla,model s 90d,74122,missing,a/t,black,black,0,1,35900.0,417.0,3.5,10,6738.363636363636
jaguar,xk8 base,50000,gasoline,a/t,white,beige,0,1,6000.0,290.0,4.0,29,1666.6666666666667
mercedes-benz,glc 300 glc 300,14745,gasoline,automatic,graphite grey,–,0,0,38998.0,362.0,2.0,5,2457.5
chevrolet,corvette stingray w/3lt,2700,gasoline,transmission w/dual shift mode,blue,blue,0,1,85950.0,490.0,6.2,5,450.0
buick,regal turbo - premium 1,190000,gasoline,6-speed a/t,beige,beige,1,1,6000.0,220.0,2.0,14,12666.666666666666
audi,a4 2.0t premium,90236,e85 flex fuel,transmission w/dual shift mode,gray,black,0,1,9999.0,220.0,2.0,12,6941.2307692307695
jeep,gladiator overland,4000,gasoline,8-speed a/t,silver,black,0,1,50000.0,285.0,3.6,6,571.4285714285714
land rover,range westminster swb,2220,hybrid,8-speed a/t,blue,white,0,1,99175.0,395.0,3.0,4,444.0
gmc,yukon xl denali,124000,gasoline,8-speed a/t,gray,beige,1,1,32000.0,420.0,6.2,9,12400.0
ford,ranger lariat,45163,gasoline,10-speed automatic,red,–,0,1,35690.0,325.0,2.3,7,5645.375
volkswagen,passat 2.0t se,49400,gasoline,6-speed a/t,black,brown,0,1,20900.0,174.0,2.0,6,7057.142857142857
porsche,911 carrera,11256,gasoline,8-speed a/t,red,black,0,1,99175.0,379.0,3.0,6,1608.0
chevrolet,corvette stingray w/1lt,13700,gasoline,a/t,white,red,0,1,75000.0,490.0,6.2,5,2283.3333333333335
land rover,range hse,174678,gasoline,6-speed a/t,black,black,0,1,9500.0,230.0,3.2,15,10917.375
lexus,rx 450h f sport handling,1600,hybrid,a/t,white,black,0,1,59000.0,308.0,3.5,4,320.0
porsche,911 gt3 rs,15509,gasoline,7-speed automatic with auto-shift,lizard green,black,0,0,99175.0,364.5,4.0,7,1938.625
ford,expedition platinum,69849,gasoline,10-speed automatic,red,ebony,0,1,48149.0,400.0,3.5,6,9978.42857142857
toyota,tacoma prerunner,160000,gasoline,a/t,white,–,1,1,17000.0,236.0,4.0,18,8421.052631578947
toyota,mirai base,40000,missing,a/t,silver,black,0,1,9500.0,151.0,3.5,10,3636.3636363636365
ford,explorer sport trac xlt,228000,gasoline,a/t,red,beige,1,1,3850.0,292.0,4.6,19,11400.0
gmc,sierra 1500 sle1 extended cab,187000,missing,4-speed a/t,red,gray,1,1,6100.0,355.0,5.3,18,9842.105263157895
mercedes-benz,c-class c 300 luxury,102000,gasoline,7-speed a/t,black,black,0,1,17000.0,241.0,2.0,11,8500.0
cadillac,srx standard,48000,gasoline,6-speed a/t,white,black,1,1,24995.0,308.0,3.6,10,4363.636363636364
chrysler,town & country touring-l,163500,e85 flex fuel,6-speed a/t,gray,beige,0,1,5949.0,283.0,3.6,14,10900.0
porsche,911 carrera,1500,gasoline,a/t,silver,black,0,1,99175.0,379.0,3.0,3,375.0
porsche,718 cayman gt4,2100,gasoline,6-speed m/t,yellow,black,0,0,99175.0,414.0,4.0,5,350.0
ford,f-350 lariat,66281,diesel,transmission w/dual shift mode,gray,black,0,1,63500.0,450.0,6.7,8,7364.555555555556
ford,mustang mach-e select,18000,missing,a/t,blue,black,0,1,39499.0,266.0,3.5,5,3000.0
ford,f-150 xl,27300,gasoline,6-speed a/t,gray,gray,0,1,21500.0,365.0,3.5,12,2100.0
mazda,cx-30 base,19319,gasoline,6-speed automatic,snowflake white pearl,black,1,1,24899.0,184.0,2.5,6,2759.8571428571427
mercedes-benz,amg g amg g 63 4matic,32936,gasoline,transmission w/dual shift mode,white,beige,1,1,90000.0,563.0,5.5,10,2994.181818181818
bmw,m4 base,30450,gasoline,transmission w/dual shift mode,white,black,0,1,52999.0,425.0,3.0,9,3045.0
jeep,wrangler sport,38200,gasoline,a/t,red,–,0,1,29500.0,285.0,3.6,9,3820.0
jeep,wrangler sport,26315,gasoline,8-speed automatic,black clearcoat,black,0,1,31871.0,243.5,2.0,6,3759.285714285714
chevrolet,silverado 1500 ls,110000,gasoline,a/t,green,beige,0,1,8900.0,270.0,4.8,23,4583.333333333333
mini,hardtop cooper,19700,gasoline,6-speed a/t,silver,black,0,1,13500.0,189.0,2.0,12,1515.3846153846155
honda,element ex,192000,gasoline,5-speed a/t,black,gray,1,1,11000.0,166.0,2.4,18,10105.263157894737
porsche,911 carrera 4s,26000,gasoline,transmission w/dual shift mode,gray,red,0,1,99175.0,420.0,3.0,9,2600.0
subaru,impreza outback sport wagon,98313,gasoline,4-speed a/t,silver,gray,0,1,7495.0,170.0,2.5,18,5174.368421052632
cadillac,xt5 premium luxury,66500,gasoline,a/t,silver,black,0,1,28500.0,310.0,3.6,5,11083.333333333334
nissan,kicks s,19877,gasoline,automatic cvt,super black,charcoal,0,0,18999.0,287.0,1.6,4,3975.4
kia,seltos s,16100,gasoline,a/t,blue,black,0,1,25500.0,146.0,2.0,5,2683.3333333333335
gmc,yukon sle,83858,gasoline,6-speed a/t,blue,gray,1,1,27633.0,355.0,5.3,10,7623.454545454545
mercedes-benz,gle 350 base 4matic,24108,gasoline,9-speed a/t,black,black,0,1,56000.0,255.0,2.0,6,3444.0
ford,explorer xlt,42609,gasoline,10-speed automatic,magnetic metallic,ebony,1,1,32107.0,290.0,2.3,6,6087.0
subaru,impreza 2.0i premium,160000,gasoline,a/t,white,beige,1,1,7750.0,152.0,2.0,9,16000.0
infiniti,qx80 base,121525,gasoline,a/t,black,black,1,1,28500.0,400.0,5.6,9,12152.5
kia,telluride s,6423,gasoline,a/t,gray,black,0,1,42500.0,291.0,3.8,3,1605.75
pontiac,solstice base,62310,gasoline,5-speed a/t,gray,black,0,1,12900.0,177.0,2.4,19,3115.5
mazda,mazda6 carbon edition,21444,gasoline,6-speed automatic,polymetal gray metallic,red,0,1,29995.0,184.0,2.5,5,3574.0
ford,transit-350 base,112000,gasoline,a/t,white,gray,1,1,29500.0,310.0,3.5,11,9333.333333333334
hyundai,genesis coupe 3.8 grand touring,60000,gasoline,a/t,white,–,0,1,16500.0,344.0,3.8,13,4285.714285714285
dodge,dart se,153250,gasoline,6-speed a/t,silver,black,0,1,4399.0,160.0,1.4,13,10946.42857142857
jeep,wrangler unlimited sahara,57000,gasoline,8-speed a/t,gray,black,0,1,39900.0,285.0,3.6,7,7125.0
chevrolet,tahoe ltz,140401,e85 flex fuel,6-speed a/t,red,beige,1,1,16000.0,320.0,5.3,15,8775.0625
ford,f-150 tremor,5500,gasoline,10-speed a/t,gray,black,0,1,70000.0,400.0,3.5,3,1375.0
chevrolet,corvette stingray w/2lt,2010,gasoline,transmission w/dual shift mode,gray,brown,0,1,89000.0,490.0,6.2,4,402.0
tesla,model 3 long range,24360,missing,a/t,black,white,0,1,31500.0,271.0,3.5,8,2706.6666666666665
audi,a4 2.0t premium,96800,gasoline,a/t,gray,black,1,1,11000.0,211.0,2.0,13,6914.285714285715
cadillac,cts performance,34988,gasoline,6-speed a/t,red,black,0,1,21500.0,318.0,3.6,12,2691.3846153846152
nissan,frontier sv,65750,gasoline,a/t,black,gray,1,1,15995.0,261.0,4.0,14,4383.333333333333
chevrolet,silverado 1500 ltz,56654,gasoline,automatic,cajun red tintcoat,jet black,0,1,43860.0,355.0,6.2,7,7081.75
lincoln,mkt base,140200,gasoline,6-speed a/t,black,black,0,1,10500.0,303.0,3.7,10,12745.454545454546
chevrolet,cruze lt automatic,122971,gasoline,6-speed automatic,kinetic blue,jet black,1,1,12999.0,355.0,1.4,10,11179.181818181818
nissan,xterra s,227010,gasoline,5-speed a/t,gray,gray,0,1,3850.0,261.0,4.0,18,11947.894736842105
ford,f-150 lariat supercrew,271000,gasoline,a/t,red,beige,1,1,9500.0,300.0,5.4,22,11782.608695652174
porsche,911 turbo,13800,gasoline,8-speed a/t,gray,red,0,1,99175.0,572.0,3.8,4,2760.0
dodge,ram 2500 quad cab,171079,diesel,a/t,silver,gray,0,1,27500.0,245.0,5.9,25,6579.961538461538
chevrolet,colorado zr2,24915,gasoline,automatic,satin steel metallic,jet black,0,0,44791.0,308.0,3.6,5,4152.5
nissan,kicks s,15577,gasoline,automatic cvt,electric blue metallic,charcoal,0,0,19599.0,287.0,1.6,4,3115.4
audi,s4 3.0t premium plus,102370,gasoline,7-speed a/t,gray,black,0,1,21373.0,333.0,3.0,12,7874.615384615385
lamborghini,gallardo lp570-4 superleggera,16000,gasoline,transmission w/dual shift mode,yellow,black,0,1,99175.0,562.0,5.2,15,1000.0
mercedes-benz,c-class c 250 luxury,122000,gasoline,7-speed a/t,white,white,0,1,15000.0,201.0,1.8,14,8133.333333333333
fiat,500x trekking plus,48500,gasoline,a/t,yellow,brown,0,1,15999.0,180.0,2.4,10,4409.090909090909
ford,f-150 xlt,53500,gasoline,10-speed a/t,brown,beige,1,1,31500.0,325.0,2.7,8,5944.444444444444
ford,f-250 xl crew cab super duty,315000,diesel,a/t,white,gray,0,1,9200.0,325.0,6.0,22,13695.652173913044
ford,e350 super duty base,158000,gasoline,a/t,white,gray,1,1,8500.0,305.0,6.8,20,7523.809523809524
kia,sorento sxl,43850,gasoline,8-speed a/t,black,black,1,1,30000.0,290.0,3.3,7,5481.25
mercedes-benz,c-class c 300 4matic sport,73500,gasoline,7-speed a/t,white,black,0,1,19000.0,241.0,2.0,11,6125.0
nissan,altima 2.5 sl,153350,gasoline,a/t,black,black,1,1,9000.0,182.0,2.5,12,11796.153846153846
volkswagen,tiguan 2.0t sel premium r-line,74000,gasoline,a/t,white,silver,0,1,25500.0,184.0,2.0,7,9250.0
bmw,328 i xdrive,52000,gasoline,transmission w/dual shift mode,white,beige,0,1,17500.0,240.0,2.0,13,3714.285714285714
audi,q4 e-tron 50 premium plus,250,missing,1-speed a/t,gray,black,0,1,52000.0,295.0,3.0,4,50.0
nissan,pathfinder s,145000,gasoline,a/t,silver,gray,1,1,8500.0,284.0,3.5,9,14500.0
subaru,ascent touring 7-passenger,40971,gasoline,transmission w/dual shift mode,blue,brown,0,1,32500.0,260.0,2.4,6,5853.0
ford,e350 super duty xlt,248000,e85 flex fuel,a/t,silver,beige,1,1,14000.0,255.0,5.4,16,14588.235294117647
gmc,hummer ev edition 1,940,missing,a/t,white,black,0,0,99175.0,355.0,5.3,3,235.0
bmw,m3 cs,38000,gasoline,a/t,white,black,0,1,60500.0,453.0,3.0,8,4222.222222222223
acura,tlx v6 advance,128000,gasoline,a/t,gray,black,0,1,19500.0,290.0,3.5,10,11636.363636363636
chevrolet,silverado 1500 zr2,7455,gasoline,automatic,glacier blue metallic,jet black,0,0,68990.0,355.0,6.2,4,1491.0
jeep,wrangler se,137790,gasoline,5-speed m/t,red,–,0,1,12000.0,120.0,2.5,27,4921.071428571428
ford,edge sport,92000,gasoline,6-speed a/t,white,black,0,1,19995.0,315.0,2.7,10,8363.636363636364
porsche,911 carrera cabriolet,21450,gasoline,6-speed m/t,black,black,0,1,36000.0,300.0,3.4,25,825.0
nissan,murano sl,43875,gasoline,automatic cvt,magnetic black,graphite,1,0,29725.0,245.0,3.5,5,7312.5
pontiac,g8 gt,81327,gasoline,transmission w/dual shift mode,black,black,0,1,17500.0,355.0,6.0,17,4518.166666666667
mercedes-benz,e-class e 350,72836,gasoline,9-speed a/t,white,beige,0,1,41000.0,255.0,2.0,5,12139.333333333334
mclaren,720s performance,5072,gasoline,7-speed automatic with auto-shift,black,red,0,1,99175.0,710.0,4.0,6,724.5714285714286
jeep,commander sport,161900,e85 flex fuel,a/t,blue,gray,1,1,4800.0,235.0,4.7,19,8095.0
audi,a5 45 s line premium plus,24500,hybrid,transmission w/dual shift mode,white,black,0,1,47000.0,261.0,2.0,4,4900.0
bmw,m550 i xdrive,14993,gasoline,8-speed a/t,gray,black,0,1,44900.0,456.0,4.4,8,1665.888888888889
volkswagen,jetta 1.4t r-line,96000,gasoline,a/t,orange,white,1,1,14980.0,147.0,1.4,7,12000.0
porsche,taycan 4s,7900,missing,2-speed a/t,red,–,0,1,99175.0,482.0,3.45,4,1580.0
cadillac,cts 2.0l turbo luxury,35566,gasoline,8-speed a/t,white,beige,1,1,26000.0,265.0,2.0,7,4445.75
lexus,is-f base,113000,gasoline,8-speed a/t,black,black,1,1,34000.0,416.0,5.0,18,5947.368421052632
ford,explorer xlt,20678,gasoline,a/t,red,black,0,1,46000.0,300.0,2.3,4,4135.6
porsche,911 turbo cabriolet,10900,gasoline,6-speed m/t,black,black,0,1,99175.0,480.0,3.6,18,573.6842105263158
buick,lacrosse leather,19079,hybrid,6-speed a/t,gold,beige,0,1,15995.0,182.0,2.4,14,1271.9333333333334
mazda,rx-8 sport,155500,gasoline,a/t,blue,black,1,1,6800.0,212.0,1.3,18,8184.210526315789
ford,mustang gt premium,35500,gasoline,10-speed a/t,white,black,0,1,32300.0,460.0,5.0,7,4437.5
mazda,mazda6 touring,52253,gasoline,6-speed automatic,snowflake white pearl,black,1,1,25215.0,187.0,2.5,5,8708.833333333334
ford,ranger edge supercab,110000,gasoline,a/t,white,gray,1,1,8500.0,148.0,3.0,22,4782.608695652174
volkswagen,golf gti 2.0t se w/performance package 4-door,59250,gasoline,transmission w/dual shift mode,gray,black,0,1,18999.0,220.0,2.0,10,5386.363636363636
ford,thunderbird deluxe,39000,gasoline,a/t,black,beige,0,0,22000.0,280.0,3.9,22,1695.6521739130435
hummer,h2 base,155000,gasoline,6-speed a/t,green,black,1,1,37000.0,393.0,6.2,18,8157.894736842105
bmw,x5 sdrive35i,39250,gasoline,a/t,black,beige,0,1,28900.0,300.0,3.0,9,3925.0
bmw,x3 xdrive30i,23647,gasoline,8-speed automatic,black sapphire metallic,canberra beige,0,1,37998.0,248.0,2.0,6,3378.1428571428573
hyundai,accent gls,127941,gasoline,a/t,silver,gray,0,1,7500.0,138.0,1.6,12,9841.615384615385
ram,1500 big horn,124000,gasoline,8-speed a/t,black,black,0,1,24850.0,395.0,5.7,12,9538.461538461539
ford,bronco heritage edition advanced,1500,gasoline,7-speed m/t,red,–,0,1,60000.0,275.0,2.3,3,375.0
mini,countryman cooper s all4,70700,gasoline,6-speed a/t,white,black,0,1,15750.0,181.0,1.6,12,5438.461538461538
cadillac,escalade premium,113395,e85 flex fuel,6-speed a/t,beige,beige,1,1,18800.0,403.0,6.2,13,8099.642857142857
mercedes-benz,gle 350 gle 350,18815,gasoline,automatic,black,black,0,0,61998.0,362.0,2.0,4,3763.0
toyota,4runner limited,65000,gasoline,a/t,gray,red,0,1,27999.0,270.0,4.0,12,5000.0
audi,a8 l 55,23350,hybrid,transmission w/dual shift mode,black,brown,0,1,48000.0,335.0,3.0,7,2918.75
lexus,es 350 base,39000,gasoline,transmission w/dual shift mode,black,red,1,1,34000.0,302.0,3.5,7,4875.0
toyota,4runner limited nightshade,48842,gasoline,5-speed automatic,white,–,1,1,39857.0,270.0,4.0,7,6105.25
fiat,500 sport,47800,gasoline,a/t,black,black,1,1,11500.0,101.0,1.4,11,3983.3333333333335
ford,maverick xlt,52000,hybrid,cvt transmission,blue,gray,0,1,28000.0,191.0,2.5,4,10400.0
ford,mustang gt,16000,gasoline,5-speed a/t,silver,black,0,1,22000.0,300.0,4.6,20,761.9047619047619
jeep,wrangler sport,7102,gasoline,8-speed automatic,bright white clearcoat,black,0,1,40995.0,243.5,2.0,3,1775.5
jeep,grand cherokee limited,157000,e85 flex fuel,a/t,white,black,0,1,17000.0,290.0,3.6,11,13083.333333333334
ford,mustang mach-e gt,9095,missing,a/t,orange,gray,0,1,59000.0,480.0,3.5,3,2273.75
jeep,compass sport,179700,gasoline,a/t,black,gray,1,1,4500.0,172.0,2.4,16,10570.588235294117
lexus,ls 430 base,170000,gasoline,a/t,silver,gray,0,1,7500.0,278.0,4.3,20,8095.238095238095
rolls-royce,cullinan,3420,gasoline,8-speed automatic,red,black,0,1,99175.0,563.0,6.7,4,684.0
ford,f-250 king ranch,93400,diesel,10-speed a/t,red,brown,0,0,69995.0,475.0,6.7,5,15566.666666666666
bmw,x5 xdrive50i,110000,gasoline,transmission w/dual shift mode,white,blue,1,1,12000.0,400.0,4.4,15,6875.0
porsche,911 carrera,22500,gasoline,a/t,gray,beige,0,1,78000.0,350.0,3.4,10,2045.4545454545455
ford,focus st base,20800,gasoline,6-speed m/t,yellow,gray,0,1,19795.0,252.0,2.0,13,1485.7142857142858
lexus,es 300h base,100868,hybrid,cvt transmission,white,beige,1,1,23400.0,200.0,2.5,8,11207.555555555555
volkswagen,cc sport,131986,gasoline,m/t,white,black,1,1,9000.0,200.0,2.0,14,8799.066666666668
volkswagen,golf sportwagen tsi s 4-door,127770,gasoline,5-speed m/t,white,beige,0,1,13800.0,170.0,1.8,10,11615.454545454546
porsche,911 carrera s,56985,gasoline,7-speed a/t,blue,gray,0,1,65900.0,400.0,3.8,13,4070.3571428571427
toyota,prius plug-in base,106000,plug-in hybrid,a/t,green,beige,1,1,11800.0,134.0,1.8,12,8153.846153846154
ford,f-250 xlt,92671,diesel,a/t,black,black,1,1,50000.0,450.0,6.7,7,11583.875
mercedes-benz,s-class s 560 4matic,49500,gasoline,a/t,black,beige,0,1,55900.0,463.0,4.0,7,6187.5
porsche,911 carrera,16741,gasoline,a/t,green,black,0,1,99175.0,379.0,3.0,6,2391.5714285714284
ford,mustang gt,133504,gasoline,6-speed m/t,black,black,0,1,23500.0,412.0,5.0,15,8344.0
cadillac,cts 2.0l turbo luxury,20296,gasoline,8-speed automatic,red obsession,very light cashmere,0,0,30599.0,265.0,2.0,7,2537.0
volkswagen,jetta 1.4t r-line,55234,gasoline,8-speed automatic,platinum gray metallic,black / gray,0,0,19290.0,147.0,1.4,7,6904.25
jeep,wrangler x,162482,gasoline,6-speed m/t,orange,gray,0,1,11000.0,190.0,4.0,21,7385.545454545455
lincoln,ls v8,42000,gasoline,a/t,silver,black,1,1,11000.0,252.0,3.9,24,1680.0
ford,f-150 lightning lariat,470,missing,1-speed a/t,white,gray,0,1,71900.0,563.0,3.5,4,94.0
mercedes-benz,c-class c55 amg sport,98300,gasoline,transmission w/dual shift mode,black,black,1,1,15900.0,362.0,5.4,20,4680.952380952381
audi,s6 4.0t prestige,53900,gasoline,7-speed a/t,black,black,0,0,27450.0,420.0,4.0,13,3850.0
bmw,335 i xdrive,82849,gasoline,8-speed a/t,red,black,0,1,19999.0,300.0,3.0,13,5917.785714285715
porsche,911 carrera 4s cabriolet,25500,gasoline,6-speed m/t,black,black,0,1,79995.0,385.0,3.8,17,1416.6666666666667
kia,forte lxs,53452,gasoline,a/t,silver,black,1,1,16995.0,147.0,2.0,6,7636.0
chevrolet,corvette base,40011,gasoline,4-speed a/t,red,black,0,1,23500.0,350.0,5.7,22,1739.608695652174
hyundai,santa fe sport 2.0l turbo,45800,gasoline,a/t,silver,black,1,1,20900.0,240.0,2.0,8,5088.888888888889
ram,1500 laramie,15741,gasoline,8-speed automatic,flame red clearcoat,black,0,0,45999.0,395.0,5.7,4,3148.2
kia,sorento sx prestige,11100,gasoline,transmission w/dual shift mode,white,black,0,1,40200.0,281.0,2.5,3,2775.0
ford,f-250 xl,36000,e85 flex fuel,a/t,white,gray,0,1,44000.0,385.0,6.2,6,5142.857142857143
bmw,x5 xdrive35i,69750,gasoline,8-speed a/t,white,brown,1,1,15999.0,300.0,3.0,13,4982.142857142857
mercedes-benz,c-class c 300 4matic,19162,gasoline,transmission w/dual shift mode,black,black,0,1,38500.0,255.0,2.0,5,3193.6666666666665
audi,q5 s line premium plus,6046,hybrid,automatic,daytona gray,black,0,0,51598.0,333.0,2.0,3,1511.5
ford,explorer xlt,17000,gasoline,10-speed a/t,blue,black,1,1,21000.0,300.0,2.3,6,2428.5714285714284
audi,a6 55 premium,10832,hybrid,7-speed a/t,black,black,0,1,42500.0,335.0,3.0,7,1354.0
toyota,matrix xr,173452,gasoline,4-speed a/t,silver,black,1,1,4000.0,130.0,1.8,22,7541.391304347826
kia,optima sx turbo,103338,gasoline,6-speed automatic,remington red metallic,black,1,0,17238.0,201.0,2.0,9,10333.8
ford,f-150 lariat,28000,gasoline,a/t,black,black,0,1,53500.0,400.0,3.5,4,5600.0
audi,q8 3.0t premium,51984,hybrid,8-speed a/t,white,–,0,1,44870.0,335.0,3.0,7,6498.0
chevrolet,corvette stingray w/2lt,8974,gasoline,a/t,orange,black,1,1,79900.0,490.0,6.2,6,1282.0
scion,tc anniversary edition,99999,gasoline,6-speed m/t,white,black,0,1,10998.0,179.0,2.5,12,7692.2307692307695
mercedes-benz,c-class c 300,59400,gasoline,7-speed a/t,black,black,1,1,21000.0,241.0,2.0,9,5940.0
nissan,murano sv,47147,gasoline,automatic cvt,brilliant silver metallic,graphite,0,1,23625.0,287.0,3.5,6,6735.285714285715
ford,mustang gt,53782,gasoline,6-speed m/t,black,black,1,1,29950.0,460.0,5.0,8,5975.777777777777
ford,taurus sho,160000,gasoline,a/t,black,black,0,1,4700.0,365.0,3.5,15,10000.0
chevrolet,tahoe ltz,500,gasoline,6-speed a/t,white,black,1,1,37000.0,355.0,5.3,11,41.666666666666664
ford,escape sel,42000,gasoline,a/t,white,beige,0,0,19000.0,181.0,1.5,6,6000.0
dodge,grand caravan se,64000,e85 flex fuel,a/t,white,gray,0,1,35000.0,283.0,3.6,8,7111.111111111111
hyundai,elantra hev limited,28600,hybrid,a/t,gray,black,0,1,23999.0,139.0,1.6,5,4766.666666666667
gmc,canyon denali,26339,gasoline,8-speed a/t,red,black,1,1,36750.0,308.0,3.6,7,3292.375
alfa romeo,romeo giulia quadrifoglio,28644,gasoline,8-speed a/t,black,black,0,0,41500.0,505.0,2.9,8,3182.6666666666665
subaru,impreza wrx,148740,gasoline,5-speed m/t,black,black,1,1,14500.0,224.0,2.5,18,7828.421052631579
gmc,sierra 2500 denali,16919,diesel,10-speed a/t,black,black,1,1,73000.0,445.0,6.6,5,2819.8333333333335
chevrolet,tahoe ls,170000,gasoline,4-speed a/t,silver,gray,1,1,9000.0,285.0,4.8,21,7727.272727272727
mercedes-benz,sl-class sl 550,130000,gasoline,a/t,gray,beige,1,1,26900.0,429.0,4.6,13,9285.714285714286
ford,escape phev se,1889,plug-in hybrid,cvt transmission,white,gray,0,1,32850.0,221.0,2.5,4,377.8
dodge,charger gt,62197,gasoline,8-speed automatic,white knuckle clearcoat,black,0,1,26691.0,300.0,3.6,8,6910.777777777777
ford,f-150 xlt,71000,e85 flex fuel,a/t,black,–,1,1,24350.0,385.0,5.0,10,6454.545454545455
lexus,nx 200t base,83400,gasoline,a/t,blue,brown,1,1,22495.0,235.0,2.0,10,7581.818181818182
cadillac,xt5 base,74414,gasoline,8-speed a/t,black,beige,0,1,26000.0,310.0,3.6,7,9301.75
ford,mustang shelby gt500,29816,gasoline,6-speed m/t,black,black,0,1,38000.0,540.0,5.4,16,1753.8823529411766
ford,f-250 lariat,68749,diesel,transmission w/dual shift mode,gray,black,0,1,45000.0,440.0,6.7,11,5729.083333333333
bmw,325 i,190395,gasoline,a/t,black,brown,0,1,5000.0,184.0,2.5,21,8654.318181818182
lamborghini,huracan lp610-4,34152,gasoline,7-speed a/t,blue,red,0,1,99175.0,602.0,5.2,11,2846.0
toyota,camry xle,98528,gasoline,5-speed a/t,white,gray,1,1,7450.0,158.0,2.4,19,4926.4
bmw,335 i,91500,gasoline,6-speed a/t,blue,beige,1,1,13599.0,300.0,3.0,15,5718.75
chevrolet,camaro 1ss,50850,gasoline,6-speed m/t,blue,black,0,1,37000.0,455.0,6.2,9,5085.0
mazda,mx-5 miata base,130000,gasoline,a/t,green,beige,1,1,9000.0,140.0,1.8,27,4642.857142857143
toyota,tundra sr5 double cab,199400,gasoline,a/t,gray,gray,1,1,8500.0,282.0,4.7,21,9063.636363636364
ram,2500 powerwagon,84220,gasoline,6-speed a/t,white,gray,1,1,26500.0,383.0,5.7,13,6015.714285714285
mercedes-benz,s-class s 550 4matic,67280,gasoline,7-speed a/t,white,black,0,1,41999.0,449.0,4.7,10,6116.363636363636
volkswagen,passat 2.0t r-line,16538,gasoline,automatic,reflex silver,titan black,0,0,25998.0,200.0,2.0,5,2756.3333333333335
toyota,tundra platinum,66000,gasoline,6-speed a/t,gray,black,0,1,51000.0,381.0,5.7,8,7333.333333333333
cadillac,escalade luxury,53450,gasoline,10-speed a/t,white,beige,0,1,49999.0,420.0,6.2,8,5938.888888888889
volkswagen,golf alltrack tsi se,63277,gasoline,6-speed a/t,white,black,0,1,20900.0,170.0,1.8,8,7030.777777777777
nissan,altima 2.5 s,30900,gasoline,a/t,silver,gray,0,1,21000.0,182.0,2.5,6,4414.285714285715
mercedes-benz,gla 250 base 4matic,60854,gasoline,automatic,white,black,0,0,25498.0,214.5,2.0,7,7606.75
ford,f-150 platinum,85000,gasoline,6-speed a/t,white,black,0,1,31000.0,365.0,3.5,11,7083.333333333333
toyota,rav4 se,108130,gasoline,transmission w/dual shift mode,gray,orange,0,1,18500.0,176.0,2.5,10,9830.0
toyota,4runner trd sport,11400,gasoline,a/t,green,black,0,1,46000.0,270.0,4.0,3,2850.0
mercedes-benz,gl-class gl 450 4matic,63300,gasoline,7-speed a/t,black,black,0,1,22800.0,362.0,4.6,13,4521.428571428572
tesla,model y performance,27500,missing,a/t,gray,white,0,1,44000.0,455.0,3.5,6,3928.5714285714284
bmw,x5 xdrive 35i sport activity,122600,gasoline,8-speed a/t,black,black,1,1,12900.0,300.0,3.0,14,8173.333333333333
dodge,charger base,145565,gasoline,a/t,blue,gray,1,1,4500.0,250.0,3.5,20,6931.666666666667
ford,transit-250 base,66500,gasoline,6-speed a/t,white,gray,0,1,27000.0,310.0,3.5,10,6045.454545454545
bmw,330 i xdrive,75000,gasoline,a/t,blue,black,0,1,20000.0,248.0,2.0,9,7500.0
mazda,cx-5 grand touring,24781,gasoline,6-speed automatic,machine gray metallic,black,0,0,28991.0,184.0,2.5,5,4130.166666666667
bmw,x5 m base,67000,gasoline,a/t,silver,black,1,1,24500.0,555.0,4.4,13,4785.714285714285
audi,q5 2.0t premium plus,24500,gasoline,a/t,black,–,0,1,31000.0,248.0,2.0,7,3062.5
audi,s5 3.0t prestige,37500,gasoline,7-speed a/t,black,black,0,1,26000.0,333.0,3.0,13,2678.5714285714284
nissan,gt-r premium,101000,gasoline,transmission w/dual shift mode,white,black,0,1,59000.0,545.0,3.8,13,7214.285714285715
tesla,model 3 long range,25000,missing,1-speed a/t,blue,black,0,1,49995.0,425.0,3.5,6,3571.4285714285716
toyota,camry solara sle v6,245000,gasoline,a/t,black,beige,1,1,2500.0,200.0,3.0,26,9074.074074074075
tesla,model y long range,49252,missing,1-speed automatic,deep blue metallic,black,0,0,37999.0,425.0,3.5,5,8208.666666666666
buick,cascada base,103814,gasoline,6-speed a/t,white,black,1,1,14995.0,200.0,1.6,10,9437.636363636364
toyota,4runner venture,27000,gasoline,a/t,white,black,0,1,48500.0,270.0,4.0,5,4500.0
bmw,530 i xdrive,60942,gasoline,8-speed automatic,glacier silver metallic,black,0,1,32085.0,335.0,2.0,5,10157.0
bmw,535 i xdrive,100780,gasoline,8-speed a/t,gray,black,1,1,12000.0,300.0,3.0,15,6298.75
tesla,model s 100d,65000,missing,a/t,blue,black,0,1,41000.0,518.0,3.5,8,7222.222222222223
lexus,gx 460 base,167000,gasoline,a/t,black,beige,1,1,19470.0,301.0,4.6,14,11133.333333333334
chevrolet,trailblazer ss,161000,gasoline,4-speed a/t,red,black,1,1,17000.0,390.0,6.0,18,8473.684210526315
subaru,impreza wrx,90200,gasoline,5-speed m/t,blue,black,0,1,12499.0,227.0,2.0,21,4100.0
volkswagen,passat 2.5 se,159870,gasoline,a/t,white,beige,1,1,9750.0,170.0,2.5,14,10658.0
porsche,911 carrera cabriolet,38000,missing,transmission w/dual shift mode,blue,gray,0,0,75000.0,312.5,3.5,30,1225.8064516129032
audi,q5 40 premium,14550,hybrid,7-speed a/t,silver,brown,0,1,41500.0,201.0,2.0,4,2910.0
infiniti,q60 3.0t red sport 400,38000,gasoline,a/t,red,white,0,1,32000.0,400.0,3.0,8,4222.222222222223
chevrolet,camaro z28,35515,gasoline,m/t,silver,black,1,1,21000.0,310.0,5.7,24,1420.6
mazda,protege dx,94200,missing,a/t,gray,–,1,1,2500.0,184.0,2.5,33,2770.5882352941176
mercedes-benz,sl-class sl550 roadster,33300,gasoline,7-speed a/t,white,beige,0,1,34500.0,382.0,5.5,18,1752.6315789473683
mercedes-benz,c-class c 300 4matic,90189,gasoline,a/t,white,–,1,1,17995.0,241.0,2.0,10,8199.0
land rover,range autobiography,1148,gasoline,automatic,carpathian grey,ebony,0,0,99175.0,380.0,4.4,3,287.0
mercedes-benz,slk-class slk320,59500,gasoline,6-speed m/t,blue,beige,0,1,6500.0,215.0,3.2,25,2288.4615384615386
ford,transit-350 xl,134000,gasoline,a/t,silver,gray,0,1,26500.0,310.0,3.5,9,13400.0
buick,enclave premium,86281,gasoline,6-speed a/t,black,black,0,1,18900.0,288.0,3.6,12,6637.0
porsche,cayenne awd,34580,gasoline,a/t,black,red,0,1,56000.0,335.0,3.0,6,4940.0
hyundai,santa fe se,145000,gasoline,a/t,blue,gray,1,1,4200.0,242.0,3.3,19,7250.0
mazda,mazda6 signature,11737,gasoline,6-speed automatic,soul red crystal metallic,deep chestnut,0,1,33687.0,184.0,2.5,5,1956.1666666666667
tesla,model x performance,25535,missing,a/t,white,beige,0,1,68969.0,778.0,3.5,6,3647.8571428571427
jeep,wrangler unlimited sport,67499,gasoline,6-speed m/t,beige,black,0,1,27500.0,285.0,3.6,10,6136.272727272727
toyota,4runner sport,220450,gasoline,a/t,gray,gray,0,1,8550.0,245.0,4.0,22,9584.782608695652
chevrolet,silverado 1500 2lt,20200,gasoline,6-speed a/t,silver,gray,1,1,42950.0,355.0,5.3,8,2244.4444444444443
jaguar,xk8 base,40000,gasoline,5-speed a/t,blue,beige,0,1,15400.0,290.0,4.0,26,1481.4814814814815
mercedes-benz,gla-class gla 45 amg,80300,gasoline,7-speed a/t,black,black,1,1,22000.0,355.0,2.0,11,6691.666666666667
bmw,330 i xdrive,63150,gasoline,a/t,white,beige,0,1,21500.0,248.0,2.0,9,6315.0
volkswagen,atlas 3.6l se w/technology,48210,gasoline,transmission w/dual shift mode,silver,black,0,1,24999.0,276.0,3.6,8,5356.666666666667
nissan,juke sl,115359,gasoline,a/t,black,black,0,1,9950.0,188.0,1.6,14,7690.6
subaru,impreza 2.0i premium,90601,gasoline,cvt transmission,white,beige,0,1,26000.0,152.0,2.0,8,10066.777777777777
bmw,m5 base,132200,gasoline,6-speed m/t,blue,black,0,1,26900.0,400.0,5.0,26,4896.2962962962965
mercedes-benz,sprinter 2500 standard roof,4000,diesel,9-speed a/t,white,black,0,1,65000.0,211.0,2.0,3,1000.0
volkswagen,beetle 2.0t final edition se,32000,gasoline,transmission w/dual shift mode,gray,black,0,1,32750.0,174.0,2.0,7,4000.0
mini,countryman cooper s all4,95070,gasoline,6-speed a/t,blue,black,0,1,12750.0,181.0,1.6,10,8642.727272727272
nissan,rogue sl,148000,gasoline,a/t,white,–,0,1,13000.0,170.0,2.5,9,14800.0
lexus,ct 200h premium,125519,hybrid,cvt transmission,black,black,1,1,16000.0,134.0,1.8,12,9655.307692307691
infiniti,g37 x,90000,gasoline,transmission w/dual shift mode,silver,black,0,1,14500.0,328.0,3.7,13,6428.571428571428
audi,a6 2.0t sport,49650,gasoline,a/t,black,black,1,1,23750.0,252.0,2.0,8,5516.666666666667
nissan,altima 2.5 s,149800,gasoline,a/t,black,black,1,1,11600.0,182.0,2.5,11,12483.333333333334
chevrolet,blazer 1lt,37161,gasoline,9-speed automatic,nightfall gray metallic,jet black,0,1,26990.0,355.0,2.5,7,4645.125
dodge,ram 3500 quad cab drw,188000,missing,a/t,silver,gray,1,1,10000.0,345.0,5.7,26,6962.962962962963
ford,transit connect xlt,111700,e85 flex fuel,a/t,white,beige,0,1,15500.0,169.0,2.5,10,10154.545454545454
mercedes-benz,s-class s 550 4matic,72784,gasoline,7-speed a/t,blue,white,0,1,34900.0,449.0,4.7,10,6616.727272727273
cadillac,escalade base,150000,gasoline,a/t,white,beige,0,1,9999.0,403.0,6.2,19,7500.0
ford,transit connect xlt,140450,gasoline,4-speed a/t,red,gray,1,1,8500.0,136.0,2.0,14,9363.333333333334
lexus,is 250 base,132700,gasoline,a/t,black,black,1,1,10700.0,204.0,2.5,16,7805.882352941177
dodge,durango gt,49000,gasoline,a/t,white,black,0,1,40000.0,295.0,3.6,6,7000.0
chevrolet,corvette stingray w/2lt,2058,gasoline,a/t,gray,black,0,1,99175.0,490.0,6.2,3,514.5
jeep,wrangler unlimited sahara,23442,gasoline,a/t,white,beige,0,1,44500.0,285.0,3.6,7,2930.25
tesla,model 3 long range,23749,missing,1-speed automatic,white,black,0,0,35999.0,271.0,3.5,5,3958.1666666666665
toyota,4runner trd pro,35048,gasoline,5-speed automatic,lunar rock,black / graphite,0,0,52590.0,270.0,4.0,5,5841.333333333333
infiniti,qx60 base,91239,gasoline,a/t,gray,black,0,1,17500.0,265.0,3.5,10,8294.454545454546
porsche,911 carrera,2950,gasoline,8-speed a/t,green,black,0,1,99175.0,379.0,3.0,4,590.0
ford,f-150 xl,59678,gasoline,automatic,gray,black,0,1,33700.0,385.0,2.7,7,7459.75
bmw,m240 i xdrive,2010,gasoline,a/t,purple,black,0,1,55000.0,382.0,3.0,4,402.0
toyota,prius two,80354,hybrid,a/t,red,gray,1,1,13310.0,134.0,1.8,12,6181.076923076923
ford,expedition max xlt,105674,gasoline,10-speed a/t,white,beige,0,1,34995.0,375.0,3.5,8,11741.555555555555
toyota,tundra grade,92700,gasoline,6-speed a/t,gray,gray,1,1,20800.0,310.0,4.6,13,6621.428571428572
ford,edge titanium,101387,gasoline,6-speed a/t,black,beige,1,1,16000.0,245.0,2.0,10,9217.0
buick,envision essence,36544,gasoline,9-speed automatic,dark moon blue metallic,ebony,0,1,33290.0,281.5,2.0,5,6090.666666666667
audi,q7 55 prestige,41000,gasoline,a/t,white,beige,0,1,39900.0,329.0,3.0,7,5125.0
chrysler,town & country touring-l,115872,e85 flex fuel,a/t,black,black,0,1,9500.0,283.0,3.6,13,8276.57142857143
chevrolet,cruze ls,135603,gasoline,a/t,silver,black,0,1,7000.0,136.0,1.8,15,8475.1875
ford,f-150 lariat,26540,gasoline,a/t,white,black,0,1,46995.0,375.0,3.5,6,3791.4285714285716
jaguar,xf premium,35134,gasoline,a/t,gray,gray,1,1,12400.0,385.0,5.0,15,2195.875
jeep,wrangler unlimited rubicon,49990,gasoline,8-speed a/t,black,black,0,1,53000.0,270.0,2.0,6,7141.428571428572
ford,f-250 lariat,153818,diesel,6-speed a/t,gray,gray,1,1,29800.0,400.0,6.7,15,9613.625
jaguar,f-pace 35t premium,58060,gasoline,8-speed a/t,blue,beige,1,1,26000.0,340.0,3.0,9,5806.0
porsche,911 carrera s,36000,gasoline,7-speed a/t,black,black,0,1,84999.0,400.0,3.8,11,3000.0
ford,bronco badlands advanced,17000,gasoline,10-speed a/t,white,black,0,1,69999.0,315.0,2.7,4,3400.0
suzuki,sx4 base,99982,gasoline,m/t,orange,gray,1,1,6900.0,150.0,2.0,13,7141.571428571428
ford,ecosport ses,106000,gasoline,a/t,silver,black,1,1,12000.0,166.0,2.0,7,13250.0
toyota,land cruiser base,178416,missing,a/t,green,beige,0,1,9000.0,381.0,5.7,32,5406.545454545455
honda,civic ex,82500,gasoline,cvt transmission,silver,gray,0,1,15000.0,143.0,1.8,12,6346.153846153846
mercedes-benz,sprinter 2500 standard roof,41500,diesel,a/t,gray,black,0,1,61000.0,188.0,3.0,8,4611.111111111111
bmw,x3 xdrive28i,92984,gasoline,transmission w/dual shift mode,white,beige,1,1,17000.0,240.0,2.0,11,7748.666666666667
nissan,murano sl,120000,gasoline,a/t,silver,black,0,1,6750.0,240.0,3.5,19,6000.0
chevrolet,corvette stingray,25548,gasoline,8-speed a/t,gray,gray,0,1,49000.0,455.0,6.2,11,2129.0
ford,f-150 lariat,65441,gasoline,a/t,gray,black,0,1,38000.0,325.0,2.7,8,7271.222222222223
porsche,cayenne turbo,39611,gasoline,8-speed automatic,quartzite grey metallic,black,0,0,89900.0,500.0,4.0,6,5658.714285714285
toyota,sequoia sr5,154860,gasoline,6-speed a/t,silver,gray,0,1,17900.0,310.0,4.6,16,9109.411764705883
porsche,911 carrera s,7008,gasoline,8-speed a/t,gray,black,0,0,99175.0,443.0,3.0,5,1168.0
bmw,m8 gran coupe competition,21057,gasoline,transmission w/dual shift mode,gray,black,0,1,99175.0,617.0,4.4,4,4211.4
lexus,ct 200h base,39750,hybrid,a/t,black,black,0,1,21995.0,134.0,1.8,10,3613.6363636363635
aston martin,db7 vantage volante,14900,gasoline,6-speed m/t,white,beige,0,0,32850.0,420.0,5.9,23,620.8333333333334
chevrolet,impala 2lz,71312,gasoline,6-speed a/t,black,black,0,1,17899.0,305.0,3.6,8,7923.555555555556
porsche,911 carrera,43500,gasoline,7-speed a/t,black,black,0,1,66500.0,350.0,3.4,11,3625.0
bmw,x6 xdrive40i,34000,gasoline,8-speed a/t,white,brown,0,1,59335.0,335.0,3.0,6,4857.142857142857
subaru,ascent touring 7-passenger,32250,gasoline,a/t,black,black,1,1,36000.0,260.0,2.4,5,5375.0
volkswagen,routan se,194000,gasoline,transmission w/dual shift mode,black,gray,1,1,3500.0,283.0,3.6,15,12125.0
mercedes-benz,amg gls 63 4matic,2000,hybrid,9-speed a/t,gray,beige,0,1,99175.0,603.0,4.0,3,500.0
mercedes-benz,e-class e 300 4matic,53705,gasoline,a/t,black,black,1,1,25900.0,241.0,2.0,8,5967.222222222223
bentley,continental gt speed,714,gasoline,8-speed automatic with auto-shift,c / c,hotspur,0,1,99175.0,600.0,6.0,3,178.5
audi,s4 3.0t premium plus,10900,gasoline,transmission w/dual shift mode,black,black,0,1,53900.0,349.0,3.0,4,2180.0
porsche,taycan,2116,missing,automatic,black,black,0,0,90998.0,364.5,3.45,4,423.2
ford,f-150 raptor,33000,gasoline,a/t,blue,black,0,1,62999.0,450.0,3.5,6,4714.285714285715
bmw,x3 xdrive30i,43000,gasoline,a/t,gray,brown,1,1,40000.0,248.0,2.0,6,6142.857142857143
